1:1	시편 102:25, 이사야 42:5, 이사야 45:18, 로마서 1:20, 히브리서 1:10, 요한 계시록 4:11, 요한 계시록 10:6
1:2	잠언 8:27-28, 시편 33:6, 이사야 40:26, 시편 104:5-6
1:3	이사야 45:7, 고린도 후서 4:6
1:5	창세기 8:22
1:6	창세기 1:20, 베드로 후서 3:5
1:7	창세기 7:11, 잠언 8:27-28
1:9	욥기 38:8, 욥기 38:11, 시편 104:6-9, 시편 136:6
1:10	시편 95:5, 잠언 8:29, 신명기 32:4
1:12	시편 104:14
1:14	신명기 4:19, 시편 104:19, 창세기 8:22
1:16	시편 136:7-8, 시편 8:3, 예레미야 31:35
1:18	시편 74:16
1:20	창세기 2:19
1:22	느헤미야 9:6, 시편 104:25
1:24	창세기 2:19
1:26	잠언 8:30, 요한복음 1:3, 골로새서 1:16, 고린도 전서 11:7, 창세기 5:1, 야고보서 3:9, 창세기 9:2
1:27	시편 139:14, 마태복음 19:4, 마가복음 10:6, 고린도 전서 11:7, 고린도 전서 11:9
1:28	창세기 9:1, 창세기 2:15, 시편 8:4, 시편 8:6
1:29	창세기 9:3, 시편 104:14, 사도행전 14:17
1:30	시편 147:9, 마태복음 6:26
1:31	신명기 32:4, 시편 104:24, 디모데 전서 4:4
2:1	느헤미야 9:6, 시편 146:6
2:2	출애굽기 31:17, 히브리서 4:4
2:4	이사야 45:18
2:7	창세기 3:19, 시편 103:14, 전도서 3:20, 창세기 7:22, 이사야 42:5, 사도행전 17:25, 고린도 전서 15:45, 고린도 전서 15:47
2:8	창세기 2:15, 창세기 3:23, 창세기 1:26
2:9	창세기 3:22, 창세기 3:24, 요한 계시록 2:7, 창세기 2:17
2:14	다니엘 10:4, 창세기 10:8, 창세기 10:11, 창세기 15:18, 신명기 11:24
2:15	창세기 1:28, 창세기 2:8, 시편 115:16
2:16	창세기 2:8-9, 창세기 3:2
2:17	창세기 3:19, 시편 146:4, 전도서 9:5, 전도서 9:10, 에스겔 18:4, 로마서 5:12, 고린도 전서 15:22
2:18	고린도 전서 11:8-9, 디모데 전서 2:13
2:19	창세기 1:26
2:22	마가복음 10:9, 디모데 전서 2:13
2:23	고린도 전서 11:8
2:24	말라기 2:16, 마태복음 19:5, 마가복음 10:7-8, 로마서 7:2, 고린도 전서 6:16, 에베소서 5:31, 히브리서 13:4
2:25	창세기 3:7
3:1	고린도 후서 11:3, 요한 계시록 12:9, 요한 계시록 20:2, 창세기 2:17
3:2	창세기 2:16
3:3	창세기 2:8-9
3:4	요한복음 8:44, 요한 1서 3:8
3:5	창세기 3:22
3:6	고린도 후서 11:3, 디모데 전서 2:14, 야고보서 1:14-15, 로마서 5:12
3:7	창세기 3:21
3:11	창세기 2:25, 창세기 2:17
3:13	고린도 후서 11:3, 디모데 전서 2:14
3:14	창세기 3:1
3:15	요한 계시록 12:9, 요한 계시록 12:1, 요한복음 8:44, 요한 1서 3:10, 창세기 22:18, 창세기 49:10, 갈라디아서 3:16, 갈라디아서 3:29, 요한 계시록 12:7, 요한 계시록 12:17, 요한 계시록 20:2, 요한 계시록 20:10, 마태복음 27:50, 사도행전 3:15
3:17	창세기 2:17, 창세기 5:29, 로마서 8:20
3:19	창세기 2:7, 시편 104:29, 전도서 3:20, 전도서 12:7
3:20	사도행전 17:26
3:21	창세기 3:7
3:22	창세기 3:5, 창세기 2:9
3:23	창세기 2:8, 창세기 3:19
3:24	시편 80:1, 이사야 37:16, 에스겔 10:4
4:1	창세기 1:28, 요한 1서 3:10-12, 유다서 1:11
4:2	마태복음 23:35
4:4	출애굽기 13:12, 히브리서 11:4
4:8	마태복음 23:35, 요한 1서 3:10-12, 유다서 1:11
4:10	히브리서 12:24
4:11	창세기 9:5
4:16	창세기 2:8
4:17	창세기 5:4
4:24	창세기 4:15
4:25	창세기 4:8, 마태복음 23:35, 히브리서 11:4, 창세기 5:3, 역대기상 1:1
4:26	창세기 5:6, 누가복음 3:23, 누가복음 3:38
5:1	창세기 1:26, 야고보서 3:9
5:2	창세기 1:27, 마가복음 10:6, 창세기 2:23, 이사야 45:12, 마태복음 19:4
5:3	창세기 4:25
5:5	창세기 2:17, 창세기 3:19, 로마서 6:23, 고린도 전서 15:22
5:6	창세기 4:26, 누가복음 3:23, 누가복음 3:38
5:12	누가복음 3:23, 누가복음 3:37
5:15	누가복음 3:23, 누가복음 3:37
5:18	유다서 1:14
5:21	누가복음 3:23, 누가복음 3:37
5:24	창세기 6:9, 신명기 8:6, 신명기 13:4, 요한 3서 1:4, 유다서 1:14-15, 요한복음 3:13, 히브리서 11:5
5:25	누가복음 3:23, 누가복음 3:36
5:29	창세기 7:1, 에스겔 14:14, 마태복음 24:37, 히브리서 11:7, 베드로 전서 3:20, 베드로 후서 2:5, 창세기 3:17
5:32	창세기 10:21, 창세기 11:10, 누가복음 3:23, 누가복음 3:36, 창세기 6:10, 창세기 10:6, 창세기 10:2
6:2	욥기 1:6, 욥기 38:7, 베드로 후서 2:4, 유다서 1:6
6:3	창세기 7:4, 베드로 전서 3:20, 베드로 후서 3:9
6:5	창세기 8:21, 예레미야 17:9, 마태복음 15:19
6:6	시편 78:40-41
6:9	창세기 7:1, 에스겔 14:14, 히브리서 11:7, 베드로 후서 2:5
6:10	창세기 5:32
6:12	요한 계시록 11:18, 마태복음 24:37-39, 베드로 후서 2:5
6:13	창세기 7:4
6:14	히브리서 11:7, 창세기 14:10, 출애굽기 2:3
6:16	창세기 7:16
6:17	창세기 1:7, 창세기 7:6, 창세기 7:11, 창세기 7:21, 시편 104:29, 마태복음 24:39, 베드로 후서 2:5
6:18	창세기 7:13
6:19	창세기 8:17, 창세기 7:2
6:20	창세기 7:14-15
6:21	창세기 1:29-30
6:22	출애굽기 40:16, 히브리서 11:7
7:1	창세기 6:9, 히브리서 10:38, 히브리서 11:7, 베드로 전서 3:12, 베드로 후서 2:5, 베드로 후서 2:9
7:2	창세기 8:20
7:3	창세기 7:23, 창세기 8:19
7:4	창세기 7:11-12, 창세기 2:5, 창세기 6:7, 창세기 6:17
7:6	창세기 8:13
7:7	누가복음 17:27, 히브리서 11:7
7:8	창세기 6:19-20
7:11	창세기 1:7, 창세기 8:2
7:13	창세기 9:18, 역대기상 1:4, 창세기 6:18, 베드로 전서 3:20, 베드로 후서 2:5
7:19	베드로 후서 3:5-6
7:21	창세기 6:7, 창세기 6:17, 누가복음 17:27
7:22	창세기 2:7, 창세기 7:15, 전도서 3:19, 이사야 42:5
7:23	창세기 6:7, 베드로 후서 3:5-6, 마태복음 24:37-39, 베드로 전서 3:20, 베드로 후서 2:5, 베드로 후서 2:9
7:24	창세기 8:3
8:1	창세기 6:19-20, 히브리서 11:7
8:2	창세기 7:11-12
8:5	창세기 7:20
8:6	창세기 6:16
8:9	창세기 7:19
8:11	창세기 7:20, 창세기 8:3
8:13	창세기 7:6, 창세기 7:11
8:16	창세기 7:7, 베드로 전서 3:20, 베드로 후서 2:5
8:17	창세기 6:19-20, 창세기 7:14-15, 창세기 1:22
8:18	창세기 6:10
8:19	창세기 7:13-14
8:20	창세기 12:7, 창세기 7:2, 레위기 20:25, 신명기 27:6
8:21	창세기 3:17, 창세기 5:29, 창세기 6:5, 전도서 7:20, 마태복음 15:19, 창세기 6:7, 창세기 6:17, 창세기 9:11, 이사야 54:9
8:22	창세기 1:14, 시편 74:17, 전도서 1:4
9:1	창세기 1:28
9:2	창세기 1:26, 야고보서 3:7
9:3	디모데 전서 4:3, 창세기 1:29
9:4	레위기 17:11, 레위기 17:14, 레위기 3:17, 레위기 7:26, 레위기 17:10, 레위기 17:13, 신명기 12:16, 신명기 12:23, 사도행전 15:20, 사도행전 15:29, 사도행전 21:25
9:5	창세기 4:8, 창세기 4:10, 출애굽기 21:12
9:6	출애굽기 20:13, 민수기 35:30, 마태복음 26:52, 창세기 1:27
9:7	창세기 1:28, 창세기 10:32
9:9	창세기 9:15, 이사야 54:9
9:10	창세기 8:17
9:11	창세기 8:21
9:15	창세기 8:21
9:17	창세기 9:12-13
9:18	창세기 5:32, 창세기 7:7, 창세기 10:1, 창세기 10:6
9:19	창세기 10:32
9:25	신명기 7:1, 여호수아 17:13
9:26	사사기 1:28
9:28	창세기 7:6
10:1	누가복음 3:23, 누가복음 3:36, 창세기 9:18-19
10:2	에스겔 38:6, 에스겔 38:2, 이사야 66:19, 에스겔 27:13, 시편 120:5, 에스겔 32:26, 역대기상 1:5-7
10:3	예레미야 51:27, 에스겔 27:14, 에스겔 38:6
10:4	에스겔 27:7, 요나 1:3, 이사야 23:1
10:6	창세기 50:11, 예레미야 46:9, 나훔 3:9, 민수기 34:2, 역대기상 1:8-10
10:7	시편 72:10, 에스겔 27:22
10:10	다니엘 1:2, 창세기 11:9, 에스라 4:9
10:11	미가 5:6, 요나 3:3, 마태복음 12:41
10:13	예레미야 46:9, 역대기상 1:11-12
10:14	에스겔 29:14, 신명기 2:23, 여호수아 13:2-3, 예레미야 47:4
10:15	여호수아 13:6, 마가복음 7:24, 창세기 25:10, 창세기 27:46, 역대기상 1:13-16
10:16	사사기 1:21, 창세기 15:16, 신명기 3:8
10:17	여호수아 11:3
10:18	에스겔 27:11, 열왕기상 8:65
10:19	여호수아 15:20, 여호수아 15:47, 사도행전 8:26, 창세기 20:1, 창세기 13:10, 창세기 19:24, 유다서 1:7, 신명기 29:23
10:21	창세기 11:17
10:22	에스라 4:9, 사도행전 2:8-9, 에스겔 27:23, 창세기 11:10, 역대기상 1:17
10:24	창세기 11:12, 누가복음 3:23, 누가복음 3:35
10:25	창세기 11:16, 역대기상 1:19
10:26	역대기상 1:20-23
10:29	열왕기상 9:28, 열왕기상 10:11
10:31	창세기 10:5
10:32	창세기 9:7, 창세기 9:19, 사도행전 17:26
11:2	창세기 10:9-10, 다니엘 1:2
11:4	창세기 9:1
11:6	창세기 11:1
11:7	창세기 1:26
11:8	신명기 32:8
11:9	예레미야 50:1
11:10	창세기 6:10, 누가복음 3:23, 누가복음 3:36, 창세기 10:22, 역대기상 1:17
11:11	창세기 10:21
11:12	창세기 10:24, 역대기상 1:18, 누가복음 3:23, 누가복음 3:35
11:14	창세기 10:21, 역대기상 1:18
11:16	창세기 10:25, 역대기상 1:19
11:18	누가복음 3:23, 누가복음 3:35
11:24	창세기 11:32, 누가복음 3:23, 누가복음 3:34
11:26	창세기 12:7, 창세기 15:1, 창세기 15:6, 창세기 17:5, 야고보서 2:23, 여호수아 24:2
11:27	창세기 12:4, 창세기 19:1, 베드로 후서 2:7
11:28	사도행전 7:4, 창세기 15:7, 느헤미야 9:7
11:29	창세기 12:11, 창세기 17:15, 창세기 20:12-13, 베드로 전서 3:6, 창세기 22:20, 창세기 24:15
11:30	창세기 16:1-2, 로마서 4:19, 히브리서 11:11
11:31	창세기 11:27-28, 창세기 10:19, 창세기 12:4, 창세기 27:42-43, 사도행전 7:2, 사도행전 7:4
12:1	여호수아 24:3, 사도행전 7:3-4
12:2	창세기 13:14, 창세기 13:16, 창세기 15:1, 창세기 15:5, 창세기 17:5, 창세기 22:17-18, 신명기 26:5
12:3	창세기 27:29-30, 사도행전 3:25, 갈라디아서 3:8
12:4	히브리서 11:8
12:5	창세기 11:29, 창세기 11:31, 창세기 13:5-6, 창세기 26:3
12:6	사도행전 7:15-16, 창세기 35:4, 신명기 11:29-30
12:7	창세기 3:15, 창세기 21:12, 창세기 28:13-14, 로마서 9:7, 갈라디아서 3:16, 창세기 13:14-15, 창세기 15:1, 창세기 15:7, 창세기 17:1, 창세기 17:8, 신명기 34:4
12:8	창세기 28:16-19, 창세기 31:13, 창세기 13:1, 창세기 13:3, 여호수아 7:2, 창세기 8:20, 창세기 35:2-3, 창세기 26:25
12:9	창세기 20:1, 창세기 24:62
12:10	시편 105:13, 창세기 26:1-2
12:11	창세기 26:7
12:13	창세기 20:11-12
12:16	창세기 20:14, 창세기 24:34-35
12:17	창세기 11:29, 창세기 17:15, 창세기 23:2, 창세기 23:19
12:19	창세기 20:11-12
12:20	시편 105:14
13:1	창세기 12:9, 창세기 20:1
13:2	창세기 24:34-35
13:3	창세기 12:8-9, 여호수아 7:2
13:7	창세기 10:19
13:8	창세기 11:27
13:10	창세기 19:20-22, 창세기 19:28, 창세기 2:8-9
13:12	창세기 19:28-29
13:13	창세기 18:20, 창세기 19:5, 베드로 후서 2:6-8, 유다서 1:7
13:15	창세기 12:7, 창세기 15:18, 창세기 24:7, 출애굽기 33:1
13:16	창세기 12:2, 창세기 15:1, 창세기 15:5, 출애굽기 1:7, 히브리서 11:12
13:18	창세기 23:2, 창세기 18:1, 창세기 23:19, 창세기 25:9-10, 창세기 35:27, 창세기 12:7
14:1	창세기 10:9-10, 창세기 10:22, 창세기 14:17
14:2	창세기 10:19, 창세기 13:12, 창세기 13:10, 창세기 13:12, 신명기 29:23
14:3	창세기 14:10, 민수기 34:2, 민수기 34:12
14:5	신명기 2:10-11
14:6	창세기 36:8, 신명기 2:12
14:7	민수기 20:1, 창세기 36:12, 사무엘상 15:2, 역대기하 20:2, 창세기 10:15-16
14:9	창세기 14:1-2
14:11	창세기 14:16
14:12	창세기 19:1
14:13	창세기 13:18, 창세기 14:24
14:14	창세기 11:27, 사사기 18:29
14:17	사무엘하 18:18
14:18	히브리서 7:1-2, 시편 110:4, 히브리서 6:20, 시편 83:18, 히브리서 5:5, 히브리서 5:10
14:20	히브리서 7:4
14:24	창세기 14:13
15:1	시편 27:1, 이사야 41:10, 로마서 8:31, 히브리서 13:6, 신명기 33:29, 잠언 30:5, 창세기 17:5-6
15:2	창세기 24:2-3
15:3	창세기 12:7, 사도행전 7:5
15:4	창세기 17:15-16, 창세기 21:12
15:5	창세기 22:17, 신명기 1:10, 로마서 4:18, 히브리서 11:12
15:6	히브리서 11:8, 로마서 4:13, 로마서 4:22, 갈라디아서 3:6, 야고보서 2:23
15:7	창세기 11:31, 느헤미야 9:7
15:13	창세기 21:9, 출애굽기 1:13-14, 출애굽기 3:7, 사도행전 7:6-7
15:14	출애굽기 7:4, 민수기 33:4, 출애굽기 3:22, 시편 105:37
15:15	창세기 25:8
15:16	여호수아 14:1, 사도행전 7:7, 열왕기상 21:26, 열왕기하 21:11
15:18	창세기 17:19, 창세기 22:17, 열왕기상 4:21, 출애굽기 3:8
15:19	사무엘상 15:6
15:20	여호수아 1:4, 출애굽기 3:17, 여호수아 17:15
15:21	신명기 7:1
16:1	창세기 15:2-3, 갈라디아서 4:25
16:2	창세기 30:1, 창세기 30:3
16:7	창세기 25:17-18, 출애굽기 15:22
16:10	창세기 17:20, 창세기 25:13-16, 역대기상 1:29-31
16:13	잠언 15:3
16:15	창세기 21:9, 갈라디아서 4:22, 갈라디아서 4:24
17:2	창세기 15:18, 시편 105:8-11, 창세기 22:17, 신명기 1:10, 히브리서 11:11-12
17:4	시편 105:9-11, 창세기 13:16, 로마서 4:17
17:6	창세기 35:10-11
17:7	누가복음 1:72-73
17:8	출애굽기 6:4, 히브리서 11:8-9, 신명기 14:2
17:10	창세기 21:4, 로마서 2:29
17:11	사도행전 7:8, 로마서 4:11
17:12	누가복음 2:21
17:13	출애굽기 12:44
17:15	창세기 11:29
17:16	창세기 18:10
17:17	창세기 18:12, 로마서 4:19, 히브리서 11:11
17:18	창세기 16:11
17:19	마태복음 1:2, 창세기 26:24
17:20	창세기 16:10, 창세기 21:13, 창세기 21:18, 창세기 25:13-16, 역대기상 1:29-31
17:21	창세기 18:10, 창세기 18:14, 창세기 21:1, 창세기 26:3, 히브리서 11:8-9
17:23	창세기 17:13
17:24	사도행전 7:8, 로마서 4:11
17:25	창세기 16:16
18:1	창세기 16:7, 사사기 13:21, 창세기 13:18, 창세기 14:13
18:2	창세기 19:1
18:4	창세기 19:2, 창세기 24:32
18:8	히브리서 13:2
18:9	창세기 17:15
18:10	창세기 17:21, 창세기 21:2, 로마서 9:9
18:11	창세기 17:17, 로마서 4:19
18:12	히브리서 11:11, 베드로 전서 3:6
18:14	이사야 40:29, 마태복음 19:26, 누가복음 1:36-37
18:16	창세기 13:12
18:17	시편 25:14, 아모스 3:7
18:18	창세기 12:1-3, 갈라디아서 3:14
18:19	신명기 4:9
18:20	베드로 후서 2:7-8, 창세기 13:13, 유다서 1:7
18:21	창세기 11:5, 출애굽기 3:7-8, 시편 14:2
18:22	창세기 31:11, 창세기 32:30
18:23	민수기 16:22
18:25	시편 37:10-11, 잠언 29:16, 말라기 3:18, 마태복음 13:49, 신명기 32:4, 욥기 34:12, 이사야 33:22
18:28	민수기 14:18, 시편 86:15
18:30	출애굽기 34:6
18:33	창세기 18:2, 창세기 18:22
19:1	창세기 18:2, 창세기 18:22
19:5	유다서 1:7
19:8	사사기 19:23-24
19:13	창세기 13:13, 창세기 18:20
19:14	누가복음 17:28
19:15	누가복음 17:29-31
19:16	출애굽기 33:19, 베드로 후서 2:7-9
19:17	누가복음 9:62, 창세기 13:10
19:19	시편 143:11, 시편 6:4
19:21	시편 34:15, 창세기 19:30, 시편 68:20
19:22	베드로 후서 3:9, 창세기 14:2
19:24	신명기 29:23, 누가복음 17:29, 베드로 후서 2:6
19:25	창세기 13:10
19:26	누가복음 17:32, 히브리서 10:38
19:27	창세기 18:2, 창세기 18:22
19:28	유다서 1:7
19:29	베드로 후서 2:7-8
19:30	창세기 19:20, 창세기 19:22, 창세기 19:17
19:37	신명기 2:9, 역대기상 18:2
19:38	신명기 2:19, 사사기 11:4, 느헤미야 13:1, 스바냐 2:9
20:1	창세기 13:18, 민수기 13:26, 창세기 25:17-18, 창세기 10:19, 창세기 26:6
20:2	창세기 12:11-13, 창세기 20:11-12, 창세기 12:15
20:3	창세기 12:17, 시편 105:14, 신명기 22:22
20:7	시편 105:14-15, 욥기 42:8
20:10	창세기 12:18-19, 창세기 26:9-10
20:11	창세기 12:11-12, 창세기 26:7
20:12	창세기 11:29
20:13	창세기 12:1, 창세기 12:13
20:16	창세기 20:2, 창세기 20:12
20:18	창세기 12:17
21:1	창세기 18:10
21:2	히브리서 11:11, 창세기 17:21, 창세기 18:10, 창세기 18:14, 로마서 9:9
21:3	창세기 17:19, 여호수아 24:3, 로마서 9:7
21:4	창세기 17:12, 레위기 12:3, 사도행전 7:8
21:9	창세기 16:4, 창세기 16:15, 창세기 15:13, 갈라디아서 4:22, 갈라디아서 4:29
21:10	창세기 15:2, 창세기 15:4, 갈라디아서 4:30
21:11	창세기 17:18
21:12	창세기 17:19, 로마서 9:7, 히브리서 11:18
21:13	갈라디아서 4:22, 창세기 16:9-10, 창세기 17:20, 창세기 25:12, 창세기 25:16
21:14	창세기 25:5-6, 창세기 22:19
21:17	창세기 16:11, 창세기 16:7-8
21:18	역대기상 1:29-31
21:20	창세기 16:16
21:21	민수기 10:12
21:22	창세기 20:17-18, 창세기 26:26, 창세기 26:28
21:23	창세기 20:14-15
21:25	창세기 26:15, 창세기 26:20
21:31	창세기 26:32-33
21:32	창세기 26:26, 창세기 26:28, 창세기 10:13-14, 창세기 26:1
21:33	시편 90:2, 이사야 40:28, 디모데 전서 1:17, 창세기 12:8-9, 창세기 26:25
21:34	히브리서 11:8-9
22:1	히브리서 11:17
22:2	요한복음 3:16, 창세기 17:19, 여호수아 24:3, 로마서 9:7, 역대기하 3:1
22:8	요한복음 1:29, 베드로 전서 1:18-19
22:9	요한복음 10:17-18
22:10	히브리서 11:17
22:12	히브리서 11:17-19, 야고보서 2:21
22:14	창세기 22:2, 역대기하 3:1
22:16	히브리서 6:13-14, 요한복음 3:16, 로마서 8:32, 히브리서 11:17
22:17	창세기 13:14, 창세기 13:16, 창세기 15:1, 창세기 15:5, 사도행전 3:25, 시편 2:8, 다니엘 2:44
22:18	창세기 3:15, 로마서 9:7, 갈라디아서 3:16, 갈라디아서 3:8
22:19	창세기 21:31
22:20	창세기 11:26, 창세기 11:29
22:22	창세기 25:20
22:23	창세기 24:15, 로마서 9:10
23:1	창세기 17:17
23:2	창세기 12:5, 여호수아 14:15, 창세기 35:27, 민수기 13:22
23:3	창세기 10:15
23:4	창세기 17:1, 창세기 17:8, 히브리서 11:9, 히브리서 11:13
23:6	창세기 21:22
23:7	역대기상 1:13
23:9	창세기 23:15, 창세기 25:9-10, 창세기 49:29-33, 창세기 50:13-14
23:10	룻기 4:1
23:16	사도행전 7:15-16
23:20	창세기 25:9-10, 창세기 49:29-33, 창세기 50:13-14
24:1	창세기 13:2
24:2	창세기 15:2-3
24:3	창세기 28:1, 신명기 7:1, 신명기 7:3, 고린도 후서 6:14
24:4	창세기 22:20-23
24:5	창세기 11:27-28, 창세기 15:7
24:6	히브리서 11:15
24:7	창세기 12:1, 히브리서 11:8, 히브리서 11:18, 창세기 13:14-15, 창세기 26:3-4, 신명기 34:4, 사도행전 7:4-5, 미가 7:20, 누가복음 1:72-73, 히브리서 6:13-14, 히브리서 1:7, 히브리서 1:14, 창세기 12:5
24:9	창세기 24:2-3
24:15	창세기 11:26, 창세기 11:29, 창세기 22:23
24:24	창세기 11:29, 창세기 22:23
24:29	창세기 25:20, 창세기 29:10
24:34	창세기 15:2-3
24:35	창세기 12:15-16, 창세기 13:2, 창세기 24:1
24:36	창세기 21:1-2, 로마서 4:19, 히브리서 11:11, 창세기 25:5
24:37	창세기 24:2-3, 창세기 28:1
24:38	창세기 22:20-23, 창세기 24:4
24:39	창세기 24:5
24:40	창세기 48:15, 히브리서 1:7, 히브리서 1:14, 창세기 11:25
24:41	창세기 24:9
24:43	창세기 24:16
24:44	창세기 24:14
24:45	창세기 24:15, 창세기 24:17
24:46	창세기 24:18
24:47	창세기 24:22-23
24:48	창세기 24:27
24:49	창세기 24:8
24:59	창세기 28:5, 창세기 35:8
24:60	창세기 22:15, 창세기 22:17
24:62	창세기 16:14, 창세기 25:11, 창세기 12:9, 창세기 20:1, 민수기 13:22, 사사기 1:9
24:63	시편 77:12, 시편 143:5
24:67	히브리서 11:9, 창세기 26:8, 창세기 23:2, 창세기 23:19
25:2	창세기 37:28, 출애굽기 2:15, 민수기 31:2, 사사기 6:2, 역대기상 1:32-33
25:5	창세기 24:36
25:6	창세기 21:14
25:9	창세기 23:8-9, 창세기 49:29-30
25:10	창세기 23:2, 창세기 23:19
25:11	창세기 17:19, 창세기 26:12-14, 창세기 16:14
25:12	갈라디아서 4:24, 창세기 16:10-11
25:13	창세기 36:2-3, 이사야 60:7, 시편 120:5, 예레미야 49:28, 에스겔 27:21, 역대기상 1:29-31
25:16	창세기 17:20
25:18	창세기 16:7-8, 사무엘상 15:7, 창세기 16:11-12
25:19	창세기 22:2, 마태복음 1:1-2
25:20	창세기 22:23
25:22	로마서 9:10
25:23	시편 139:15, 창세기 36:31, 민수기 20:14, 창세기 27:29-30, 신명기 2:4, 사무엘하 8:14, 말라기 1:2-3, 로마서 9:10-13
25:25	창세기 27:11, 창세기 27:32, 창세기 36:9, 말라기 1:3
25:26	호세아 12:3, 창세기 27:36
25:27	창세기 27:3, 창세기 27:5, 히브리서 11:9
25:28	창세기 27:6-7, 창세기 27:46
25:30	창세기 36:1
25:31	신명기 21:16-17
25:33	히브리서 12:16
26:1	창세기 12:10
26:3	창세기 20:1, 히브리서 11:8-9, 창세기 12:7, 창세기 15:18, 창세기 22:16-18, 시편 105:9-11, 히브리서 6:13-14
26:4	창세기 15:1, 창세기 15:5, 히브리서 11:12, 신명기 34:4, 창세기 12:1-3, 사도행전 3:25, 갈라디아서 3:8
26:5	창세기 17:10, 창세기 17:23, 창세기 22:3, 창세기 22:12, 히브리서 11:8, 야고보서 2:21
26:6	창세기 26:17
26:7	창세기 12:11-13, 창세기 24:16
26:8	창세기 24:67
26:9	창세기 20:11
26:10	창세기 12:18, 창세기 20:9
26:12	창세기 24:34-35
26:14	창세기 12:16
26:15	창세기 21:27, 창세기 21:30
26:17	창세기 10:19, 창세기 20:1
26:18	창세기 21:25, 창세기 21:31
26:22	창세기 17:5-6, 창세기 28:1, 창세기 28:3
26:23	창세기 21:31
26:24	창세기 17:1, 창세기 28:13, 창세기 15:1, 창세기 17:19, 시편 105:9-11
26:25	창세기 12:8-9, 히브리서 11:9
26:26	창세기 21:32
26:28	창세기 21:22, 창세기 21:27
26:31	창세기 21:22-24
26:32	창세기 26:18
26:33	사사기 20:1
26:34	창세기 36:2-3
26:35	창세기 27:46, 창세기 28:8
27:1	창세기 25:28
27:3	창세기 25:27
27:5	창세기 27:30
27:6	창세기 25:28
27:7	창세기 27:30-31
27:8	창세기 27:13, 창세기 27:43
27:11	창세기 25:25, 창세기 27:23
27:12	창세기 27:21
27:13	창세기 27:8, 창세기 27:43
27:15	창세기 25:23, 창세기 25:26
27:16	창세기 25:25, 창세기 27:11
27:17	창세기 27:9
27:19	창세기 25:31-33, 로마서 9:10-12, 창세기 27:4
27:21	창세기 27:11-12
27:22	창세기 27:16
27:23	히브리서 11:20
27:26	창세기 48:10
27:27	창세기 25:27, 창세기 27:15
27:28	신명기 11:11, 민수기 13:26-27, 창세기 27:37, 신명기 7:13
27:29	창세기 25:23, 창세기 12:1, 창세기 12:3, 창세기 28:1, 창세기 28:3, 창세기 31:42, 에스겔 25:12-13
27:30	창세기 27:3
27:32	창세기 25:25, 창세기 25:31, 히브리서 12:16
27:34	히브리서 12:16-17
27:36	창세기 25:26, 창세기 32:28, 호세아 12:3, 창세기 25:32-34, 창세기 27:28
27:37	창세기 25:23, 창세기 27:29, 로마서 9:10, 로마서 9:12, 신명기 33:28
27:38	히브리서 12:16-17
27:39	여호수아 24:4, 히브리서 11:20
27:40	창세기 32:6, 민수기 20:18, 창세기 25:23, 사무엘하 8:14, 말라기 1:2-3, 열왕기하 8:20, 역대기하 28:17
27:41	아모스 1:11, 창세기 35:28-29
27:43	창세기 28:5
27:46	창세기 26:34-35, 창세기 28:8, 창세기 24:2-3
28:1	창세기 24:34, 창세기 24:37, 출애굽기 34:15-16, 열왕기상 11:1-3, 고린도 후서 6:14
28:2	창세기 29:16
28:3	창세기 17:5, 창세기 46:15, 창세기 46:19, 역대기상 2:1-2
28:4	창세기 12:2-3, 창세기 12:7, 창세기 15:13, 창세기 17:1, 창세기 17:8, 히브리서 11:9
28:5	창세기 25:20, 창세기 24:29
28:6	창세기 28:1, 고린도 후서 6:14
28:7	창세기 27:43
28:8	창세기 27:46
28:9	창세기 36:2-3
28:10	창세기 11:31, 창세기 27:43
28:11	창세기 28:18-19
28:12	요한복음 1:51, 히브리서 1:7, 히브리서 1:14
28:13	창세기 26:24-25, 창세기 12:7, 창세기 28:4, 시편 105:9-11
28:14	창세기 13:14, 창세기 13:16, 열왕기상 4:20, 창세기 18:18, 창세기 22:15, 창세기 22:18
28:15	창세기 35:6, 창세기 31:3, 민수기 23:19, 여호수아 23:14, 히브리서 6:18
28:17	시편 47:2, 창세기 35:1
28:18	창세기 31:13
28:19	창세기 35:6, 여호수아 16:1-2
28:22	창세기 35:1
29:4	창세기 27:42-43, 사도행전 7:2
29:5	창세기 24:24, 창세기 31:53, 창세기 24:29
29:6	창세기 46:19, 룻기 4:11
29:13	창세기 24:29
29:15	창세기 28:5, 창세기 30:27-28, 창세기 31:7
29:16	룻기 4:11
29:18	창세기 31:41
29:20	창세기 30:26, 호세아 12:12
29:24	창세기 16:1-2, 창세기 30:9, 창세기 46:18
29:25	창세기 31:7, 창세기 31:42
29:27	창세기 31:41
29:29	창세기 35:22, 창세기 30:1, 창세기 30:3
29:30	호세아 12:12
29:31	창세기 46:15, 룻기 4:11, 창세기 30:22
29:32	창세기 30:20, 사무엘상 1:5-6, 누가복음 1:24-25, 창세기 35:22, 창세기 37:22, 창세기 49:3-4, 출애굽기 6:14, 역대기상 5:1
29:33	창세기 34:25, 창세기 49:5, 역대기상 4:24
29:34	창세기 34:25, 창세기 49:5, 출애굽기 6:16, 민수기 3:12, 역대기상 6:1
29:35	창세기 35:23, 창세기 37:26, 창세기 44:18, 창세기 49:8, 역대기상 2:3, 요한 계시록 5:5
30:3	창세기 29:29
30:4	창세기 35:22
30:6	창세기 35:25, 창세기 46:23, 창세기 49:16
30:8	창세기 35:25, 창세기 46:24, 창세기 49:21, 신명기 33:23
30:9	창세기 35:26
30:11	창세기 49:19, 민수기 32:33
30:13	누가복음 1:46, 누가복음 1:48, 창세기 35:26, 창세기 46:17, 창세기 49:20, 신명기 33:24
30:14	창세기 29:32
30:15	창세기 29:30
30:18	창세기 35:23, 창세기 46:13, 창세기 49:14, 신명기 33:18
30:19	룻기 4:11
30:20	창세기 35:23, 창세기 46:15, 시편 127:3, 창세기 29:32, 창세기 46:14, 창세기 49:13, 신명기 33:18
30:21	창세기 34:1
30:22	창세기 29:31
30:23	누가복음 1:24-25
30:24	창세기 35:24, 창세기 45:4, 신명기 33:13, 사도행전 7:9
30:25	창세기 28:15, 창세기 31:13
30:26	창세기 31:41, 호세아 12:12
30:28	창세기 31:7
30:29	창세기 31:38
30:30	창세기 32:9-10
30:31	호세아 12:12
30:32	창세기 31:7
30:34	창세기 31:8
30:42	창세기 31:9
30:43	창세기 32:5, 창세기 36:6-7
31:1	창세기 30:33
31:2	창세기 30:27
31:3	창세기 28:15, 창세기 32:9, 창세기 35:27
31:5	창세기 30:27, 창세기 48:15
31:6	창세기 30:29-30
31:8	창세기 30:32
31:10	창세기 30:39
31:12	창세기 29:25, 창세기 31:39
31:13	창세기 12:8-9, 창세기 35:15, 창세기 28:18, 창세기 28:22, 창세기 35:14, 창세기 37:1
31:15	창세기 31:41, 호세아 12:12
31:16	창세기 31:1, 창세기 31:3
31:17	창세기 33:13
31:18	창세기 30:42-43, 창세기 35:27
31:19	창세기 35:2, 여호수아 24:2, 창세기 31:14
31:21	창세기 15:18, 민수기 32:1
31:24	창세기 20:3, 창세기 25:20, 호세아 12:12, 시편 105:15
31:29	창세기 31:24
31:30	창세기 31:19, 창세기 35:2
31:33	창세기 46:18, 창세기 46:25
31:35	레위기 15:19, 창세기 31:19
31:38	창세기 30:27
31:39	사무엘상 17:34
31:40	창세기 47:9
31:41	창세기 31:7
31:42	창세기 28:13, 창세기 31:29, 창세기 31:53, 창세기 31:24
31:45	창세기 28:18
31:48	창세기 31:22-23
31:52	창세기 31:44-45
31:53	창세기 17:1, 창세기 17:7, 창세기 31:42
31:55	창세기 31:28, 창세기 24:59-60, 창세기 27:43, 창세기 28:2
32:3	창세기 27:39, 창세기 36:8, 신명기 2:5, 여호수아 24:4, 창세기 25:30
32:4	창세기 31:41
32:5	창세기 30:43, 창세기 33:11
32:6	창세기 33:1-2
32:7	창세기 27:41, 창세기 32:11
32:9	창세기 31:3, 창세기 31:13
32:10	창세기 28:15, 시편 100:5, 창세기 28:10, 창세기 30:43, 창세기 32:7
32:11	시편 34:4, 창세기 27:41
32:12	창세기 28:14, 창세기 46:2-3, 출애굽기 1:7, 출애굽기 32:13, 사도행전 7:17
32:13	창세기 33:10
32:15	창세기 30:43
32:18	창세기 33:8
32:20	창세기 43:11, 사무엘상 25:18
32:22	창세기 29:30, 룻기 4:11, 창세기 30:3, 창세기 30:9, 신명기 3:16, 여호수아 12:2, 사사기 11:13
32:24	호세아 12:3
32:25	창세기 32:31-32
32:26	호세아 12:4
32:28	창세기 35:10, 호세아 12:3
32:29	사사기 13:17-18
32:30	창세기 16:7, 창세기 16:13, 사사기 6:22, 요한복음 1:18, 열왕기상 12:25
32:31	창세기 32:25
33:1	창세기 32:6, 창세기 32:22
33:2	창세기 30:7, 창세기 30:12, 창세기 30:19, 창세기 30:22-24
33:5	창세기 32:22, 시편 127:3
33:7	창세기 33:2
33:8	창세기 32:16, 창세기 32:4-5
33:9	창세기 36:6-7
33:10	창세기 32:11, 창세기 32:20
33:11	창세기 32:13-15, 창세기 30:43
33:13	창세기 31:17
33:14	창세기 32:3
33:17	여호수아 13:24, 여호수아 13:27, 열왕기상 7:46
33:18	창세기 25:20, 창세기 28:6, 창세기 10:19, 창세기 12:6, 여호수아 24:1
33:19	여호수아 24:32, 사도행전 7:15-16
33:20	창세기 35:1, 창세기 35:7
34:1	창세기 30:19, 창세기 30:21, 창세기 46:15, 창세기 26:34-35, 창세기 27:46
34:2	신명기 7:1, 역대기상 1:13-15
34:4	창세기 33:18-19
34:7	사무엘하 13:22, 히브리서 13:4
34:9	창세기 24:2-3
34:12	창세기 24:53, 호세아 3:2
34:14	창세기 17:9, 창세기 17:12
34:15	창세기 17:10
34:18	창세기 33:18-19, 창세기 34:2
34:19	창세기 34:15
34:20	스가랴 8:16
34:21	창세기 34:8-9
34:22	창세기 17:11
34:25	창세기 46:15, 창세기 49:5-7
34:27	창세기 34:2
34:30	창세기 49:5
35:1	창세기 28:19, 창세기 31:13, 창세기 27:42-44
35:2	창세기 31:19, 신명기 5:7, 여호수아 23:7, 고린도 전서 10:14
35:3	창세기 28:13, 창세기 28:15, 창세기 31:42
35:6	창세기 28:19
35:7	창세기 28:20-22
35:8	창세기 24:59
35:10	창세기 25:26, 창세기 27:36, 창세기 32:28
35:11	창세기 17:1, 출애굽기 6:3, 요한 계시록 15:3, 창세기 48:3-4, 창세기 17:5-6, 요한복음 12:13
35:12	창세기 15:18, 신명기 34:4
35:14	창세기 28:18
35:15	창세기 28:19
35:17	창세기 30:22-24
35:18	창세기 46:21, 창세기 49:27, 신명기 33:12
35:19	창세기 48:7, 미가 5:2, 마태복음 2:6
35:22	창세기 49:3-4, 역대기상 5:1
35:23	창세기 49:3
35:27	창세기 31:17-18, 창세기 15:13, 히브리서 11:9
35:28	창세기 25:20, 창세기 25:26
35:29	창세기 49:30-31
36:1	창세기 25:30, 에스겔 25:12-13, 로마서 9:13
36:2	창세기 26:34, 창세기 36:10, 창세기 36:18
36:3	창세기 25:13, 창세기 28:9, 창세기 36:17
36:5	역대기상 1:35
36:6	창세기 33:9, 창세기 27:39, 창세기 32:3
36:8	창세기 14:6, 신명기 2:5, 창세기 25:30
36:9	신명기 2:12
36:10	역대기상 1:35
36:11	창세기 36:34, 창세기 36:40, 창세기 36:42, 역대기상 1:36
36:12	출애굽기 17:8, 민수기 13:29, 민수기 24:20, 신명기 25:19, 사무엘상 15:8, 사무엘상 30:1
36:13	창세기 26:34
36:15	출애굽기 15:15, 역대기상 1:53-54
36:16	역대기상 1:36
36:17	민수기 20:23, 열왕기상 9:26
36:19	창세기 25:30, 창세기 32:3
36:20	창세기 14:6, 신명기 2:12, 신명기 2:22, 역대기상 1:40
36:21	역대기상 1:38
36:22	역대기상 1:39
36:24	창세기 36:2
36:26	역대기상 1:41
36:28	역대기상 1:42
36:30	역대기상 1:38
36:31	민수기 20:14, 신명기 17:14-15, 사무엘상 10:19, 역대기상 1:43-50
36:35	창세기 25:1-2, 출애굽기 2:15, 민수기 31:2
36:40	역대기상 1:51-54
36:43	신명기 2:5, 창세기 25:30, 창세기 36:8
37:1	창세기 23:3-4, 창세기 28:1, 창세기 28:4, 히브리서 11:8-9
37:2	창세기 30:25, 창세기 46:19, 창세기 35:25, 창세기 35:26, 창세기 47:3
37:3	역대기상 2:1-2
37:5	창세기 37:19
37:7	창세기 42:6, 창세기 42:9
37:8	창세기 45:8, 창세기 49:26
37:9	창세기 44:14, 창세기 45:9
37:11	사도행전 7:9
37:12	창세기 33:18
37:14	창세기 23:19, 창세기 35:27
37:19	창세기 37:5
37:21	창세기 49:3, 창세기 9:5, 출애굽기 20:13
37:22	창세기 4:8, 창세기 4:10, 창세기 42:22, 창세기 42:21
37:23	창세기 37:3
37:25	창세기 25:12, 창세기 43:11
37:26	창세기 4:8, 창세기 4:10
37:27	사도행전 7:9
37:28	창세기 25:1-2, 창세기 40:15, 창세기 45:4, 시편 105:17
37:32	창세기 37:3
37:35	창세기 42:38, 창세기 44:29, 시편 89:48, 전도서 9:10, 호세아 13:14, 사도행전 2:27, 요한 계시록 20:13
37:36	창세기 40:2-3, 창세기 39:1
38:2	창세기 24:2-3, 창세기 28:1
38:3	민수기 26:19
38:5	여호수아 19:29, 여호수아 19:31
38:6	마태복음 1:3
38:8	신명기 25:5-6, 마태복음 22:24
38:9	룻기 4:6, 신명기 25:7, 신명기 25:9
38:10	역대기상 2:3
38:11	민수기 26:19
38:12	창세기 38:2, 창세기 38:1, 여호수아 15:10, 여호수아 15:12, 사사기 14:1
38:14	신명기 25:5
38:16	창세기 38:11
38:18	창세기 41:42, 열왕기상 21:8
38:20	창세기 38:1
38:24	레위기 21:9
38:25	창세기 38:16, 창세기 38:18
38:26	창세기 38:11, 신명기 25:5
38:29	창세기 46:12, 룻기 4:12, 역대기상 2:4, 누가복음 3:23, 누가복음 3:33
38:30	마태복음 1:3
39:1	시편 105:17, 사도행전 7:9, 창세기 37:36, 창세기 17:20, 창세기 37:25
39:2	로마서 8:31, 히브리서 13:6
39:5	창세기 30:27
39:9	창세기 2:24, 창세기 20:3, 창세기 20:6, 시편 51:0, 시편 51:4, 마가복음 10:7-8, 히브리서 13:4
39:20	시편 105:17-18
39:21	창세기 40:2-3, 시편 105:19, 사도행전 7:9
39:22	창세기 39:6
39:23	창세기 49:22, 창세기 49:25, 사도행전 7:9-10
40:1	창세기 40:11
40:2	창세기 40:20-22
40:3	창세기 37:36, 창세기 39:20, 시편 105:17-18
40:4	창세기 39:22
40:8	창세기 41:15-16, 다니엘 2:28, 다니엘 2:45
40:13	창세기 41:12-13, 창세기 40:20-21
40:15	창세기 37:28, 창세기 39:7-8
40:19	창세기 40:20, 창세기 40:22
40:20	마가복음 6:21
40:22	창세기 40:8
40:23	창세기 40:14
41:1	다니엘 2:1
41:2	창세기 41:18-21
41:5	창세기 41:22-24
41:10	창세기 40:2-3
41:11	창세기 40:5
41:12	창세기 39:1, 창세기 40:8
41:13	창세기 40:21-22
41:14	시편 105:20, 창세기 40:15
41:15	다니엘 5:12, 사도행전 7:9-10
41:16	창세기 40:8, 다니엘 2:23, 다니엘 2:28
41:18	창세기 41:2-4
41:22	창세기 41:5-7
41:24	창세기 41:8, 다니엘 2:2, 다니엘 2:27, 다니엘 4:7
41:25	다니엘 2:28, 아모스 3:7
41:30	사도행전 7:11
41:34	창세기 41:26, 창세기 41:47
41:35	창세기 41:48-49, 사도행전 7:12
41:36	창세기 45:9, 창세기 45:11, 창세기 47:13, 창세기 47:19
41:40	창세기 39:6, 시편 105:21, 사도행전 7:9-10
41:41	다니엘 5:7
41:44	창세기 44:18, 창세기 45:8, 사도행전 7:9-10
41:45	창세기 46:20, 시편 105:21
41:46	민수기 4:3, 사무엘하 5:4, 누가복음 3:23
41:50	창세기 48:5
41:51	창세기 50:23, 민수기 1:34-35
41:52	시편 105:17-18, 사도행전 7:9-10, 창세기 48:17, 민수기 1:32-33, 신명기 33:17, 여호수아 14:4
41:53	창세기 41:26
41:54	창세기 41:30, 사도행전 7:11, 창세기 45:9, 창세기 45:11, 창세기 47:17
41:55	창세기 47:13, 시편 105:21
41:56	창세기 43:1, 창세기 41:48-49, 창세기 47:16
41:57	창세기 47:4
42:1	창세기 41:48-49
42:2	사도행전 7:12
42:3	역대기상 2:1-2
42:4	창세기 35:18-19, 창세기 42:38, 창세기 44:20, 창세기 43:14
42:5	창세기 41:57, 사도행전 7:11
42:6	창세기 41:44, 창세기 45:8, 시편 105:21, 사도행전 7:9-10, 창세기 47:14, 창세기 37:7, 창세기 37:9
42:7	창세기 42:23, 창세기 37:1, 사도행전 7:11-12
42:9	창세기 37:7-9
42:13	역대기상 2:1-2, 출애굽기 1:1-4, 창세기 35:18-19, 창세기 42:38, 창세기 43:7, 창세기 37:27, 창세기 37:35, 창세기 44:20
42:15	창세기 42:34, 창세기 43:29
42:19	창세기 45:21, 창세기 45:23
42:21	창세기 37:18, 창세기 37:28, 창세기 50:17, 사도행전 7:9
42:22	창세기 37:21, 창세기 9:5
42:24	창세기 43:30, 창세기 42:19, 창세기 43:23
42:30	창세기 42:7, 창세기 42:9
42:31	창세기 42:11
42:32	창세기 42:13, 창세기 37:28, 창세기 37:35, 창세기 35:18-19, 창세기 42:4
42:33	창세기 42:19, 창세기 42:2
42:36	창세기 43:14, 창세기 37:28, 창세기 37:35, 창세기 42:24
42:37	창세기 37:22, 창세기 46:9, 창세기 43:8-9, 창세기 44:32
42:38	창세기 37:31-34, 창세기 44:20, 시편 89:48, 전도서 9:10, 호세아 13:14, 사도행전 2:27, 요한 계시록 20:13, 창세기 37:34-35, 창세기 44:29
43:1	창세기 41:30, 사도행전 7:11
43:2	창세기 42:1-2
43:3	창세기 42:15
43:5	창세기 42:15
43:6	창세기 32:28
43:7	창세기 42:13, 창세기 42:16
43:8	창세기 37:26, 창세기 42:38, 사도행전 7:14, 창세기 42:1-2
43:9	창세기 44:32
43:11	창세기 32:20, 예레미야 8:22, 에스겔 27:17, 창세기 37:25
43:12	창세기 42:25, 창세기 42:35
43:14	창세기 42:36
43:15	창세기 37:7, 창세기 37:9
43:17	창세기 41:39-40
43:18	창세기 42:25, 창세기 42:35
43:20	창세기 42:3
43:21	창세기 42:27
43:22	창세기 43:12
43:23	창세기 42:23-24
43:25	창세기 43:16, 창세기 43:11
43:26	창세기 37:7, 창세기 37:9, 창세기 42:6
43:27	창세기 43:7
43:28	창세기 37:7, 창세기 37:9
43:29	창세기 35:24, 창세기 42:13
43:30	창세기 42:23-24
43:32	창세기 46:33-34, 출애굽기 8:26
43:33	창세기 49:3, 신명기 21:17
43:34	창세기 45:22
44:1	창세기 42:25
44:8	창세기 43:12
44:12	창세기 44:2
44:14	창세기 43:8, 창세기 44:32, 창세기 37:7, 창세기 37:9
44:15	창세기 44:5
44:16	창세기 37:18, 창세기 37:28, 창세기 42:21-22
44:17	창세기 44:9
44:18	창세기 41:44, 창세기 45:8
44:20	창세기 42:13, 창세기 43:7, 창세기 37:31-34, 창세기 35:18-19
44:21	창세기 42:15, 창세기 43:29
44:22	창세기 42:38
44:23	창세기 42:20
44:25	창세기 43:2
44:26	창세기 43:5
44:27	창세기 29:18, 창세기 30:22-24, 창세기 35:18-19, 창세기 46:19
44:28	창세기 37:33
44:29	시편 16:10, 전도서 9:10, 호세아 13:14, 사도행전 2:27, 요한 계시록 20:13, 창세기 37:34-35, 창세기 42:38, 시편 88:3
44:32	창세기 43:9
45:1	창세기 43:30, 사도행전 7:13
45:4	창세기 37:28, 사도행전 7:9
45:5	창세기 47:23, 창세기 47:25, 창세기 50:20, 시편 105:17
45:6	창세기 41:30, 창세기 47:18
45:7	창세기 46:26
45:8	시편 105:21, 사도행전 7:9-10
45:9	창세기 45:26, 사도행전 7:14
45:10	창세기 46:33-34, 창세기 47:1, 출애굽기 8:22, 출애굽기 9:26
45:11	창세기 47:12
45:12	창세기 42:23
45:14	창세기 46:29
45:18	창세기 47:6
45:19	창세기 41:39-40, 창세기 45:27, 창세기 46:5, 창세기 47:9
45:20	창세기 46:6
45:22	창세기 43:34
45:24	창세기 42:21-22
45:26	시편 105:21, 창세기 42:38, 창세기 44:27-28
45:28	창세기 46:30
46:1	창세기 21:31, 창세기 31:42, 출애굽기 3:6
46:3	창세기 28:13, 창세기 12:1-2, 출애굽기 1:7, 신명기 26:5
46:4	창세기 15:16, 창세기 28:15, 창세기 47:29-30, 창세기 50:13, 창세기 50:1
46:8	출애굽기 1:1-4, 창세기 35:23, 역대기상 5:1
46:9	민수기 26:5-6
46:10	창세기 29:33, 민수기 26:12-13, 역대기상 4:24
46:11	창세기 29:34, 역대기상 6:16
46:12	창세기 29:35, 요한 계시록 5:5, 창세기 38:2-5, 누가복음 3:23, 누가복음 3:33, 창세기 38:30, 창세기 38:7, 창세기 38:9-10, 민수기 26:21, 역대기상 2:5
46:13	민수기 26:23-24, 역대기상 7:1
46:14	창세기 30:20, 민수기 26:26
46:15	창세기 30:21
46:16	창세기 30:11, 민수기 26:15-17
46:17	창세기 30:13, 민수기 26:44-45
46:18	창세기 29:24
46:19	창세기 30:24, 창세기 35:18
46:20	창세기 41:51, 창세기 41:52, 창세기 41:50
46:21	역대기상 7:6, 역대기상 8:1, 역대기상 8:3, 역대기상 7:12, 민수기 26:38-40
46:23	창세기 30:6, 민수기 26:42
46:24	창세기 30:8, 민수기 26:48-49
46:26	창세기 35:10-11
46:27	출애굽기 1:5, 신명기 10:22, 사도행전 7:14
46:28	창세기 43:8, 창세기 44:18, 창세기 45:10, 창세기 47:1
46:31	창세기 41:39-40, 창세기 45:19, 사도행전 7:13
46:32	창세기 31:17-18, 창세기 47:3, 창세기 31:38, 창세기 46:6
46:34	창세기 30:35-36, 창세기 45:17-18, 창세기 47:27, 창세기 43:32
47:1	창세기 46:31, 창세기 45:10, 출애굽기 8:22
47:2	사도행전 7:13
47:3	창세기 12:16, 창세기 26:12, 창세기 26:14, 창세기 31:17-18, 창세기 46:33-34
47:4	창세기 15:13, 신명기 26:5, 시편 105:23, 사도행전 7:6, 사도행전 7:11, 창세기 45:10
47:6	창세기 45:17-18
47:9	욥기 14:1-2, 창세기 25:7, 창세기 35:28
47:11	창세기 45:10, 출애굽기 1:8, 출애굽기 1:11, 출애굽기 12:37, 민수기 33:3
47:13	창세기 41:30-31
47:14	창세기 41:56, 창세기 44:25
47:21	창세기 41:48-49
47:22	창세기 41:45
47:24	창세기 41:34
47:25	창세기 45:5, 사도행전 7:11, 창세기 47:19
47:26	창세기 47:22
47:27	창세기 47:4, 출애굽기 1:7, 신명기 10:22, 시편 105:24, 사도행전 7:17
47:28	창세기 47:9
47:29	창세기 49:33, 창세기 46:4, 창세기 50:13, 사도행전 7:15-16
47:30	창세기 25:9-10, 창세기 49:29-30
47:31	창세기 50:5, 히브리서 11:21
48:1	창세기 41:50, 여호수아 14:4
48:3	창세기 28:13, 창세기 28:19, 호세아 12:4
48:4	창세기 35:10-11, 창세기 28:13-14
48:5	여호수아 14:4, 역대기상 5:1, 창세기 35:23
48:6	여호수아 13:29, 여호수아 16:5
48:7	창세기 35:19, 미가 5:2, 사무엘상 17:12, 마태복음 2:6
48:9	창세기 41:50, 히브리서 11:21
48:11	창세기 37:34-35, 창세기 42:36, 창세기 46:30
48:13	창세기 41:52, 창세기 41:51
48:14	창세기 41:51, 창세기 46:20
48:15	역대기상 5:2, 창세기 17:1, 창세기 24:40, 창세기 28:13, 시편 23:1
48:16	창세기 28:15, 창세기 31:11, 시편 34:7, 창세기 32:26, 출애굽기 1:7, 민수기 26:34, 민수기 26:37
48:18	창세기 41:51
48:19	민수기 2:18-21, 민수기 1:32-33
48:20	히브리서 11:21
48:21	창세기 50:24, 창세기 15:14, 창세기 26:3, 신명기 31:8
49:3	신명기 33:6, 창세기 29:32, 출애굽기 6:14, 역대기상 5:1
49:4	창세기 35:22
49:5	창세기 29:33-34, 창세기 35:23, 창세기 34:25
49:6	창세기 34:7
49:7	창세기 34:25, 여호수아 19:1, 여호수아 21:41
49:8	창세기 29:35, 신명기 33:7, 창세기 43:8-9, 창세기 46:28, 역대기상 5:2, 사사기 1:2, 민수기 10:14, 사무엘하 5:3
49:9	요한 계시록 5:5
49:10	민수기 24:17, 사무엘하 2:4, 사무엘하 7:16-17, 이사야 9:6, 에스겔 21:27, 누가복음 1:32, 히브리서 7:14, 시편 2:8, 이사야 11:10, 마태복음 2:6
49:13	신명기 33:18-19, 마태복음 4:13, 여호수아 19:10
49:14	신명기 33:18, 역대기상 7:5
49:16	신명기 33:22, 사사기 13:2, 사사기 13:24, 사사기 15:20
49:17	사사기 14:19, 사사기 15:15
49:19	신명기 33:20, 여호수아 13:8
49:20	신명기 33:24, 열왕기상 4:7, 열왕기상 4:16
49:21	신명기 33:23, 마태복음 4:13, 마태복음 4:15
49:22	신명기 33:13-17
49:23	창세기 37:5, 창세기 37:8, 창세기 40:15
49:24	창세기 50:20, 여호수아 1:1, 여호수아 1:6, 사사기 11:32
49:25	신명기 33:13
49:26	여호수아 17:14, 신명기 33:16
49:27	신명기 33:12, 사사기 20:15-16, 사무엘상 9:16, 에스더 2:5, 에스더 8:7
49:28	히브리서 11:21
49:29	창세기 35:29, 창세기 49:33, 창세기 23:17-18
49:31	창세기 23:2, 창세기 23:19, 창세기 25:9-10, 창세기 35:29
49:32	창세기 23:17-18
49:33	사도행전 7:15
50:1	창세기 46:4
50:2	창세기 50:26
50:5	창세기 47:29-31, 창세기 48:21, 창세기 23:17-18, 창세기 49:29-30, 창세기 46:4, 창세기 47:29
50:6	창세기 47:31
50:7	시편 105:21-22
50:8	창세기 46:27
50:9	창세기 41:43, 창세기 46:29
50:12	창세기 47:29
50:13	창세기 23:17-18, 창세기 25:9-10, 창세기 35:27, 창세기 49:29-30
50:15	창세기 37:18, 창세기 37:28, 창세기 42:21, 시편 105:17
50:18	창세기 37:7, 창세기 37:9
50:20	창세기 37:18, 창세기 45:5, 시편 105:17
50:21	창세기 47:12
50:23	역대기상 7:20, 여호수아 17:1, 역대기상 7:14
50:24	출애굽기 4:31, 창세기 12:7, 창세기 17:8, 창세기 26:3, 창세기 28:13
50:25	출애굽기 13:19, 여호수아 24:32, 히브리서 11:22
50:26	창세기 50:2
