1:1	출애굽기 40:34
1:2	레위기 22:18-20
1:3	신명기 15:19, 신명기 15:21, 말라기 1:14, 고린도 후서 9:7
1:5	히브리서 10:11, 히브리서 9:13-14
1:6	레위기 7:8
1:7	레위기 6:12
1:8	열왕기상 18:23
1:9	창세기 8:20-21, 민수기 15:2-3
1:10	창세기 4:4, 레위기 12:6, 레위기 22:18-20
1:11	출애굽기 29:16-18, 레위기 8:18-21, 레위기 9:12-14
1:14	레위기 5:7, 레위기 12:8, 누가복음 2:24
1:16	출애굽기 27:3, 레위기 4:11-12, 레위기 6:10
2:1	레위기 9:17, 민수기 15:2-4, 출애굽기 29:1-3, 레위기 6:14-15, 민수기 7:13
2:2	민수기 5:25-26
2:3	레위기 10:12, 민수기 18:9, 레위기 7:9-10
2:4	레위기 8:26, 레위기 8:28, 민수기 6:13, 민수기 6:19
2:5	레위기 6:20-21
2:6	민수기 28:9
2:9	레위기 2:2, 레위기 5:11-12, 출애굽기 29:38-41, 민수기 28:4-6
2:10	민수기 18:9
2:11	레위기 6:14, 레위기 6:17
2:12	출애굽기 23:19, 민수기 15:20, 역대기하 31:5, 잠언 3:9
2:13	에스겔 43:23-24
2:14	출애굽기 23:16, 출애굽기 34:22, 민수기 28:26
2:16	레위기 5:11-12, 레위기 6:14-15
3:1	레위기 22:21, 민수기 6:13-14
3:3	레위기 7:29-31, 출애굽기 29:13, 레위기 7:23-25, 열왕기상 8:64
3:4	레위기 7:1-4
3:5	레위기 6:12, 레위기 4:29, 레위기 4:31
3:6	민수기 6:13-14
3:9	출애굽기 29:22, 레위기 9:18-20, 역대기하 7:7
3:10	레위기 4:8-9, 레위기 9:10
3:11	레위기 4:31
3:14	레위기 4:24, 레위기 4:26
3:16	레위기 7:23, 사무엘상 2:15-17
3:17	창세기 9:4, 레위기 17:10, 레위기 17:13, 신명기 12:23, 사도행전 15:20, 사도행전 15:29
4:2	레위기 5:17, 민수기 15:27-28
4:3	레위기 8:12, 레위기 21:10, 민수기 12:1, 민수기 12:11, 히브리서 5:1-3, 히브리서 7:27
4:4	레위기 6:25, 출애굽기 29:10-11
4:5	출애굽기 30:30
4:6	레위기 8:15-16, 레위기 16:14, 레위기 16:19
4:7	출애굽기 30:10, 레위기 5:9
4:9	레위기 9:8, 레위기 9:10
4:10	레위기 3:3-4
4:11	출애굽기 29:14
4:12	레위기 8:14, 레위기 8:17, 히브리서 13:11
4:13	여호수아 7:11, 민수기 15:22-24
4:17	출애굽기 26:31, 출애굽기 40:21, 히브리서 10:19-20
4:18	출애굽기 30:1, 출애굽기 30:6, 출애굽기 27:1, 출애굽기 40:6
4:19	레위기 3:16
4:20	출애굽기 32:30, 레위기 16:17, 민수기 15:25, 에베소서 1:7, 히브리서 2:17
4:21	레위기 4:11-12, 레위기 16:15, 요한 1서 2:1-2
4:22	출애굽기 18:21
4:24	레위기 1:10-11, 레위기 6:25, 레위기 7:2
4:25	레위기 9:8-9, 레위기 16:18, 히브리서 9:22, 레위기 8:15
4:26	레위기 3:3-5
4:27	민수기 15:27-29
4:29	레위기 1:10-11, 레위기 6:25
4:30	레위기 4:25, 레위기 8:15, 레위기 9:8-9, 히브리서 9:22
4:31	레위기 3:3-4, 레위기 3:16
4:33	레위기 1:10-11
4:34	레위기 4:25, 레위기 16:18
4:35	출애굽기 29:13-14, 레위기 3:3-4, 레위기 6:12, 레위기 9:8, 레위기 9:10, 민수기 15:28, 요한 1서 1:7, 요한 1서 2:1-2
5:1	잠언 29:24
5:2	레위기 11:21-24, 레위기 17:15, 신명기 14:8
5:3	레위기 12:2, 레위기 13:3, 레위기 15:3, 민수기 19:11
5:4	마태복음 5:33
5:5	민수기 5:7, 시편 32:5, 잠언 28:13, 요한 1서 1:9
5:6	레위기 7:1, 레위기 14:2, 레위기 14:12, 레위기 19:20-21, 민수기 6:12
5:7	누가복음 2:24, 레위기 12:7-8, 레위기 14:21-22, 레위기 15:13-15
5:9	레위기 1:4-5, 레위기 7:2, 히브리서 9:22
5:10	레위기 1:15-17, 레위기 6:7
5:11	출애굽기 16:36
5:13	레위기 4:26, 레위기 6:14-16, 고린도 전서 9:13, 레위기 2:10, 레위기 7:1, 레위기 7:6
5:15	레위기 10:17-18, 레위기 6:6, 출애굽기 30:13, 레위기 27:25
5:16	레위기 6:4-5, 레위기 22:14, 민수기 5:6-7, 출애굽기 32:30, 레위기 6:7, 레위기 19:22
5:17	레위기 5:2
5:18	레위기 6:6
6:2	출애굽기 22:7, 레위기 19:11, 민수기 5:6
6:3	출애굽기 22:10-11, 레위기 19:12, 에베소서 4:25, 골로새서 3:9
6:5	레위기 5:15-16, 민수기 5:6-7
6:6	레위기 5:15, 레위기 7:1, 이사야 53:10
6:7	레위기 5:18
6:9	출애굽기 29:38-42, 민수기 28:3, 히브리서 10:11
6:10	출애굽기 28:39, 레위기 16:32, 에스겔 44:17, 출애굽기 28:42, 출애굽기 39:27-28, 출애굽기 27:3, 레위기 1:16
6:11	레위기 16:23, 에스겔 44:19, 레위기 4:3, 레위기 4:12
6:12	레위기 1:7, 느헤미야 13:30-31, 레위기 3:5, 레위기 3:16
6:14	레위기 2:1, 민수기 15:3-4
6:15	레위기 2:2, 레위기 2:9, 레위기 5:11-12
6:16	레위기 2:3, 레위기 5:13, 에스겔 44:29, 고린도 전서 9:13, 레위기 10:12
6:17	레위기 2:11, 민수기 18:9, 레위기 2:3, 레위기 2:10
6:18	민수기 18:10, 레위기 24:8-9
6:20	출애굽기 30:30, 히브리서 5:1, 출애굽기 16:36, 출애굽기 29:1-2, 출애굽기 29:40-41, 레위기 2:1, 레위기 9:17, 민수기 28:4-5
6:21	레위기 2:5, 레위기 7:9, 역대기상 23:29
6:22	신명기 10:6
6:25	레위기 4:3, 레위기 1:3, 레위기 1:11
6:26	레위기 10:17, 민수기 18:9, 에스겔 44:29, 출애굽기 27:9, 레위기 6:14, 레위기 6:16, 에스겔 42:13
6:29	레위기 6:14, 레위기 6:18, 레위기 21:21-22, 민수기 18:10, 레위기 6:25
6:30	레위기 4:5, 레위기 10:18, 레위기 16:27, 히브리서 13:11
7:1	레위기 5:6, 레위기 6:6, 레위기 14:2, 레위기 14:12, 레위기 19:20-21, 민수기 6:12
7:2	히브리서 9:22, 레위기 3:1-2, 레위기 5:9
7:3	출애굽기 29:13-14, 레위기 3:9, 레위기 3:17, 레위기 4:8-9, 레위기 8:18, 레위기 8:20
7:4	레위기 3:3-4
7:5	레위기 3:14-16
7:6	레위기 5:13, 레위기 6:14, 레위기 6:16, 민수기 18:9, 레위기 2:3
7:7	레위기 6:25-26, 레위기 14:13
7:8	출애굽기 29:14, 레위기 1:6
7:9	레위기 6:20-21, 역대기상 23:29, 레위기 2:3-7, 민수기 18:9, 고린도 전서 9:13
7:10	레위기 14:21, 레위기 5:11, 민수기 5:15
7:11	레위기 3:1, 레위기 7:20, 레위기 22:21, 고린도 전서 10:16
7:12	레위기 22:29, 역대기하 29:31
7:14	레위기 6:25-26, 레위기 10:14, 민수기 18:8
7:15	레위기 22:29-30
7:16	레위기 22:21, 레위기 22:23, 신명기 12:5-6
7:17	레위기 19:5-6
7:18	레위기 19:7-8
7:20	민수기 19:20
7:21	레위기 12:2, 레위기 12:4, 레위기 11:21-24, 신명기 14:7, 레위기 11:10, 신명기 14:10
7:23	레위기 3:16-17, 레위기 4:8-10, 사무엘상 2:16-17
7:24	출애굽기 22:31, 레위기 17:15
7:26	창세기 9:4, 레위기 3:17, 레위기 17:10, 신명기 12:16, 사무엘상 14:33, 사도행전 15:20, 사도행전 15:29
7:27	레위기 17:14
7:29	레위기 3:1
7:30	레위기 3:3, 출애굽기 29:24, 레위기 8:25-27, 레위기 9:21
7:31	레위기 3:3-5, 레위기 8:29
7:32	출애굽기 29:27-28, 레위기 10:14, 민수기 6:20
7:33	신명기 18:3
7:34	레위기 10:14
7:35	출애굽기 28:1, 출애굽기 29:4, 출애굽기 29:7, 출애굽기 40:13
7:36	출애굽기 40:15, 레위기 8:12
7:37	레위기 6:9, 레위기 2:1, 레위기 6:14, 레위기 6:25, 레위기 5:6, 레위기 7:1, 출애굽기 29:1, 레위기 6:20, 레위기 3:1
7:38	레위기 1:2, 출애굽기 34:27
8:2	출애굽기 28:1, 출애굽기 28:4, 출애굽기 39:33, 출애굽기 39:41, 출애굽기 30:23-25, 출애굽기 40:15, 출애굽기 29:1-2
8:6	출애굽기 29:4, 출애굽기 40:12
8:7	출애굽기 28:39, 출애굽기 39:27, 출애굽기 39:29, 출애굽기 39:22, 출애굽기 28:6, 출애굽기 39:2, 출애굽기 28:8, 출애굽기 29:5, 출애굽기 39:20
8:8	출애굽기 28:15, 출애굽기 39:9, 출애굽기 28:30
8:9	출애굽기 29:6, 출애굽기 39:27-28, 출애굽기 28:36, 출애굽기 39:30
8:10	출애굽기 30:26-28
8:12	출애굽기 29:4, 출애굽기 29:7, 출애굽기 30:30, 출애굽기 40:13, 레위기 21:10, 시편 133:2
8:13	출애굽기 28:40, 출애굽기 29:8-9
8:14	출애굽기 29:10-14, 레위기 4:3-4, 레위기 16:6
8:15	히브리서 9:21-22
8:16	레위기 4:8-9
8:17	레위기 4:11-12, 레위기 16:27
8:18	출애굽기 29:15-18, 레위기 1:4
8:22	레위기 8:33, 출애굽기 29:19-20
8:24	출애굽기 24:6
8:25	출애굽기 29:22-25
8:26	레위기 2:4, 출애굽기 29:1-2
8:29	레위기 7:29-30, 출애굽기 29:26-27, 레위기 7:34-35
8:30	출애굽기 30:30, 민수기 3:2-3, 출애굽기 29:21
8:31	레위기 6:28, 출애굽기 29:31-32, 고린도 전서 9:13
8:32	출애굽기 29:34
8:33	출애굽기 29:30, 출애굽기 29:35, 민수기 3:2-3
8:34	출애굽기 29:36, 레위기 17:11
8:35	출애굽기 29:37, 민수기 1:53
9:1	레위기 8:35
9:2	레위기 4:3
9:4	레위기 3:1, 레위기 2:4, 레위기 6:14, 출애굽기 29:43
9:6	출애굽기 16:10, 출애굽기 24:16, 출애굽기 40:34
9:7	레위기 4:3, 히브리서 7:27, 히브리서 5:1-3, 레위기 16:33
9:8	레위기 4:3-4
9:9	히브리서 9:22, 레위기 4:7, 레위기 8:14-15
9:10	레위기 4:8-10
9:11	레위기 4:11-12, 히브리서 13:11
9:12	레위기 1:5
9:16	레위기 1:3, 레위기 6:9
9:17	레위기 2:1, 레위기 2:11, 레위기 2:13, 출애굽기 29:39
9:18	레위기 3:1-2
9:19	레위기 3:3-4, 레위기 3:9-10
9:20	레위기 7:29-31
9:21	출애굽기 29:27-28
9:22	민수기 6:23-27, 신명기 10:8, 신명기 21:5, 역대기상 23:13
9:23	사무엘하 6:18, 역대기하 6:3, 레위기 9:6
9:24	사사기 6:21, 역대기상 21:26, 열왕기상 18:38-39, 역대기하 7:1, 역대기하 7:3
10:1	출애굽기 6:23, 역대기상 24:2, 출애굽기 30:34-35, 레위기 16:12, 출애굽기 30:9, 레위기 10:9, 레위기 16:1-2
10:2	민수기 16:35, 민수기 26:61
10:3	출애굽기 19:22
10:4	출애굽기 6:18
10:6	레위기 21:10
10:7	출애굽기 28:41, 레위기 8:12, 레위기 21:11-12
10:9	에스겔 44:21
10:10	에스겔 44:23
10:11	신명기 33:10, 역대기하 17:8-9, 느헤미야 8:7-8, 말라기 2:7
10:12	레위기 6:14, 레위기 6:16, 레위기 21:22
10:13	레위기 6:26, 민수기 18:10
10:14	레위기 22:13, 민수기 18:11, 출애굽기 29:26-28, 레위기 7:31, 레위기 7:34, 레위기 9:21
10:15	고린도 전서 9:13
10:16	레위기 9:3, 레위기 9:15
10:17	레위기 6:25-26, 에스겔 44:29
10:18	레위기 6:29-30
10:19	레위기 9:8, 레위기 9:12
11:2	신명기 14:4-6, 에스겔 4:14
11:4	신명기 14:7-8
11:5	잠언 30:26
11:7	이사야 65:4, 이사야 66:3, 이사야 66:17
11:8	사도행전 10:14
11:9	신명기 14:9-10
11:11	신명기 14:3
11:13	욥기 39:27, 욥기 39:30, 신명기 14:12-19
11:22	마태복음 3:4, 마가복음 1:6
11:24	레위기 14:46-47, 레위기 15:8, 레위기 17:15, 레위기 22:4-6
11:25	레위기 14:2, 레위기 14:8, 레위기 15:2, 레위기 15:5, 민수기 19:10
11:26	신명기 14:7-8
11:28	레위기 17:15-16, 레위기 5:2
11:29	이사야 66:17
11:31	신명기 14:19, 레위기 11:24, 레위기 22:4-5
11:33	레위기 15:12
11:39	레위기 11:23-24, 민수기 19:11, 민수기 19:16
11:40	레위기 17:15, 레위기 22:3, 레위기 22:8, 신명기 14:21, 에스겔 4:14, 에스겔 44:31
11:41	레위기 11:21
11:42	신명기 14:3
11:43	레위기 20:25
11:44	출애굽기 20:2, 베드로 전서 1:15-16, 요한 계시록 4:8, 출애굽기 19:6, 레위기 19:2, 신명기 14:2, 데살로니가 전서 4:7
11:45	출애굽기 6:7, 출애굽기 29:46, 호세아 11:1, 레위기 20:7, 레위기 20:26, 여호수아 24:19, 사무엘상 2:2, 출애굽기 22:31, 민수기 15:40, 신명기 7:6
11:47	레위기 20:25, 에스겔 44:23
12:2	레위기 15:19
12:3	창세기 17:12, 창세기 21:4, 누가복음 1:59, 누가복음 2:21-22, 요한복음 7:22
12:6	레위기 1:10
12:8	레위기 1:14, 레위기 5:7, 레위기 14:21-22, 누가복음 2:24
13:2	민수기 12:10, 민수기 12:12, 역대기하 26:19, 마태복음 8:3, 신명기 24:8, 에스겔 44:23, 말라기 2:7, 누가복음 17:14
13:4	레위기 13:50, 레위기 14:38, 민수기 12:15
13:6	마태복음 8:4, 마가복음 1:44, 누가복음 5:14, 누가복음 17:14
13:8	레위기 13:15, 레위기 13:25, 레위기 13:30, 레위기 13:42, 민수기 12:10, 민수기 12:12
13:10	레위기 13:3, 레위기 13:24-25
13:11	레위기 13:4
13:15	신명기 24:8, 레위기 13:8
13:17	누가복음 5:14, 누가복음 17:14
13:20	에스겔 44:23
13:21	레위기 13:4, 레위기 13:50, 레위기 14:38, 민수기 12:15
13:23	마태복음 8:4, 마가복음 1:44, 누가복음 5:14, 누가복음 17:14
13:26	레위기 13:4, 레위기 13:50, 레위기 14:38, 민수기 12:15
13:30	신명기 24:8, 말라기 2:7
13:31	레위기 13:4, 레위기 13:50, 레위기 14:38, 민수기 12:15
13:37	마태복음 8:4, 마가복음 1:44, 누가복음 5:14, 누가복음 17:14
13:39	레위기 13:2
13:46	민수기 5:2, 민수기 12:14, 열왕기하 7:3, 역대기하 26:20-21
13:50	레위기 13:4, 레위기 14:38, 민수기 12:15
13:51	레위기 14:44-45
13:57	레위기 13:52
14:2	레위기 13:2, 마태복음 8:4, 마가복음 1:44, 누가복음 5:14, 누가복음 17:14
14:4	레위기 14:49-53, 민수기 19:6, 민수기 19:9, 시편 51:7
14:7	레위기 16:22
14:10	레위기 4:32, 레위기 2:1, 마가복음 1:44
14:12	레위기 6:6, 레위기 14:21, 레위기 14:24
14:13	레위기 1:10-11, 레위기 4:3-4, 레위기 2:3, 레위기 7:7, 고린도 전서 9:13, 고린도 전서 10:18, 레위기 6:25
14:15	레위기 14:10
14:18	레위기 6:7, 요한 1서 1:7, 요한 1서 2:1-2
14:19	레위기 5:6
14:20	레위기 2:1, 레위기 14:10, 민수기 15:4, 마태복음 8:4, 레위기 14:9, 마가복음 1:44, 누가복음 5:14, 누가복음 17:14
14:22	레위기 1:14, 레위기 5:7, 레위기 12:8
14:23	레위기 15:13-14, 레위기 14:10-11
14:24	레위기 6:6, 레위기 14:12
14:25	레위기 14:14
14:26	레위기 14:15-18
14:30	레위기 12:8, 레위기 14:22
14:31	레위기 5:7, 레위기 14:20
14:34	창세기 17:8, 민수기 35:10, 신명기 7:12, 신명기 7:15
14:38	레위기 13:4, 레위기 13:50, 민수기 12:15
14:44	레위기 13:51
14:45	레위기 14:41
14:46	레위기 14:38, 레위기 11:23-25, 레위기 15:8, 레위기 17:15, 레위기 22:4-6
14:49	레위기 14:3-4, 민수기 19:6-7
14:51	레위기 14:6-7
14:54	레위기 13:30
14:55	레위기 13:47, 레위기 14:34
14:56	레위기 13:2
14:57	레위기 10:10, 에스겔 44:23, 신명기 24:8
15:2	레위기 22:4, 민수기 5:2
15:5	레위기 11:24-25, 레위기 14:46-47, 레위기 17:15, 레위기 22:6
15:11	레위기 15:2
15:12	레위기 11:32-33
15:13	레위기 14:8
15:14	레위기 1:14
15:16	레위기 22:4, 신명기 23:10-11
15:18	출애굽기 19:15, 사무엘상 21:5
15:19	레위기 12:2, 레위기 12:5, 레위기 20:18
15:20	레위기 15:4-6
15:23	레위기 15:10
15:24	레위기 18:19, 레위기 20:18
15:25	레위기 15:19, 마태복음 9:20, 누가복음 8:43
15:26	레위기 15:21
15:27	레위기 15:22
15:28	레위기 15:13
15:29	레위기 1:14, 레위기 15:14-15
15:30	레위기 12:7
15:31	레위기 19:30, 민수기 5:3, 민수기 19:20
15:32	레위기 15:16
15:33	레위기 15:19, 레위기 15:2, 레위기 15:25
16:1	레위기 10:1-2
16:2	출애굽기 40:21, 히브리서 6:19, 히브리서 9:3, 히브리서 9:7, 레위기 23:27, 민수기 4:19-20, 출애굽기 40:34, 출애굽기 25:22
16:3	레위기 4:3, 레위기 1:3
16:4	출애굽기 28:39, 출애굽기 28:42, 출애굽기 39:27, 출애굽기 39:29, 출애굽기 28:4, 출애굽기 28:2, 출애굽기 30:20, 히브리서 10:22
16:5	히브리서 7:27
16:6	히브리서 5:1-3
16:9	잠언 16:33
16:10	레위기 14:7, 레위기 14:53, 레위기 16:21-22, 이사야 53:4, 로마서 15:3
16:11	레위기 16:6
16:12	출애굽기 40:29, 레위기 6:13, 민수기 16:46, 히브리서 9:4, 출애굽기 30:34-36, 요한 계시록 5:8, 요한 계시록 8:3-5, 레위기 16:2, 히브리서 6:19, 히브리서 10:19-20
16:13	출애굽기 25:22, 열왕기하 19:15, 출애굽기 34:29, 출애굽기 25:18, 출애굽기 25:21, 역대기상 28:11
16:14	히브리서 9:22, 로마서 3:25, 히브리서 9:12, 히브리서 9:24-25, 히브리서 10:4, 히브리서 10:12
16:15	레위기 16:5, 히브리서 2:17, 히브리서 5:1-3, 히브리서 9:26, 요한 1서 2:1-2, 레위기 17:11, 히브리서 6:19, 히브리서 9:3, 히브리서 9:7, 히브리서 10:19-20
16:16	전도서 7:20
16:17	레위기 16:6, 마가복음 10:45, 히브리서 2:9, 히브리서 7:27, 히브리서 9:7, 히브리서 9:12, 요한 계시록 1:5
16:18	출애굽기 38:1
16:20	레위기 16:16, 히브리서 9:23, 레위기 16:8, 레위기 16:10
16:21	이사야 53:5-6, 고린도 후서 5:21
16:22	이사야 53:12, 에베소서 1:7, 히브리서 9:28, 베드로 전서 2:24, 요한 1서 3:5, 시편 103:12, 히브리서 13:12, 레위기 16:10
16:24	출애굽기 30:20, 출애굽기 28:4, 레위기 8:7, 레위기 16:3, 레위기 16:5, 에베소서 1:7
16:26	레위기 16:8, 레위기 16:21
16:27	레위기 4:11-12, 히브리서 13:11-12
16:29	레위기 23:27-28, 민수기 29:7
16:30	요한복음 3:16, 로마서 8:32, 디도서 2:13-14, 요한 1서 1:7, 요한 1서 3:16, 예레미야 33:8, 히브리서 9:13-14, 히브리서 10:2
16:31	레위기 23:32
16:32	민수기 20:26, 출애굽기 29:4, 출애굽기 29:7, 레위기 8:12, 레위기 8:33, 출애굽기 28:39, 출애굽기 39:27-28, 출애굽기 28:2, 출애굽기 29:29, 레위기 16:4
16:33	레위기 16:16, 레위기 16:20, 레위기 16:18, 레위기 16:24, 요한 1서 2:1-2
16:34	레위기 23:31, 민수기 29:7, 출애굽기 30:10, 히브리서 9:7
17:5	레위기 3:1-2, 레위기 7:11
17:6	레위기 3:3-5, 레위기 7:29-31
17:7	출애굽기 34:15, 신명기 31:16, 신명기 32:17, 여호수아 24:14
17:9	레위기 1:3, 신명기 12:5-6, 신명기 12:13-14
17:10	창세기 9:4, 레위기 3:17, 레위기 7:26, 레위기 19:26, 사무엘상 14:33, 사도행전 15:20, 사도행전 15:29
17:11	레위기 17:14, 신명기 12:23, 레위기 8:15, 레위기 16:18, 마태복음 26:28, 로마서 3:25, 로마서 5:9, 에베소서 1:7, 히브리서 9:22, 히브리서 13:12, 베드로 전서 1:2, 요한 1서 1:7, 요한 계시록 1:5
17:12	출애굽기 12:49, 신명기 12:23
17:13	신명기 12:16, 신명기 15:23
17:14	레위기 17:10-11
17:15	출애굽기 22:31, 신명기 14:21, 레위기 11:40
17:16	민수기 19:20
18:2	창세기 17:7, 출애굽기 6:7
18:3	출애굽기 23:24, 레위기 20:23
18:4	레위기 20:22, 신명기 4:1
18:5	누가복음 10:27-28, 로마서 10:5, 갈라디아서 3:12
18:6	레위기 20:17
18:8	창세기 35:22, 창세기 49:4, 레위기 20:11, 신명기 27:20, 사무엘하 16:21, 고린도 전서 5:1
18:9	레위기 20:17, 신명기 27:22, 사무엘하 13:10-12
18:12	레위기 20:19
18:14	레위기 20:20
18:15	레위기 20:12
18:16	레위기 20:21, 신명기 25:5, 마가복음 6:17-18
18:17	레위기 20:14, 신명기 27:23
18:18	창세기 30:15
18:19	레위기 15:19, 레위기 15:24, 레위기 20:18
18:20	출애굽기 20:14, 레위기 20:10, 신명기 22:22, 잠언 6:29, 마태복음 5:27-28, 고린도 전서 6:9-10, 히브리서 13:4
18:21	레위기 20:2, 신명기 18:10, 열왕기상 11:7, 열왕기하 23:10, 레위기 20:3
18:22	창세기 19:5, 레위기 20:13, 사사기 19:22, 로마서 1:26-27, 고린도 전서 6:9-10, 유다서 1:7
18:23	출애굽기 22:19, 레위기 20:15-16
18:24	레위기 20:23, 신명기 18:12
18:25	창세기 15:16
18:26	레위기 20:22, 신명기 4:1, 신명기 4:40, 출애굽기 12:49
18:27	신명기 20:17-18, 열왕기하 16:2-3, 열왕기하 21:1-2
18:30	레위기 18:3, 레위기 20:23, 신명기 18:9
19:2	레위기 11:44, 이사야 6:3, 베드로 전서 1:15-16, 요한 계시록 4:8
19:3	출애굽기 20:12, 에베소서 6:2, 히브리서 12:9, 출애굽기 20:8, 출애굽기 20:11, 출애굽기 31:13, 누가복음 6:5
19:4	레위기 26:1, 시편 96:5, 하박국 2:18, 고린도 전서 10:14, 출애굽기 20:4, 출애굽기 20:23, 신명기 27:15
19:5	레위기 3:1, 레위기 7:11-12
19:6	레위기 7:17-18
19:9	레위기 23:22, 신명기 24:19
19:10	신명기 15:7
19:11	출애굽기 20:15, 에베소서 4:28, 레위기 6:2, 잠언 12:22, 에베소서 4:25
19:12	출애굽기 20:7, 마태복음 5:33, 마태복음 5:37, 야고보서 5:12
19:13	잠언 22:16, 마가복음 10:19, 잠언 22:22, 신명기 24:15, 예레미야 22:13, 야고보서 5:4
19:14	신명기 27:18, 레위기 25:17, 느헤미야 5:15, 잠언 1:7, 잠언 8:13, 베드로 전서 2:17
19:15	출애굽기 23:3, 신명기 1:16-17, 신명기 16:19, 역대기하 19:6, 로마서 2:11, 야고보서 2:9
19:16	시편 15:1, 시편 15:3, 출애굽기 20:16, 열왕기상 21:13
19:17	잠언 10:18, 요한 1서 2:9, 요한 1서 3:15, 시편 141:5, 잠언 9:8, 마태복음 18:15
19:18	잠언 20:22, 로마서 12:19, 마태복음 5:43-44, 마태복음 22:39, 로마서 13:9, 갈라디아서 5:14, 야고보서 2:8
19:19	신명기 22:9, 신명기 22:11
19:21	레위기 6:6-7
19:24	신명기 26:1-2, 잠언 3:9
19:26	레위기 3:17, 레위기 17:13, 신명기 12:23, 사도행전 15:20, 사도행전 15:29, 출애굽기 8:7, 신명기 18:10-12, 갈라디아서 5:19-20, 요한 계시록 21:8
19:27	레위기 21:1, 레위기 21:5
19:28	신명기 14:1
19:29	신명기 23:17, 히브리서 13:4, 베드로 전서 4:3
19:30	출애굽기 20:10, 출애굽기 31:13
19:31	레위기 20:6, 신명기 18:10-12, 역대기상 10:13, 이사야 8:19, 레위기 20:27, 사도행전 16:16
19:32	잠언 16:31, 잠언 20:29, 욥기 32:6, 잠언 23:22, 디모데 전서 5:1, 욥기 28:28, 잠언 1:7, 잠언 8:13, 베드로 전서 2:17
19:33	출애굽기 23:9
19:34	출애굽기 12:49, 출애굽기 22:21
19:35	신명기 25:13, 신명기 25:15, 잠언 20:10
19:36	잠언 11:1
19:37	레위기 18:5, 신명기 4:6
20:2	레위기 18:21, 신명기 18:10
20:3	에스겔 5:11
20:4	신명기 13:6-9
20:5	출애굽기 20:5
20:6	레위기 19:31, 신명기 18:10-12, 갈라디아서 5:19-20, 요한 계시록 21:8, 레위기 20:27, 사도행전 16:16, 역대기상 10:13
20:7	레위기 11:44, 베드로 전서 1:15-16
20:8	레위기 18:4, 전도서 12:13, 출애굽기 31:13, 레위기 21:8, 데살로니가 전서 5:23, 데살로니가 후서 2:13
20:9	출애굽기 21:17, 신명기 27:16, 잠언 20:20, 마태복음 15:4
20:10	신명기 5:18, 신명기 22:22, 로마서 7:3, 고린도 전서 6:9-10
20:11	레위기 18:8, 신명기 27:20
20:12	레위기 18:15, 레위기 18:29
20:13	창세기 19:5, 레위기 18:22, 사사기 19:22, 로마서 1:26-27, 고린도 전서 6:9-10, 유다서 1:7
20:14	레위기 18:17, 신명기 27:23, 레위기 21:9
20:15	출애굽기 22:19, 신명기 27:21
20:16	레위기 18:23
20:17	레위기 18:9, 신명기 27:22
20:18	레위기 18:19
20:19	레위기 18:12-13
20:20	레위기 18:14
20:21	레위기 18:16, 신명기 25:5
20:22	출애굽기 21:1, 신명기 5:1, 전도서 12:13, 레위기 18:26, 레위기 18:28
20:23	레위기 18:3, 레위기 18:24, 신명기 12:30, 레위기 18:27, 신명기 9:5
20:24	출애굽기 3:17, 출애굽기 6:8, 신명기 8:7-9, 에스겔 20:6, 출애굽기 19:5, 출애굽기 33:16, 열왕기상 8:53, 베드로 전서 2:9
20:25	레위기 11:46-47, 신명기 14:4-20, 레위기 11:43
20:26	레위기 19:2, 시편 99:5, 베드로 전서 1:15-16, 요한 계시록 4:8, 신명기 7:6
20:27	출애굽기 22:18, 레위기 19:31, 레위기 20:6, 신명기 18:10-12, 요한 계시록 21:8
21:1	민수기 19:14
21:5	신명기 14:1, 레위기 19:27-28
21:6	출애굽기 29:44, 레위기 18:21, 레위기 19:12, 레위기 22:32, 이사야 52:11, 베드로 전서 1:15-16
21:7	레위기 19:29, 신명기 24:1, 에스겔 44:22
21:8	출애굽기 28:41, 출애굽기 28:36, 레위기 11:45, 레위기 20:7-8
21:9	레위기 20:14
21:10	레위기 8:12, 출애굽기 28:2, 출애굽기 29:29, 레위기 16:32, 창세기 37:34, 레위기 10:6
21:11	민수기 6:7, 민수기 19:11, 민수기 19:14
21:12	레위기 10:7, 레위기 8:12
21:13	에스겔 44:22
21:15	에스라 9:2
21:20	신명기 23:1
21:22	레위기 2:10, 레위기 6:14, 레위기 6:16, 레위기 24:8-9, 민수기 18:9, 레위기 22:10, 민수기 18:19
21:23	출애굽기 30:6, 출애굽기 38:1, 출애굽기 25:8, 출애굽기 28:41
22:2	출애굽기 28:38, 민수기 18:32, 레위기 21:6
22:3	레위기 7:20
22:4	레위기 13:2, 레위기 15:2, 레위기 14:2, 레위기 15:13, 레위기 21:1, 민수기 19:11, 민수기 19:22, 레위기 15:16
22:5	레위기 11:24, 레위기 11:43, 레위기 15:7, 레위기 15:19
22:6	민수기 19:6-7
22:7	민수기 18:11
22:8	출애굽기 22:31, 레위기 17:15, 신명기 14:21
22:10	출애굽기 29:33
22:11	민수기 18:11
22:13	레위기 10:14, 민수기 18:19
22:14	레위기 5:15-16
22:15	민수기 18:32
22:18	레위기 7:16, 민수기 15:3, 신명기 12:5-6, 민수기 15:14, 민수기 15:16
22:19	레위기 1:3, 레위기 22:22
22:20	신명기 15:19, 신명기 15:21, 신명기 17:1, 말라기 1:8, 히브리서 9:14, 베드로 전서 1:19
22:21	레위기 3:1
22:27	출애굽기 22:30
22:28	출애굽기 23:19, 신명기 22:6
22:29	레위기 7:12
22:30	레위기 7:15
22:31	레위기 19:37, 민수기 15:40, 신명기 4:40
22:32	레위기 18:21, 레위기 19:12, 레위기 10:3, 출애굽기 19:5, 레위기 20:8, 레위기 21:8
22:33	출애굽기 6:7, 레위기 11:45
23:2	민수기 10:10, 출애굽기 23:14, 레위기 23:37
23:3	출애굽기 16:30, 출애굽기 20:10, 사도행전 15:21, 느헤미야 13:22
23:5	민수기 9:2-3, 민수기 28:16, 출애굽기 12:3, 출애굽기 12:6, 신명기 16:1, 고린도 전서 5:7
23:6	민수기 28:17, 고린도 전서 5:8, 출애굽기 12:15, 출애굽기 13:6, 출애굽기 34:18
23:7	출애굽기 12:16
23:10	고린도 전서 15:20, 고린도 전서 15:23, 민수기 18:8, 민수기 18:12, 잠언 3:9, 에스겔 44:30
23:15	출애굽기 34:22, 신명기 16:9-10
23:16	사도행전 2:1, 민수기 28:26-31, 신명기 16:16
23:17	레위기 7:11, 레위기 7:13, 출애굽기 23:16, 출애굽기 34:22
23:18	민수기 28:26-27
23:19	레위기 4:23, 레위기 3:1
23:20	레위기 7:34, 레위기 10:14, 민수기 18:9, 신명기 18:4, 고린도 전서 9:13
23:21	민수기 10:10
23:22	레위기 19:9, 신명기 24:19, 룻기 2:2-3, 이사야 58:7, 레위기 19:33
23:24	민수기 10:10, 민수기 29:1
23:27	출애굽기 30:10, 레위기 25:9, 레위기 16:29-30, 민수기 29:7
23:28	레위기 16:34, 히브리서 9:12, 히브리서 9:24-26, 히브리서 10:10, 요한 1서 2:1-2
23:29	민수기 9:13, 민수기 15:30
23:32	레위기 16:29-31, 레위기 23:27, 민수기 29:7
23:34	출애굽기 23:16, 민수기 29:12, 신명기 16:13, 에스라 3:4, 느헤미야 8:14-18, 요한복음 7:2
23:36	느헤미야 8:18
23:37	민수기 28:26, 민수기 29:7, 출애굽기 23:14, 신명기 16:16, 레위기 1:3, 레위기 2:1, 레위기 2:11, 민수기 15:5, 민수기 28:6-7
23:38	출애굽기 16:23, 출애굽기 20:8, 출애굽기 31:13, 출애굽기 28:38, 민수기 18:29, 신명기 12:11, 민수기 29:39, 신명기 12:6, 역대기상 29:9, 역대기하 35:8, 에스라 2:68
23:39	신명기 16:13, 민수기 29:12
23:40	느헤미야 8:15, 요한 계시록 7:9, 신명기 16:15, 느헤미야 8:10
23:41	민수기 29:12
23:42	신명기 31:10-11
23:43	출애굽기 12:37-38, 민수기 24:5, 신명기 31:13, 시편 78:6
24:2	출애굽기 27:20-21, 민수기 8:2
24:4	출애굽기 25:31, 출애굽기 39:33, 출애굽기 39:37, 히브리서 9:2
24:6	출애굽기 25:23-24, 열왕기상 7:48, 출애굽기 40:22-23, 사무엘상 21:4, 마가복음 2:25-26
24:7	레위기 2:2, 레위기 6:15
24:8	민수기 4:7, 역대기상 9:32, 역대기하 2:4
24:9	레위기 21:22, 레위기 22:10, 사무엘상 21:4, 사무엘상 21:6, 마태복음 12:3-4, 누가복음 6:3-4, 레위기 6:14, 레위기 6:16
24:10	출애굽기 12:38, 민수기 11:4
24:11	출애굽기 20:7, 출애굽기 22:28, 레위기 19:12, 출애굽기 18:22
24:12	출애굽기 18:15-16, 민수기 15:32, 민수기 15:34
24:14	민수기 15:32, 민수기 15:35, 신명기 17:7
24:16	신명기 5:11
24:17	창세기 9:6, 출애굽기 21:12, 민수기 35:31, 신명기 19:11-13
24:19	출애굽기 21:23-24
24:20	신명기 19:21, 마태복음 5:38
24:21	출애굽기 22:1, 창세기 9:6, 출애굽기 21:12
24:22	출애굽기 12:49, 레위기 17:10, 레위기 19:34, 민수기 9:14, 민수기 15:16
24:23	민수기 15:33, 민수기 15:36, 신명기 17:7
25:2	창세기 15:16, 레위기 26:34, 역대기하 36:20-21
25:3	출애굽기 23:10-11
25:9	레위기 16:30, 레위기 23:27-28
25:10	이사야 61:1-2, 누가복음 4:18-19, 로마서 8:20-21, 레위기 27:24, 민수기 36:4, 신명기 15:1
25:11	레위기 25:5
25:12	출애굽기 23:11, 레위기 25:6
25:13	레위기 25:29-30, 레위기 27:24
25:14	사무엘상 12:3, 잠언 14:31
25:15	레위기 27:18
25:17	레위기 19:13, 잠언 22:22, 레위기 25:43, 잠언 1:7, 잠언 8:13, 이사야 33:22
25:18	신명기 12:10, 시편 4:8, 잠언 1:33
25:19	시편 67:6, 레위기 26:3-5
25:20	레위기 25:4-5, 마태복음 6:25
25:21	창세기 26:12, 신명기 28:8, 말라기 3:10
25:23	열왕기상 21:3, 시편 24:1, 역대기상 29:15
25:25	룻기 2:20, 룻기 4:4-6
25:27	레위기 25:50
25:28	레위기 27:24, 레위기 25:10, 레위기 25:13
25:29	레위기 25:25-27
25:32	민수기 35:2, 민수기 35:8
25:33	레위기 25:28, 민수기 18:20, 민수기 35:2, 민수기 35:4, 신명기 18:1
25:34	민수기 35:7, 여호수아 14:4
25:35	출애굽기 22:21, 출애굽기 23:9, 레위기 19:34, 신명기 10:18, 신명기 15:7, 시편 41:1, 시편 112:5, 잠언 3:27, 잠언 19:17, 마가복음 14:7, 사도행전 11:29, 디모데 전서 6:18, 요한 1서 3:17
25:36	출애굽기 22:25, 신명기 23:19, 시편 15:5, 잠언 28:8, 잠언 8:13
25:37	신명기 23:20, 누가복음 6:34-35
25:38	출애굽기 6:7, 출애굽기 20:2, 열왕기상 8:51
25:39	출애굽기 21:2, 신명기 15:12, 열왕기상 9:22
25:40	레위기 25:53
25:41	출애굽기 21:3, 레위기 25:10
25:42	출애굽기 1:13-14, 출애굽기 19:5, 레위기 25:55
25:43	출애굽기 3:7, 에베소서 6:9, 골로새서 4:1, 레위기 25:17, 전도서 12:13
25:45	출애굽기 12:38, 여호수아 9:21
25:46	레위기 25:39, 레위기 25:43
25:48	레위기 25:25
25:49	레위기 25:26-27
25:50	레위기 25:10, 레위기 25:15-16, 신명기 15:18
25:53	레위기 25:40, 레위기 25:43, 골로새서 4:1
25:54	출애굽기 21:3
25:55	출애굽기 20:2, 레위기 25:42
26:1	신명기 5:8, 출애굽기 20:4, 레위기 19:4, 사도행전 17:29, 고린도 전서 8:4, 민수기 33:52, 다니엘 3:18, 고린도 전서 10:14
26:3	신명기 11:13-15, 전도서 12:13
26:4	신명기 28:12, 이사야 30:23, 에스겔 34:26, 요엘 2:23, 시편 67:6, 시편 85:12
26:5	레위기 25:18
26:6	역대기상 22:9, 시편 29:11, 학개 2:9, 미가 4:4
26:8	신명기 28:7, 여호수아 23:10, 사사기 7:15-16, 사사기 15:15-16, 역대기상 11:20
26:9	신명기 28:4, 출애굽기 6:4
26:11	출애굽기 25:8, 에스겔 37:26, 요한 계시록 21:3
26:12	신명기 23:14, 출애굽기 6:7, 고린도 후서 6:16
26:14	신명기 28:15
26:15	열왕기하 17:15, 출애굽기 24:7, 신명기 31:16, 히브리서 8:9
26:16	신명기 28:22, 신명기 28:33, 사사기 6:3
26:17	신명기 28:15, 신명기 28:25, 사사기 2:14, 사무엘상 4:10, 시편 106:41, 예레미야 애가 1:5, 레위기 26:36
26:19	신명기 11:17, 열왕기상 17:1
26:20	예레미야 12:13, 학개 1:6, 학개 1:10
26:22	신명기 32:24, 예레미야 15:3, 에스겔 5:17, 사사기 5:6, 이사야 33:8, 스가랴 7:14
26:23	이사야 1:16, 예레미야 2:30, 예레미야 5:3
26:25	출애굽기 24:7, 신명기 28:21, 예레미야 24:10, 아모스 4:10, 사사기 2:14, 사무엘상 4:10
26:26	에스겔 5:16, 에스겔 4:16, 이사야 9:20, 미가 6:14, 학개 1:6
26:28	예레미야 21:5
26:29	신명기 28:53, 열왕기하 6:29, 예레미야 19:9, 예레미야 애가 4:10, 에스겔 5:10
26:30	역대기하 34:3, 이사야 27:9, 열왕기상 13:2, 열왕기하 23:8, 열왕기하 23:20, 에스겔 6:5, 시편 78:58-59
26:31	열왕기하 25:9-10, 역대기하 36:17, 느헤미야 2:3, 이사야 1:7, 예레미야 4:7
26:32	예레미야 9:11, 신명기 28:37, 신명기 29:22-24, 예레미야 18:16, 예레미야 애가 2:15, 에스겔 5:15
26:33	시편 44:11, 예레미야 9:16, 에스겔 12:14, 스가랴 7:14
26:34	역대기하 36:20-21
26:36	이사야 24:6, 레위기 26:17, 이사야 30:17
26:37	여호수아 7:12, 사사기 2:14, 예레미야 37:10
26:38	신명기 4:27, 신명기 28:48, 예레미야 42:17
26:39	신명기 28:65, 출애굽기 20:5, 민수기 14:18
26:40	열왕기상 8:33, 느헤미야 9:2, 에스겔 6:9, 다니엘 9:5, 에스겔 36:31
26:41	열왕기상 8:47, 역대기하 36:20, 레위기 26:24, 신명기 30:6, 예레미야 4:4, 사도행전 7:51
26:42	창세기 28:13, 창세기 26:3, 창세기 12:7, 신명기 4:31, 시편 106:45
26:43	레위기 26:34, 역대기하 36:20-21, 열왕기하 17:15
26:44	신명기 4:31, 열왕기하 13:23, 느헤미야 9:31, 신명기 4:13, 예레미야 14:21
26:45	출애굽기 24:3, 출애굽기 24:8, 신명기 9:9, 에스겔 20:9
26:46	레위기 27:34, 신명기 6:1
27:2	신명기 23:21, 사사기 11:30-31, 사무엘상 1:11
27:8	레위기 5:7, 레위기 5:11, 레위기 12:8, 레위기 14:21, 누가복음 21:2-4, 고린도 후서 8:12
27:11	레위기 20:25, 신명기 14:7-8
27:13	레위기 27:19
27:14	레위기 27:11-12
27:17	레위기 25:10
27:18	레위기 25:15-16
27:21	민수기 18:8, 민수기 18:14
27:22	레위기 25:25
27:23	레위기 27:11-12, 레위기 27:18
27:24	레위기 25:10, 레위기 25:28
27:26	출애굽기 13:2, 민수기 18:17, 출애굽기 22:30, 신명기 15:19
27:27	레위기 27:11-13
27:28	민수기 18:8, 민수기 18:14
27:29	민수기 21:2, 여호수아 6:17, 사무엘상 15:3, 사무엘상 15:18
27:30	창세기 14:20, 창세기 28:22, 민수기 18:21, 민수기 18:26, 신명기 14:22, 역대기하 31:5, 느헤미야 13:12, 말라기 3:10, 누가복음 11:42, 히브리서 7:5
27:33	레위기 27:9-10
27:34	출애굽기 3:1, 민수기 1:1
