1:1	출애굽기 24:13, 민수기 11:28, 신명기 31:14
1:2	신명기 34:5, 신명기 3:28
1:3	신명기 11:24
1:4	민수기 13:29, 창세기 15:18, 출애굽기 23:31, 민수기 34:2-3, 신명기 1:7, 여호수아 15:1, 여호수아 15:4
1:5	신명기 7:24, 신명기 11:25, 출애굽기 3:12, 여호수아 3:7, 신명기 31:6
1:6	신명기 31:23, 창세기 12:7, 창세기 15:18, 창세기 26:3
1:7	신명기 5:32, 신명기 29:9, 열왕기상 2:3
1:8	신명기 6:6, 신명기 30:14, 신명기 17:18-19, 시편 1:1-2, 디모데 전서 4:15, 야고보서 1:25, 역대기상 22:13
1:9	출애굽기 23:27, 신명기 31:7-8
1:11	신명기 9:1, 여호수아 3:2-3
1:13	민수기 32:20-22, 여호수아 22:1-4
1:14	신명기 3:19-20, 신명기 29:8, 여호수아 13:8, 민수기 1:3, 민수기 26:2, 신명기 3:18
1:15	민수기 32:33, 여호수아 22:4, 여호수아 22:9
1:16	민수기 32:17, 민수기 32:25
1:17	민수기 27:18, 민수기 27:20, 신명기 34:9
1:18	신명기 17:12, 신명기 31:7, 여호수아 1:6, 여호수아 1:9
2:1	민수기 25:1, 민수기 33:49, 여호수아 6:17, 마태복음 1:5, 히브리서 11:31, 야고보서 2:25
2:7	사사기 3:28, 사사기 12:5
2:9	출애굽기 3:8, 출애굽기 23:27, 신명기 2:25, 신명기 11:25, 출애굽기 15:15, 여호수아 5:1
2:10	출애굽기 14:21, 출애굽기 15:13-14, 민수기 21:21-24, 민수기 21:33-34, 신명기 3:3, 여호수아 9:9-10
2:11	신명기 4:39, 역대기하 20:6, 다니엘 4:35
2:13	여호수아 6:23
2:15	히브리서 11:31
2:17	민수기 30:2
2:18	여호수아 6:23
2:20	여호수아 2:14
2:24	출애굽기 23:31, 여호수아 6:2, 여호수아 21:44, 출애굽기 15:14-16, 여호수아 2:9-11, 여호수아 5:1
3:1	민수기 25:1, 여호수아 2:1
3:2	신명기 1:15, 여호수아 1:10-11
3:3	민수기 4:15, 역대기상 15:2
3:5	출애굽기 19:10, 레위기 20:7, 출애굽기 34:10
3:6	출애굽기 25:10, 민수기 4:15
3:7	여호수아 4:14, 출애굽기 3:12, 출애굽기 14:31, 여호수아 1:5, 여호수아 1:17
3:8	여호수아 3:17
3:10	신명기 7:21, 출애굽기 3:8, 신명기 7:1, 시편 44:2
3:12	여호수아 4:2-3
3:13	시편 114:1, 시편 114:3
3:14	출애굽기 25:10, 여호수아 3:6, 사도행전 7:44-45
3:15	여호수아 4:18, 역대기상 12:15
3:17	여호수아 4:3, 시편 66:6
4:2	여호수아 3:12-13
4:3	여호수아 3:17, 여호수아 4:19-20
4:6	출애굽기 13:14, 신명기 6:20-21, 시편 78:3-4
4:7	여호수아 3:13, 여호수아 3:16, 신명기 4:9
4:9	여호수아 3:17
4:11	여호수아 3:8, 여호수아 3:17
4:12	민수기 32:20-22, 민수기 32:25-29, 여호수아 1:12, 여호수아 1:14
4:14	여호수아 3:7, 출애굽기 14:31
4:16	출애굽기 25:22
4:18	민수기 4:15, 여호수아 3:13, 여호수아 3:15
4:19	여호수아 4:3, 여호수아 5:8-9, 여호수아 10:6
4:20	여호수아 4:8
4:21	시편 44:1
4:22	여호수아 3:17, 시편 66:6
4:23	출애굽기 14:21, 이사야 63:12, 히브리서 11:29
4:24	출애굽기 9:16, 출애굽기 15:6, 신명기 28:10, 사무엘상 17:46, 열왕기하 19:19, 시편 106:8
5:1	창세기 10:15-16, 민수기 13:29, 출애굽기 15:15, 여호수아 2:24, 여호수아 2:9-11
5:2	창세기 17:9-11
5:3	여호수아 5:8-9
5:4	민수기 14:29, 민수기 26:65, 신명기 2:14
5:6	민수기 14:22-23, 민수기 14:33, 신명기 1:3, 출애굽기 3:8, 민수기 13:26-27, 에스겔 20:6, 창세기 13:14-15, 출애굽기 33:1, 신명기 1:35
5:7	민수기 14:31
5:9	여호수아 4:19, 여호수아 5:3
5:10	출애굽기 12:24-25, 민수기 9:5
5:11	출애굽기 12:18
5:12	출애굽기 16:35, 신명기 6:10-12, 신명기 8:10
5:13	창세기 18:2, 사사기 13:6, 사도행전 1:10, 출애굽기 23:23, 민수기 22:23, 역대기상 21:16
5:14	출애굽기 23:20, 열왕기상 22:19, 다니엘 10:13
5:15	출애굽기 3:4-5
6:1	여호수아 2:9
6:2	민수기 14:9, 신명기 7:24, 느헤미야 9:24
6:4	사사기 7:22
6:5	히브리서 11:30
6:6	민수기 4:15
6:7	민수기 10:14, 민수기 10:18, 민수기 10:22, 여호수아 1:12, 여호수아 1:14
6:12	역대기상 15:2
6:14	여호수아 6:3
6:15	여호수아 6:4
6:16	여호수아 6:5, 여호수아 6:10
6:17	레위기 27:29, 신명기 7:2, 신명기 20:16, 여호수아 2:1, 마태복음 1:5, 히브리서 11:31, 창세기 12:3, 여호수아 2:4, 여호수아 2:6, 야고보서 2:25
6:18	신명기 7:26, 신명기 13:17, 여호수아 7:11, 여호수아 7:21, 여호수아 7:25
6:19	민수기 31:22-23, 여호수아 6:24, 열왕기상 7:51, 역대기상 18:11
6:20	여호수아 6:4, 여호수아 6:16, 여호수아 6:5, 히브리서 11:30
6:21	신명기 7:2, 신명기 20:16
6:22	여호수아 2:14, 히브리서 11:31
6:23	여호수아 2:12-13, 여호수아 2:17-19
6:24	여호수아 6:19
6:25	여호수아 2:14, 여호수아 6:17, 여호수아 6:22, 마태복음 1:5, 히브리서 6:10, 야고보서 2:25
6:26	열왕기상 16:34
6:27	신명기 31:6, 여호수아 1:5, 여호수아 9:1-2, 여호수아 9:9-10
7:1	여호수아 22:20, 역대기상 2:7, 신명기 7:26, 여호수아 6:17-18
7:2	창세기 28:19, 창세기 12:8
7:4	레위기 26:14, 레위기 26:17, 신명기 28:15, 신명기 28:25, 신명기 32:30
7:9	신명기 32:26-27, 시편 106:8, 시편 143:11, 에스겔 20:9
7:11	출애굽기 24:7, 여호수아 6:17, 출애굽기 20:15, 여호수아 7:21
7:12	신명기 7:26, 여호수아 6:18, 이사야 59:2
7:13	출애굽기 19:10
7:14	잠언 16:33
7:15	여호수아 1:18, 여호수아 7:25, 출애굽기 24:7
7:17	창세기 38:30, 민수기 26:20, 역대기상 2:4, 역대기상 2:6
7:18	잠언 16:33, 사도행전 5:3
7:21	창세기 10:10
7:24	여호수아 22:20, 여호수아 6:19, 여호수아 15:7, 여호수아 15:12, 이사야 65:10, 호세아 2:15
7:25	여호수아 6:18, 역대기상 2:7, 레위기 24:14, 여호수아 1:18, 여호수아 7:15
7:26	신명기 13:17
8:1	신명기 7:18, 신명기 31:8, 여호수아 1:9, 이사야 12:2, 로마서 8:31, 시편 44:3
8:2	여호수아 6:2, 여호수아 6:21
8:5	여호수아 7:5
8:6	여호수아 8:16
8:8	여호수아 8:19, 여호수아 8:28
8:11	여호수아 8:1, 여호수아 8:3
8:12	창세기 28:19, 여호수아 8:2
8:13	여호수아 8:5, 여호수아 8:4
8:15	여호수아 8:6
8:18	출애굽기 17:11, 여호수아 8:26, 신명기 7:24
8:19	여호수아 8:8, 여호수아 8:28
8:22	레위기 27:29, 신명기 7:2
8:23	여호수아 8:29, 여호수아 12:7, 여호수아 12:9
8:26	레위기 27:29, 출애굽기 17:11, 여호수아 8:18
8:27	여호수아 8:2
8:28	여호수아 8:8
8:29	신명기 21:22-23
8:30	신명기 11:29, 신명기 27:4-5
8:31	신명기 31:9, 여호수아 1:8, 출애굽기 20:25, 신명기 27:6-7
8:32	출애굽기 24:4, 출애굽기 34:27, 신명기 27:2-3
8:33	레위기 24:22, 민수기 15:16, 신명기 11:29, 신명기 27:12-13
8:34	신명기 31:9, 느헤미야 8:3, 신명기 28:2, 신명기 27:15, 신명기 28:15
8:35	레위기 24:22, 민수기 15:16, 신명기 29:10-11, 신명기 31:12, 느헤미야 8:2, 신명기 4:2, 신명기 12:32
9:1	여호수아 12:7-8, 민수기 34:2, 민수기 34:6, 창세기 15:18-21, 출애굽기 3:17, 출애굽기 23:23, 신명기 7:1
9:2	여호수아 24:11
9:3	여호수아 10:2, 여호수아 11:19, 여호수아 6:20, 여호수아 8:24
9:6	여호수아 5:10, 여호수아 10:43
9:7	창세기 10:15, 창세기 10:17, 창세기 34:2, 출애굽기 3:8, 출애굽기 34:12, 신명기 7:2, 신명기 20:16-18
9:9	신명기 20:10, 신명기 20:15, 출애굽기 9:16, 출애굽기 15:13-14, 여호수아 2:9-10
9:10	민수기 21:21-24, 신명기 2:32-34, 민수기 21:33-35, 신명기 3:3
9:11	신명기 20:10-11, 여호수아 9:6
9:12	여호수아 9:5
9:13	여호수아 9:4
9:14	민수기 27:18, 민수기 27:21, 사무엘상 30:7-8
9:15	여호수아 11:19, 사무엘하 21:2
9:17	여호수아 10:2, 여호수아 18:11, 여호수아 18:14, 사무엘상 7:1, 역대기상 13:5
9:18	민수기 30:2, 신명기 6:13
9:20	사무엘하 21:1, 시편 15:4, 전도서 5:4, 전도서 5:6
9:22	여호수아 9:6, 여호수아 9:16
9:23	창세기 9:25-26
9:24	신명기 7:1, 신명기 20:16, 신명기 2:25, 신명기 11:25, 여호수아 5:1, 히브리서 11:31
9:27	여호수아 9:21, 열왕기상 8:29, 역대기하 6:6, 역대기상 9:2, 에스라 7:24, 에스라 8:17, 느헤미야 3:26, 느헤미야 7:60
10:1	여호수아 6:2, 여호수아 6:21, 여호수아 8:24, 여호수아 8:29, 여호수아 9:9, 여호수아 9:15, 여호수아 11:19
10:2	신명기 2:25, 신명기 11:25, 여호수아 2:10-11, 여호수아 5:1, 여호수아 8:25
10:3	창세기 23:2, 민수기 13:22, 여호수아 12:7, 여호수아 12:10-12
10:4	여호수아 9:9, 여호수아 9:15, 여호수아 11:19
10:5	창세기 15:16
10:6	여호수아 5:10, 여호수아 9:25, 여호수아 9:27
10:7	여호수아 8:3
10:8	신명기 3:2, 신명기 20:1, 신명기 7:24, 여호수아 11:6, 여호수아 1:3-5
10:10	시편 44:3
10:12	열왕기하 20:10, 시편 135:6, 이사야 28:21, 이사야 38:8
10:13	사무엘하 1:17-18
10:14	신명기 9:18-19, 열왕기상 17:22, 야고보서 5:16, 신명기 1:30, 여호수아 23:3
10:15	여호수아 5:10, 여호수아 9:6
10:16	여호수아 10:10
10:17	여호수아 10:28
10:19	신명기 28:7
10:23	여호수아 10:3-5, 여호수아 12:7, 여호수아 12:10-12
10:24	출애굽기 23:27
10:25	신명기 31:6, 여호수아 1:9, 신명기 3:21, 신명기 7:18-19
10:27	신명기 21:22-23, 여호수아 8:29
10:28	여호수아 10:10, 여호수아 15:20, 여호수아 15:41, 신명기 20:16, 여호수아 12:7, 여호수아 12:16
10:29	여호수아 15:20, 여호수아 15:42, 여호수아 21:13
10:30	여호수아 12:7, 여호수아 12:15, 여호수아 6:2, 여호수아 6:21
10:31	여호수아 10:3-4, 여호수아 12:7, 여호수아 12:11, 여호수아 15:20, 여호수아 15:39
10:32	신명기 20:16
10:33	여호수아 12:7, 여호수아 12:12, 여호수아 16:10, 여호수아 21:20-21, 열왕기상 9:16
10:34	여호수아 10:3-4, 여호수아 12:7, 여호수아 12:12, 여호수아 15:20, 여호수아 15:39
10:35	신명기 20:16, 여호수아 10:32
10:36	창세기 13:18, 창세기 23:19, 민수기 13:22, 여호수아 10:3-4, 여호수아 15:13, 여호수아 21:13
10:38	여호수아 12:7, 여호수아 12:13, 여호수아 15:15
10:39	신명기 7:2, 여호수아 11:14
10:40	여호수아 9:1-2, 사사기 1:9, 신명기 7:2, 신명기 9:5, 레위기 27:29, 신명기 20:16, 여호수아 11:14
10:41	민수기 34:2, 민수기 34:4, 신명기 9:23, 신명기 2:23, 여호수아 15:20, 여호수아 15:51, 여호수아 11:16, 여호수아 11:19
10:42	출애굽기 14:14, 신명기 1:30
10:43	여호수아 4:19
11:1	여호수아 12:7, 여호수아 12:19, 여호수아 12:7, 여호수아 12:20
11:2	여호수아 17:11, 사사기 1:27
11:3	민수기 13:29, 창세기 15:16, 신명기 4:48, 신명기 7:1, 신명기 20:17
11:6	여호수아 10:8, 신명기 17:16, 잠언 21:31
11:8	여호수아 21:44, 창세기 10:19, 여호수아 19:28, 여호수아 19:31, 여호수아 13:1, 여호수아 13:6, 신명기 20:16
11:9	여호수아 11:6
11:10	여호수아 12:7, 여호수아 12:19
11:11	레위기 27:29, 신명기 20:16, 여호수아 11:14
11:12	신명기 9:5, 신명기 7:2, 신명기 7:16
11:14	여호수아 8:2, 여호수아 8:27, 신명기 7:2, 신명기 20:16
11:15	신명기 3:28, 신명기 7:1, 신명기 31:7, 신명기 4:2, 신명기 4:5
11:16	민수기 13:17, 신명기 1:7, 여호수아 10:40-41, 여호수아 12:7-8
11:17	신명기 4:48, 여호수아 13:8, 여호수아 13:11, 여호수아 13:1, 여호수아 13:5
11:19	여호수아 9:7, 여호수아 9:15, 신명기 20:17
11:20	신명기 2:30, 출애굽기 34:12, 신명기 7:2, 신명기 20:16
11:21	민수기 13:22, 신명기 1:28, 여호수아 15:13-14, 레위기 27:29, 여호수아 11:12, 여호수아 24:11
11:22	사사기 1:18, 사무엘상 17:4, 역대기하 26:1, 역대기하 26:6, 출애굽기 23:28-30
11:23	출애굽기 23:27, 신명기 11:23, 민수기 26:53-54, 여호수아 14:1, 여호수아 14:15, 여호수아 21:44, 여호수아 23:1
12:1	신명기 2:24, 신명기 3:8, 신명기 4:47-49
12:2	민수기 21:23-24, 민수기 21:13, 신명기 3:12
12:3	요한복음 6:1, 신명기 3:27
12:4	민수기 21:33-35, 신명기 3:11
12:5	신명기 29:7, 여호수아 13:13, 민수기 21:26
12:6	민수기 21:23-24, 민수기 21:33-35, 민수기 32:33, 신명기 3:12-13
12:7	여호수아 1:4, 여호수아 13:1, 여호수아 13:5, 신명기 2:12, 여호수아 11:16-17, 여호수아 11:23
12:8	여호수아 10:40, 여호수아 11:16, 창세기 15:16, 출애굽기 3:8, 출애굽기 23:23, 신명기 7:1
12:9	여호수아 6:2, 여호수아 8:29
12:10	여호수아 10:23, 여호수아 10:26
12:12	여호수아 10:33
12:13	여호수아 10:38
12:15	여호수아 10:29
12:16	여호수아 10:28, 사사기 1:22
12:19	여호수아 11:1, 여호수아 11:10
12:22	여호수아 21:34
12:23	여호수아 11:1-2
13:1	여호수아 23:1, 여호수아 24:29
13:2	출애굽기 23:29-30, 사무엘상 27:8
13:3	창세기 10:19, 사사기 3:1, 사사기 3:3, 사무엘상 6:4, 여호수아 15:20, 여호수아 15:46, 사사기 14:19, 사무엘하 21:19, 사무엘상 5:10, 신명기 2:23
13:4	사사기 1:31
13:5	열왕기상 5:18, 민수기 34:2, 민수기 34:8
13:6	신명기 3:25, 여호수아 11:8, 사사기 3:1-3, 출애굽기 23:30, 민수기 34:17, 여호수아 14:1
13:7	민수기 33:54
13:8	민수기 32:33, 여호수아 22:4
13:9	민수기 21:13, 신명기 3:12
13:10	민수기 21:23-24
13:11	신명기 3:14, 여호수아 17:1, 역대기상 5:11
13:12	신명기 3:11, 민수기 21:23-24, 민수기 21:33-35
13:13	민수기 33:55, 여호수아 23:12-13
13:14	민수기 18:20, 신명기 10:9, 신명기 12:12, 레위기 7:33-35, 신명기 18:1, 민수기 18:24
13:17	민수기 21:25-26, 민수기 32:37-38
13:18	민수기 21:23, 신명기 2:26, 여호수아 21:8, 여호수아 21:37
13:19	민수기 32:37-38
13:20	신명기 3:16-17, 민수기 33:48-49
13:21	민수기 21:25, 신명기 2:30, 민수기 31:7-8
13:22	민수기 22:7, 민수기 22:5, 베드로 후서 2:15
13:25	민수기 32:34-35, 사무엘하 11:1, 여호수아 12:2, 사사기 11:13
13:26	민수기 21:26, 창세기 32:2, 여호수아 21:8, 여호수아 21:38
13:27	민수기 32:34, 민수기 32:36, 창세기 33:17, 민수기 21:26, 민수기 34:2, 민수기 34:11, 신명기 3:16-17, 요한복음 6:1
13:29	신명기 3:13
13:30	역대기상 6:77, 역대기상 6:80, 민수기 32:40-41, 신명기 3:14
13:31	민수기 21:33, 민수기 32:39
13:32	민수기 32:33
13:33	신명기 10:9, 여호수아 18:7, 민수기 18:24, 민수기 26:62-63, 신명기 18:1
14:1	민수기 34:17, 여호수아 19:51
14:2	민수기 34:13, 민수기 26:55, 민수기 33:54, 잠언 16:33, 사도행전 13:19
14:3	민수기 32:29, 신명기 10:9, 여호수아 13:14
14:4	창세기 48:19-20, 창세기 48:5, 역대기상 5:2, 민수기 35:7, 여호수아 21:1-2, 민수기 35:2, 민수기 35:5
14:6	여호수아 4:19, 여호수아 10:43, 민수기 32:11-12, 민수기 13:26, 민수기 12:7-8, 신명기 1:35-36
14:7	민수기 13:2, 민수기 13:6, 민수기 13:30, 민수기 14:6-7
14:8	민수기 14:24, 민수기 32:11-12
14:9	신명기 1:36
14:10	민수기 14:33, 여호수아 21:45, 민수기 14:29-30
14:12	민수기 13:33, 민수기 13:22, 민수기 13:28, 민수기 14:8, 로마서 8:31, 여호수아 15:14, 사사기 1:20
14:13	여호수아 10:36-37, 여호수아 15:13, 여호수아 21:11-12, 역대기상 6:55-56
14:14	민수기 14:24, 신명기 1:35-36, 여호수아 14:8
14:15	창세기 23:2, 레위기 26:6, 여호수아 11:23
15:1	민수기 26:55, 창세기 36:19
15:2	민수기 34:2-3
15:3	사사기 1:36, 민수기 34:4
15:4	민수기 34:2, 민수기 34:5, 열왕기상 8:65
15:5	민수기 34:12
15:6	여호수아 18:19-20, 여호수아 18:21-22, 여호수아 18:17, 여호수아 18:20
15:7	여호수아 7:26, 여호수아 5:8-9, 여호수아 18:17, 여호수아 18:20, 열왕기상 1:9
15:8	여호수아 18:16, 여호수아 18:20, 열왕기하 23:10, 예레미야 7:31, 사사기 1:21, 여호수아 18:28, 사사기 19:10
15:9	여호수아 18:15, 여호수아 18:20, 여호수아 9:16-17, 사무엘하 6:2, 역대기상 13:6
15:10	여호수아 21:8, 여호수아 21:16, 여호수아 19:43, 여호수아 19:48, 사사기 14:1-2, 역대기하 28:18
15:11	사무엘상 5:10, 사무엘상 7:14, 열왕기하 1:2
15:12	민수기 34:2, 민수기 34:6, 신명기 11:24
15:13	민수기 13:30, 신명기 1:36, 창세기 23:2, 창세기 35:27, 여호수아 20:7, 여호수아 21:11-12
15:14	민수기 13:33, 여호수아 11:21, 민수기 13:22, 사사기 1:10, 사사기 1:20
15:15	여호수아 10:38-39
15:17	역대기상 4:13, 사사기 3:9-11, 역대기상 2:49
15:18	사사기 1:14-15
15:21	민수기 34:2-3, 신명기 2:5
15:26	여호수아 19:1-2
15:27	느헤미야 11:25-26
15:28	창세기 21:31, 여호수아 19:1-3
15:30	민수기 14:44-45, 여호수아 19:1, 여호수아 19:4, 사사기 1:17
15:31	여호수아 19:1, 여호수아 19:5, 사무엘상 27:5-6, 역대기상 12:1
15:32	여호수아 19:1, 여호수아 19:7, 느헤미야 11:25, 느헤미야 11:29
15:33	사사기 1:9, 여호수아 19:40-41, 사사기 16:31
15:35	사무엘상 22:1, 사무엘상 17:1
15:36	사무엘상 17:52
15:39	열왕기하 18:14
15:41	여호수아 10:28
15:42	여호수아 10:29, 열왕기하 8:22, 여호수아 19:1, 여호수아 19:7
15:47	사무엘상 5:1, 창세기 10:19, 민수기 34:2, 민수기 34:5
15:48	여호수아 21:8, 여호수아 21:14
15:50	역대기상 6:57
15:51	여호수아 11:16, 사무엘하 15:12
15:54	여호수아 14:15
15:55	사무엘상 23:25, 사무엘상 25:2-3, 사무엘상 23:14
15:57	창세기 38:12
15:60	여호수아 9:16-17, 여호수아 18:11, 여호수아 18:14, 사무엘상 7:1
15:61	여호수아 18:21-22
15:62	사무엘상 23:29
15:63	창세기 10:15-16, 역대기상 11:4, 민수기 33:55, 사사기 1:8, 사사기 1:21, 사사기 19:11, 사무엘하 5:6
16:1	민수기 26:55, 민수기 33:54, 잠언 16:33, 창세기 49:22, 신명기 33:13, 여호수아 18:11, 여호수아 18:13
16:3	여호수아 18:11, 여호수아 18:13, 역대기상 7:24, 역대기상 7:20, 역대기상 7:28
16:4	창세기 48:5, 신명기 33:13-15, 여호수아 17:17-18
16:5	여호수아 18:11, 여호수아 18:13, 역대기하 8:1, 역대기하 8:5
16:6	여호수아 17:7
16:7	여호수아 6:20, 여호수아 6:26
16:8	여호수아 17:8, 민수기 34:2, 민수기 34:6
16:9	여호수아 17:9
16:10	사사기 1:29, 민수기 33:52, 민수기 33:55, 여호수아 17:13
17:1	창세기 41:51, 창세기 46:20, 창세기 48:17-18, 민수기 26:55, 민수기 33:54, 잠언 16:33, 신명기 21:17, 창세기 50:23, 민수기 26:29, 역대기상 7:14, 신명기 3:13, 여호수아 13:31
17:2	사사기 6:11, 민수기 26:29-32
17:3	민수기 26:33
17:4	민수기 27:1-2, 민수기 34:17, 여호수아 14:1, 민수기 27:7, 민수기 27:11, 민수기 36:6, 민수기 36:12
17:5	여호수아 13:29
17:7	여호수아 20:7, 여호수아 24:1, 역대기상 6:66-67, 여호수아 16:5-6
17:8	여호수아 16:8
17:9	여호수아 16:9, 여호수아 16:8
17:10	민수기 34:2, 민수기 34:6
17:11	열왕기하 9:27, 여호수아 12:7, 여호수아 12:23, 사무엘상 28:7, 여호수아 12:7, 여호수아 12:21
17:12	사사기 1:27
17:13	여호수아 16:10, 사사기 1:30, 역대기하 8:8, 출애굽기 23:33, 민수기 33:55, 신명기 20:16-17, 여호수아 23:12-13, 사사기 1:28
17:14	창세기 48:19, 민수기 26:34, 민수기 26:37, 민수기 33:54
17:15	출애굽기 33:2, 창세기 15:18-20, 여호수아 24:33
17:16	여호수아 17:11, 여호수아 19:17-18, 사사기 6:33, 신명기 20:1, 사사기 1:19
17:17	여호수아 17:14
17:18	민수기 33:53, 여호수아 20:7, 사사기 4:5, 신명기 20:1, 신명기 31:6, 여호수아 13:6, 잠언 21:31
18:1	여호수아 19:51, 여호수아 22:9, 사사기 21:19, 사무엘상 1:3, 사무엘상 4:3, 시편 78:60, 예레미야 7:12, 사도행전 7:44-45, 민수기 14:8, 신명기 7:22, 신명기 33:29
18:3	민수기 33:53, 민수기 33:55
18:5	민수기 34:13, 여호수아 19:51, 여호수아 15:1, 여호수아 16:1, 여호수아 16:4
18:6	민수기 26:55, 민수기 33:54, 여호수아 14:2, 잠언 16:33, 사도행전 13:19
18:7	민수기 18:20, 여호수아 13:33, 신명기 10:9, 신명기 18:1, 신명기 3:12-13
18:8	여호수아 19:51, 사사기 21:19
18:10	잠언 16:33, 민수기 33:54, 사도행전 13:19
18:11	여호수아 15:1, 여호수아 16:1
18:12	여호수아 2:1, 여호수아 16:1, 여호수아 7:2
18:13	창세기 28:18-19, 여호수아 10:11, 여호수아 21:20, 여호수아 21:22, 여호수아 16:5
18:14	여호수아 15:9
18:15	여호수아 15:9, 여호수아 15:12
18:16	신명기 2:11, 여호수아 15:8, 여호수아 15:12, 예레미야 7:31, 예레미야 19:2, 마태복음 5:22, 여호수아 15:63, 여호수아 15:7, 여호수아 15:12, 열왕기상 1:9
18:17	여호수아 15:7, 여호수아 15:12, 여호수아 15:6, 여호수아 15:12, 신명기 19:14
18:19	여호수아 15:6, 여호수아 15:12, 민수기 34:12
18:22	여호수아 15:6, 여호수아 15:12, 창세기 12:8, 열왕기상 12:28-29
18:24	여호수아 21:8, 여호수아 21:17
18:25	여호수아 9:16-17, 열왕기상 3:4
18:28	사무엘하 21:14, 여호수아 15:8, 여호수아 15:12, 역대기상 11:4, 역대기하 3:1, 사무엘상 10:26
19:1	창세기 46:10, 여호수아 18:6, 창세기 49:5, 창세기 49:7
19:2	창세기 21:31, 창세기 26:32-33, 여호수아 15:21, 여호수아 15:28, 여호수아 15:21, 여호수아 15:26, 역대기상 4:28-31
19:3	여호수아 15:21, 여호수아 15:28, 여호수아 15:20, 여호수아 15:29
19:4	여호수아 15:21, 여호수아 15:30
19:5	여호수아 15:21, 여호수아 15:31, 사무엘상 27:6
19:6	여호수아 15:21, 여호수아 15:32
19:7	여호수아 15:20, 여호수아 15:42, 역대기상 4:24, 역대기상 4:32, 역대기상 6:59, 역대기상 6:64
19:9	사사기 1:3
19:10	창세기 49:13, 여호수아 18:6
19:12	여호수아 21:27-28
19:13	열왕기하 14:25
19:15	여호수아 12:7, 여호수아 12:20, 사사기 12:8
19:16	민수기 26:27
19:17	창세기 49:14, 민수기 33:54
19:18	여호수아 17:16, 사사기 6:33, 열왕기상 21:1, 사무엘상 28:4, 열왕기상 1:3, 열왕기하 4:8
19:21	여호수아 21:8, 여호수아 21:29
19:22	사사기 4:6
19:23	민수기 26:25
19:24	창세기 49:20, 민수기 26:55, 여호수아 18:6
19:25	여호수아 21:8, 여호수아 21:31
19:26	열왕기상 18:19
19:28	창세기 10:15, 사사기 1:31
19:29	사무엘하 5:11, 열왕기상 5:1
19:30	사사기 1:31, 여호수아 21:8, 여호수아 21:31
19:31	민수기 26:47
19:32	민수기 26:55, 여호수아 18:6
19:33	사사기 4:11
19:35	여호수아 21:32
19:36	여호수아 11:10, 사사기 4:2, 사무엘상 12:9
19:37	여호수아 20:7
19:38	사사기 1:33
19:39	민수기 26:50
19:40	창세기 49:17, 여호수아 18:6
19:41	여호수아 15:20, 여호수아 15:33, 사사기 13:2
19:42	사사기 1:35, 여호수아 10:12, 여호수아 21:8, 여호수아 21:24
19:43	사사기 14:1, 여호수아 15:20, 여호수아 15:45
19:44	여호수아 21:8, 여호수아 21:23
19:45	여호수아 21:8, 여호수아 21:24
19:46	요나 1:3, 사도행전 9:36
19:47	민수기 26:54, 민수기 33:54, 사사기 18:7, 사사기 18:29
19:50	여호수아 24:29-30
19:51	사사기 21:19, 예레미야 7:12, 민수기 34:17, 여호수아 14:1, 여호수아 18:1, 여호수아 18:8
20:2	출애굽기 21:12-13, 민수기 35:14-15, 신명기 4:41
20:3	창세기 9:6, 출애굽기 21:23, 민수기 35:26-27
20:4	신명기 19:3, 잠언 31:23
20:5	민수기 35:22-24, 신명기 19:4-6
20:6	민수기 35:12, 민수기 35:24, 민수기 35:25, 민수기 35:28
20:7	여호수아 21:32, 창세기 33:18, 여호수아 21:20-21, 여호수아 14:15, 여호수아 21:13
20:8	여호수아 21:8, 여호수아 21:36, 역대기상 6:77-78, 여호수아 21:8, 여호수아 21:38, 역대기상 6:77, 역대기상 6:80, 여호수아 21:27, 역대기상 6:71, 신명기 4:41-43
20:9	민수기 35:11, 민수기 35:15, 민수기 35:12, 민수기 35:24, 신명기 21:5
21:1	민수기 34:17
21:2	여호수아 18:1, 레위기 25:33-34, 민수기 35:2-4, 여호수아 14:4
21:3	민수기 35:8, 창세기 49:5, 창세기 49:7
21:4	창세기 46:11, 민수기 3:27-31, 역대기상 6:54-55, 여호수아 19:1, 역대기상 6:60, 역대기상 6:64
21:5	역대기상 6:66, 역대기상 6:61, 역대기상 6:70
21:6	출애굽기 6:17, 민수기 3:21-22, 민수기 32:33, 역대기상 6:62
21:7	출애굽기 6:19, 역대기상 6:63
21:8	민수기 35:2, 민수기 35:5
21:9	역대기상 6:64-65
21:11	창세기 23:2, 창세기 35:27, 여호수아 15:13-14, 여호수아 20:7, 사사기 1:10, 사무엘하 2:1, 사무엘하 15:10, 역대기상 6:54-56
21:12	사사기 1:20
21:13	민수기 35:6, 민수기 35:15, 여호수아 15:20, 여호수아 15:54, 여호수아 15:20, 여호수아 15:42
21:14	여호수아 15:20, 여호수아 15:48, 여호수아 15:20, 여호수아 15:50
21:15	여호수아 15:20, 여호수아 15:51, 여호수아 15:20, 여호수아 15:49, 역대기상 6:57-58
21:16	여호수아 19:1, 여호수아 19:7, 여호수아 15:20, 여호수아 15:55
21:17	여호수아 9:3, 여호수아 18:21, 여호수아 18:25, 역대기상 6:57, 역대기상 6:60
21:18	예레미야 1:1
21:19	레위기 25:33-34, 민수기 35:4
21:21	민수기 35:11, 민수기 35:15, 여호수아 20:7, 열왕기상 12:1, 여호수아 16:10
21:22	여호수아 16:1, 여호수아 16:3, 여호수아 18:11, 여호수아 18:13
21:24	여호수아 10:12, 사사기 1:35, 역대기하 28:18
21:25	여호수아 17:11
21:27	여호수아 21:6, 역대기상 6:71
21:28	역대기상 6:72-73, 여호수아 19:12, 여호수아 19:16
21:30	역대기상 6:74-75
21:31	여호수아 19:25, 여호수아 19:31, 여호수아 19:28, 여호수아 19:31, 사사기 1:31
21:32	민수기 35:14-15, 여호수아 20:7
21:34	여호수아 21:7, 역대기상 6:77, 여호수아 19:10-11
21:35	사사기 1:30
21:36	신명기 4:41-43, 여호수아 20:8, 역대기상 6:78-79
21:38	역대기상 6:80-81, 여호수아 20:8-9, 열왕기상 22:3, 창세기 32:2, 사무엘하 2:8
21:39	민수기 21:26, 민수기 32:37, 민수기 32:1
21:41	민수기 35:5, 민수기 35:7
21:43	창세기 13:14-15, 창세기 15:18, 창세기 26:3, 창세기 28:4, 출애굽기 23:30
21:44	출애굽기 33:14, 신명기 12:10, 여호수아 1:13, 여호수아 11:23, 여호수아 22:4, 신명기 28:7, 신명기 7:24, 신명기 31:3
21:45	여호수아 23:14, 열왕기상 8:56, 히브리서 6:18
22:2	민수기 32:20-22, 신명기 3:18, 여호수아 1:16
22:3	여호수아 11:18, 민수기 32:25-27
22:4	여호수아 21:44, 민수기 32:33
22:5	신명기 6:6, 신명기 12:32, 열왕기하 21:8, 신명기 6:5, 신명기 11:1, 마태복음 22:37, 신명기 10:12, 신명기 13:4, 요한 1서 5:3, 신명기 4:4, 신명기 10:20, 여호수아 23:8, 신명기 4:29, 신명기 11:13, 마가복음 12:30, 마가복음 12:33, 신명기 6:13, 여호수아 24:15, 누가복음 4:8
22:7	여호수아 13:29-30, 여호수아 17:5
22:8	신명기 28:8, 민수기 31:27
22:9	민수기 32:1, 민수기 32:33
22:11	신명기 13:12-15
22:12	여호수아 18:1, 여호수아 19:51
22:13	출애굽기 6:25, 민수기 25:11, 사사기 20:28
22:14	민수기 1:16, 신명기 1:13
22:16	여호수아 22:11-12, 신명기 12:13-14
22:17	민수기 25:3, 민수기 25:9, 신명기 4:3
22:18	여호수아 7:1, 역대기상 21:14
22:19	여호수아 18:1, 민수기 34:2, 여호수아 1:11, 신명기 12:13-14
22:20	여호수아 7:1, 여호수아 7:11, 여호수아 7:15, 여호수아 7:5, 여호수아 7:24-25
22:21	여호수아 22:13-14
22:22	신명기 10:17
22:23	신명기 12:11, 신명기 12:13
22:27	신명기 12:5-6, 창세기 31:48, 여호수아 24:27
22:29	신명기 6:14, 신명기 12:14
22:30	여호수아 22:13-14
23:1	출애굽기 33:14, 레위기 26:6, 여호수아 21:44, 여호수아 13:1
23:2	신명기 16:18, 신명기 31:28
23:3	신명기 20:4, 여호수아 10:11-14, 여호수아 10:40, 여호수아 10:42
23:4	여호수아 13:2-6, 신명기 7:1, 여호수아 18:10
23:5	출애굽기 23:30, 출애굽기 33:2, 신명기 11:23, 민수기 33:53
23:6	출애굽기 24:7, 신명기 17:18, 신명기 31:26, 신명기 5:32, 신명기 12:32, 여호수아 1:7-8
23:7	출애굽기 23:33, 신명기 7:2, 출애굽기 23:13, 출애굽기 20:5
23:8	신명기 10:20, 여호수아 22:5
23:9	여호수아 1:3-5, 신명기 11:23
23:10	신명기 28:7, 출애굽기 23:27, 신명기 3:22, 레위기 26:8, 사사기 3:31, 사무엘하 23:8
23:11	신명기 4:9, 여호수아 22:5, 신명기 6:5
23:12	출애굽기 23:29, 여호수아 13:2-6, 출애굽기 34:16, 신명기 7:3, 사사기 3:6, 열왕기상 11:4, 에스라 9:2
23:13	사사기 2:3, 사사기 2:21, 민수기 33:55
23:14	여호수아 21:45, 열왕기상 8:56
23:15	레위기 26:3-12, 신명기 28:1, 레위기 26:14-17, 신명기 28:15, 신명기 28:63
23:16	열왕기하 24:20, 여호수아 23:12-13
24:1	출애굽기 18:25, 여호수아 23:2
24:2	창세기 11:26-27, 창세기 11:28, 창세기 11:31, 여호수아 24:15
24:3	창세기 12:1, 느헤미야 9:7, 사도행전 7:2, 창세기 15:1, 창세기 15:5, 창세기 21:3
24:4	창세기 25:26, 창세기 36:8, 신명기 2:5, 창세기 46:2-3
24:5	출애굽기 3:10, 출애굽기 11:1
24:6	출애굽기 12:37, 출애굽기 14:9
24:7	출애굽기 14:10, 출애굽기 14:20, 출애굽기 14:27, 시편 106:11, 출애굽기 3:20, 신명기 4:34, 민수기 14:34
24:8	민수기 21:23, 느헤미야 9:22
24:9	민수기 22:2, 민수기 22:5, 신명기 23:3-4
24:10	민수기 22:12, 민수기 23:11, 민수기 23:25, 민수기 24:10, 민수기 31:7, 민수기 31:49
24:11	여호수아 3:17, 여호수아 5:10, 여호수아 11:16, 여호수아 21:44, 히브리서 11:30
24:12	출애굽기 23:28, 여호수아 2:9-10, 시편 44:3
24:13	여호수아 11:14, 신명기 6:10-11, 신명기 8:7-8
24:14	창세기 17:1, 신명기 10:12, 신명기 18:13, 사무엘상 12:24, 레위기 17:7, 에스겔 23:8
24:15	여호수아 24:2, 출애굽기 23:32, 신명기 7:25, 사사기 6:10, 사사기 10:6, 신명기 30:19-20, 열왕기상 18:21
24:17	신명기 6:12, 출애굽기 19:4, 신명기 32:12, 출애굽기 14:31, 신명기 4:34, 신명기 29:2, 출애굽기 23:23
24:19	레위기 19:2, 시편 99:5, 이사야 6:3, 베드로 전서 1:15, 출애굽기 20:5, 출애굽기 34:14, 민수기 25:11, 마태복음 4:10, 출애굽기 23:20-21, 민수기 14:35
24:20	신명기 28:15, 신명기 28:20, 여호수아 23:16, 역대기하 15:2, 이사야 63:10, 예레미야 17:13
24:21	출애굽기 19:8
24:22	신명기 26:17, 여호수아 24:15
24:26	신명기 31:26, 창세기 31:45
24:27	창세기 31:48
24:28	사사기 2:6
24:29	사사기 2:8-9
24:30	여호수아 19:49-50
24:31	신명기 31:12-13, 사사기 2:7
24:32	창세기 50:25, 출애굽기 13:19, 히브리서 11:22, 창세기 33:18-19, 사도행전 7:15-16, 여호수아 20:7
24:33	민수기 3:4, 민수기 20:26, 출애굽기 6:25, 사사기 20:28
