1:1	사무엘상 27:5-6
1:4	사무엘상 31:1, 사무엘상 31:6, 역대기상 10:4, 역대기상 10:6
1:6	사무엘상 28:4, 역대기상 10:1, 사무엘상 31:3, 역대기상 10:3
1:8	출애굽기 17:16, 신명기 25:19, 사무엘상 15:20, 사무엘상 30:1
1:10	사무엘상 31:4
1:12	사무엘상 31:1, 사무엘상 31:11, 사무엘상 31:13
1:14	민수기 12:8, 사무엘상 24:6, 사무엘상 26:9, 사무엘상 31:4
1:15	사무엘하 4:10
1:16	사무엘하 1:6, 사무엘하 1:10
1:17	사무엘상 31:6
1:18	여호수아 10:13
1:19	사무엘상 31:8
1:20	사무엘상 31:9
1:21	사무엘상 31:1, 역대기상 10:1, 레위기 27:16
1:22	사무엘상 18:4, 사무엘상 20:20, 사무엘상 14:47
1:23	사무엘상 18:1, 사무엘상 31:6, 역대기상 10:6, 욥기 9:26, 잠언 30:30
1:25	사무엘상 31:8
1:26	사무엘상 18:1, 사무엘상 18:3, 사무엘상 19:2, 사무엘상 20:17, 사무엘상 20:41, 사무엘상 23:16-18, 잠언 17:17, 잠언 18:24
2:1	민수기 27:21, 사무엘상 28:6, 창세기 23:2, 민수기 13:22, 여호수아 14:14, 여호수아 20:7, 사무엘하 5:1, 열왕기상 2:11
2:2	사무엘상 25:43, 사무엘상 25:42, 사무엘상 30:5
2:3	사무엘상 22:1-2, 사무엘상 27:2, 역대기상 12:1
2:4	창세기 49:10, 사무엘상 15:24, 사무엘상 15:28, 사무엘상 16:13, 사무엘하 5:4-5, 역대기상 11:3
2:5	사무엘상 31:11-13
2:6	사무엘하 9:7, 사무엘하 10:2
2:8	사무엘상 14:50, 사무엘상 17:55, 사무엘상 26:5, 사무엘하 4:1, 열왕기상 2:5, 사무엘하 4:5-8, 사무엘하 4:12, 창세기 32:1-2, 여호수아 13:29-30
2:9	여호수아 13:8, 여호수아 13:11, 여호수아 19:17-18, 여호수아 16:5-8
2:10	사무엘하 2:4
2:11	역대기상 3:4
2:12	사무엘하 2:8, 여호수아 10:12, 여호수아 18:21, 여호수아 18:25, 여호수아 21:8, 여호수아 21:17, 사무엘하 20:8, 역대기하 1:3
2:13	역대기상 2:15-16, 사무엘하 8:16, 사무엘하 20:23, 열왕기상 1:5, 열왕기상 1:7
2:18	역대기상 2:15-16, 사무엘하 10:7, 사무엘하 24:2, 열왕기상 11:15, 역대기상 11:6, 사무엘상 26:6, 사무엘하 20:6, 역대기상 11:20, 사무엘하 3:27, 사무엘하 23:24, 역대기상 27:1, 역대기상 27:7
2:23	사무엘하 3:27
2:29	신명기 1:7, 여호수아 12:2-3, 여호수아 21:8, 여호수아 21:38, 사무엘하 2:8
2:32	사무엘하 2:18, 역대기상 2:15-16, 창세기 35:19, 룻기 4:11, 사무엘상 16:1, 사무엘하 2:1, 사무엘하 2:3, 역대기상 11:1
3:1	사무엘상 15:27-28, 사무엘상 24:17, 사무엘상 24:20, 사무엘상 26:25, 사무엘하 2:17
3:2	역대기상 3:1-4, 사무엘상 25:43, 사무엘하 13:1
3:3	사무엘상 25:42, 사무엘하 13:37, 사무엘하 15:12
3:4	열왕기상 1:5
3:6	사무엘하 2:8
3:7	사무엘하 21:8-11, 사무엘하 2:10, 사무엘하 16:21, 열왕기상 2:22
3:9	사무엘상 15:27-28, 시편 78:70, 시편 89:20
3:10	사사기 20:1, 사무엘하 24:2
3:11	사무엘하 3:39
3:12	사무엘하 5:3
3:13	사무엘상 18:20, 사무엘상 19:11, 역대기상 15:29
3:14	사무엘하 2:10, 사무엘상 18:25, 사무엘상 18:27
3:15	사무엘상 25:44
3:16	사무엘하 16:5, 열왕기상 2:8
3:18	사무엘상 13:14, 사무엘상 15:27-28, 사무엘상 16:1, 사무엘상 16:13, 시편 89:3, 시편 89:20, 시편 132:17, 사도행전 13:22
3:19	사무엘상 10:20-21, 역대기상 12:29
3:23	사무엘하 8:16, 사무엘상 14:51, 사무엘상 14:50, 사무엘하 2:8, 사무엘하 2:22
3:27	사무엘하 3:20, 열왕기상 2:5, 사무엘하 2:22-23
3:28	창세기 9:6, 출애굽기 21:12, 민수기 35:33, 신명기 21:9
3:29	시편 7:16, 시편 55:23, 잠언 5:22, 레위기 15:2, 레위기 13:44, 민수기 5:2, 신명기 27:24, 시편 109:2, 시편 109:10
3:30	사무엘하 2:24, 사무엘하 2:8, 사무엘하 2:23
3:34	열왕기상 2:31-32
3:35	사사기 20:26
3:37	사무엘하 3:28, 열왕기상 2:5
3:38	사무엘상 14:50, 사무엘하 2:8, 사무엘하 3:12
3:39	사무엘하 2:4, 역대기상 2:15-16, 사무엘하 19:13, 사무엘하 20:10, 사무엘하 3:29, 열왕기상 2:5, 열왕기상 2:34
4:1	사무엘하 2:8, 사무엘하 3:27
4:2	여호수아 9:17, 여호수아 18:21, 여호수아 18:25
4:3	느헤미야 11:31, 느헤미야 11:33
4:4	사무엘상 20:16, 사무엘하 9:3, 사무엘상 29:1, 사무엘상 29:11, 사무엘하 9:13, 역대기상 8:34
4:6	사무엘하 4:2
4:8	사무엘하 2:10, 사무엘상 18:10-11, 사무엘상 18:28-29, 사무엘상 20:1, 사무엘상 20:33, 사무엘상 23:15
4:9	사무엘상 24:12, 사무엘상 26:25, 사무엘하 12:7, 시편 34:7
4:10	사무엘하 1:2, 사무엘하 1:4, 사무엘하 1:13-15
4:11	창세기 9:6, 출애굽기 21:12, 민수기 35:16, 민수기 35:30
4:12	시편 55:23, 신명기 21:22
5:1	사무엘하 2:1, 사무엘하 2:11, 역대기상 12:23, 역대기상 11:1-3
5:2	사무엘상 18:13, 사무엘상 25:28, 창세기 49:10, 사무엘상 16:1, 사무엘상 25:30, 사무엘하 6:21, 사무엘하 7:8, 역대기상 28:4, 시편 78:71
5:3	열왕기하 11:17, 사무엘상 16:13, 사무엘하 2:4, 사도행전 13:22
5:4	역대기상 29:26-27
5:5	창세기 14:18
5:6	출애굽기 23:23, 여호수아 15:63, 사사기 1:8, 사사기 1:21, 역대기상 11:4-6
5:7	열왕기상 2:10, 느헤미야 12:37
5:9	열왕기상 9:15, 열왕기상 9:24, 열왕기상 11:27, 역대기하 32:5, 역대기상 11:7-9
5:10	사무엘상 16:13, 사무엘하 3:1, 사무엘상 17:45
5:11	열왕기상 5:1, 열왕기상 5:8, 역대기하 2:3, 사무엘하 7:2, 역대기상 14:1-2
5:12	사무엘하 7:16, 시편 41:11, 시편 89:21, 열왕기상 10:9, 역대기하 2:11, 시편 89:27
5:13	사무엘하 15:16, 역대기상 3:5-9, 역대기상 14:3-7
5:14	누가복음 3:23, 누가복음 3:31, 사무엘하 12:24
5:17	사무엘하 5:3, 시편 2:2, 사무엘상 22:1, 사무엘상 22:5, 사무엘상 24:22, 사무엘하 23:14, 역대기상 14:8
5:18	여호수아 15:8, 여호수아 15:12, 역대기상 11:15, 역대기상 14:9
5:19	민수기 27:21, 역대기상 14:10-12
5:20	사무엘하 22:41, 이사야 28:21
5:22	여호수아 15:8, 여호수아 15:12, 역대기상 11:15, 역대기상 14:13-17
5:25	여호수아 18:21, 여호수아 18:24, 여호수아 16:10, 레위기 26:7
6:2	사무엘상 7:2, 열왕기상 8:1, 역대기상 13:1-5, 출애굽기 25:22, 사무엘상 4:4, 역대기상 13:6-11, 시편 80:1, 신명기 20:4, 사무엘상 1:3, 역대기상 17:24
6:3	사무엘상 7:1, 출애굽기 25:14, 민수기 7:9, 여호수아 3:14
6:5	사무엘상 10:5, 출애굽기 15:20, 시편 150:3-5
6:6	민수기 4:15, 역대기상 15:2
6:7	잠언 11:2, 레위기 10:1-2, 사무엘상 6:19
6:9	사무엘상 6:20, 시편 119:120, 역대기상 13:12-14
6:10	사무엘하 5:7, 역대기상 15:25
6:11	창세기 30:27, 창세기 39:5
6:12	역대기상 15:25-26, 시편 24:7, 시편 68:24
6:13	민수기 4:15, 민수기 7:9, 여호수아 3:3, 역대기상 15:2, 역대기상 15:15
6:14	역대기상 15:27-28
6:15	역대기상 15:16, 시편 150:3, 출애굽기 37:1, 시편 132:8
6:16	사무엘상 14:49, 사무엘상 18:20, 사무엘상 18:27, 사무엘하 3:14, 역대기상 15:29
6:17	역대기상 15:1, 레위기 1:3, 레위기 3:1, 역대기상 16:1-3
6:20	사무엘상 18:27, 출애굽기 22:28
6:21	사무엘상 13:13-14, 사무엘상 15:27-28, 사무엘상 16:1, 사무엘상 16:12
6:23	사무엘상 14:49, 사무엘하 6:16
7:1	역대기상 17:1
7:2	사무엘하 12:1, 역대기상 29:29, 사무엘하 5:11, 사무엘하 6:17
7:3	열왕기상 8:17, 역대기상 17:2, 역대기상 22:7
7:5	열왕기상 5:3, 열왕기상 8:17-19, 역대기상 17:4-6, 역대기상 22:7-8
7:6	여호수아 18:1, 출애굽기 40:18, 출애굽기 40:34
7:8	사무엘상 16:11, 사무엘하 5:2, 역대기상 17:7-10, 역대기상 28:4, 시편 78:70-71
7:9	사무엘상 18:14, 사무엘하 5:10, 사무엘하 22:1, 시편 18:37, 역대기상 14:2, 역대기상 14:17
7:10	사사기 2:14, 시편 89:20, 시편 89:22
7:11	사사기 2:16, 신명기 25:19, 열왕기상 2:24, 시편 89:4
7:12	열왕기상 2:1, 창세기 49:10, 열왕기상 8:20, 역대기상 17:11-14, 시편 132:11, 이사야 9:7, 이사야 11:1, 마태복음 21:9, 마태복음 22:42, 누가복음 1:32-33, 요한복음 7:42, 사도행전 2:30
7:13	열왕기상 5:5, 열왕기상 6:12, 스가랴 6:12-13, 열왕기상 1:37, 역대기상 22:10, 역대기상 28:7, 시편 89:4, 시편 89:36
7:14	역대기상 28:6, 마태복음 3:17, 히브리서 1:5, 시편 89:30, 시편 89:32, 예레미야 52:3
7:15	사무엘상 15:23, 사무엘상 15:26
7:16	시편 45:6, 시편 89:36, 다니엘 2:44, 히브리서 1:8, 요한 계시록 11:15
7:17	역대기상 17:15
7:18	역대기상 17:16-22
7:20	사무엘상 16:7, 시편 17:3
7:21	시편 25:14
7:22	신명기 3:24, 역대기상 16:25, 출애굽기 15:11, 시편 83:18, 신명기 4:35
7:23	신명기 4:7, 시편 147:19-20, 출애굽기 3:8, 출애굽기 19:5, 이사야 63:9, 신명기 10:21, 출애굽기 9:16
7:24	신명기 26:18, 출애굽기 15:2
7:25	역대기상 17:23-27, 시편 89:20, 시편 89:28
7:26	역대기상 29:11, 시편 72:19, 마태복음 6:9, 요한복음 12:28, 이사야 9:7, 예레미야 33:22
7:27	사무엘하 7:11
7:28	민수기 23:19, 시편 89:35, 시편 132:11, 요한복음 17:17
7:29	시편 89:20, 시편 89:36, 시편 132:12, 사무엘하 22:51, 시편 72:17
8:1	여호수아 13:2-3, 사무엘하 21:15, 역대기상 18:1
8:2	민수기 24:17, 사사기 3:29, 사무엘상 14:47, 시편 60:8, 신명기 23:3-6, 열왕기하 3:4, 역대기상 18:2
8:3	사무엘하 10:6, 열왕기상 11:23, 시편 60:0, 창세기 15:18, 출애굽기 23:31, 열왕기상 4:21, 역대기상 18:3-4
8:4	신명기 17:16, 시편 20:7, 시편 33:17
8:5	이사야 7:8, 역대기상 18:5-6
8:6	신명기 7:24, 사무엘하 8:14
8:7	역대기상 18:7-8
8:9	열왕기하 14:28, 역대기상 18:9-11
8:11	여호수아 6:19, 열왕기상 7:51, 역대기상 22:14, 역대기상 26:27
8:12	사무엘하 8:2, 사무엘하 8:1, 사무엘상 30:18, 사무엘하 8:7
8:13	역대기상 18:12-13, 시편 60:0
8:14	창세기 25:23, 창세기 25:26, 창세기 27:29, 창세기 27:37, 민수기 24:18, 시편 60:12
8:15	사무엘하 5:3, 사무엘하 5:5, 열왕기상 3:6, 역대기상 18:14-17
8:16	사무엘하 20:23, 역대기상 11:6, 사무엘하 20:24, 열왕기상 4:3
8:17	사무엘하 15:27, 역대기상 6:8, 역대기상 24:3
8:18	사무엘하 23:20, 열왕기상 1:44, 열왕기상 2:35, 사무엘하 15:18, 사무엘하 20:7
9:1	사무엘상 18:1, 사무엘상 18:3, 사무엘상 20:15, 사무엘상 20:42
9:2	사무엘하 16:1, 사무엘하 19:17
9:3	사무엘하 4:4, 사무엘하 9:13, 사무엘하 19:26
9:4	사무엘하 17:27-29
9:7	잠언 11:17, 사무엘하 19:28, 잠언 11:25
9:8	사무엘상 24:14
9:9	사무엘하 9:1, 사무엘하 16:4, 사무엘하 19:29
9:10	사무엘하 19:28, 사무엘하 19:17
9:12	역대기상 8:34, 역대기상 9:40
9:13	사무엘하 9:7, 사무엘하 19:28, 사무엘하 4:4
10:1	창세기 19:36, 창세기 19:38, 사사기 10:7, 사사기 11:12, 사사기 11:33, 사무엘상 11:1, 역대기상 19:1-5
10:4	레위기 19:27
10:5	여호수아 18:21
10:6	민수기 13:21, 사무엘하 8:5, 여호수아 13:13, 역대기상 19:6-7
10:7	사무엘하 23:8, 역대기상 19:8-9
10:9	역대기상 19:10-13
10:10	사무엘상 26:6, 사무엘하 2:18, 사무엘하 23:18, 역대기상 2:15-16, 민수기 21:24
10:12	신명기 31:6, 시편 37:5, 시편 44:5, 잠언 29:25
10:13	역대기상 19:14-15
10:15	역대기상 19:16
10:16	사무엘하 8:3-5, 창세기 15:18, 출애굽기 23:31
10:17	역대기상 19:17-19
10:18	신명기 20:1, 시편 18:37-38
10:19	창세기 15:18, 신명기 20:10-11
11:1	사무엘하 12:26, 역대기상 20:1
11:3	역대기상 3:5, 역대기상 3:9, 창세기 10:15, 신명기 20:17, 사무엘하 23:8, 사무엘하 23:39, 열왕기상 15:5, 사무엘하 12:24, 열왕기상 1:11
11:4	출애굽기 20:14, 출애굽기 20:17, 레위기 18:20, 레위기 20:10, 잠언 6:32, 히브리서 13:4, 레위기 12:2, 레위기 15:19, 레위기 18:19
11:11	사무엘하 6:17, 사무엘하 7:2, 레위기 15:16, 사무엘상 21:5
11:15	시편 51:14, 잠언 3:29
11:17	사무엘하 12:9
11:21	사사기 6:32, 사사기 7:1, 사사기 9:50-53
11:24	사무엘하 11:17
11:25	사무엘하 12:26
11:27	사무엘하 5:13, 사무엘하 12:9, 창세기 39:7-9, 열왕기상 15:5, 시편 5:6, 시편 11:4, 히브리서 13:4
12:1	열왕기상 1:8, 역대기상 17:1, 역대기상 29:29, 시편 51:0
12:2	사무엘하 5:13, 사무엘하 15:16
12:3	사무엘하 11:3
12:4	사무엘하 11:4
12:5	신명기 6:13
12:6	출애굽기 22:1
12:7	사무엘상 16:13, 사무엘하 7:8, 사무엘상 18:10-11, 사무엘상 19:10, 사무엘상 23:14
12:8	사무엘상 13:13-14, 사무엘상 15:26, 사무엘상 15:28, 사무엘하 3:7, 열왕기상 2:22, 사무엘하 2:4, 사무엘하 5:5, 사무엘하 7:19
12:9	출애굽기 20:13, 출애굽기 20:14, 출애굽기 20:17, 사무엘하 11:15, 사무엘하 11:27
12:10	민수기 14:18, 사무엘하 13:32, 사무엘하 18:33, 갈라디아서 6:7
12:11	사무엘하 12:15, 사무엘하 12:19, 사무엘하 13:10-15, 사무엘하 15:14, 출애굽기 21:24, 욥기 31:9-11, 욥기 34:11, 사무엘하 16:21-22
12:12	사무엘하 11:4, 사무엘하 11:15
12:13	창세기 39:9, 시편 32:5, 시편 38:3, 시편 51:0, 시편 51:4, 잠언 28:13, 출애굽기 34:6, 시편 32:1, 레위기 20:10, 시편 103:10
12:16	사무엘하 12:22, 요나 3:8-9
12:20	룻기 3:3, 사무엘하 14:2, 사무엘하 6:17
12:22	사무엘하 12:16, 요엘 1:14, 이사야 38:3, 이사야 38:5, 요엘 2:13-14, 아모스 5:15, 요나 3:8-9
12:23	전도서 9:6, 욥기 30:23, 전도서 3:20, 사도행전 2:29, 사도행전 2:34, 사도행전 13:36, 전도서 9:5, 전도서 9:10
12:24	사무엘하 11:3, 역대기상 3:5, 역대기상 3:9, 역대기상 22:9, 역대기상 28:5, 마태복음 1:6, 사무엘하 7:12, 역대기상 29:1
12:25	사무엘하 7:4-5, 사무엘하 12:1, 열왕기상 1:8
12:26	신명기 23:3, 신명기 23:6, 신명기 3:11, 여호수아 13:24-25, 사무엘하 11:25, 역대기상 20:1
12:27	사무엘하 11:1
12:30	사무엘하 8:11-12, 역대기상 20:2-3
13:1	역대기상 3:9, 사무엘하 3:2
13:3	사무엘하 13:35, 사무엘상 16:9, 역대기상 2:13
13:4	레위기 18:9, 레위기 20:17
13:12	레위기 18:9, 레위기 18:29, 레위기 20:17, 신명기 27:22, 창세기 34:2, 창세기 34:7, 사사기 20:5-6
13:19	여호수아 7:6, 에스더 4:1, 예레미야 6:26
13:20	사무엘하 3:3, 사무엘하 13:1, 레위기 18:9, 신명기 27:22
13:21	잠언 19:13
13:22	창세기 34:7, 잠언 18:19
13:23	요한복음 11:54, 열왕기상 1:9, 열왕기상 1:19
13:26	시편 55:21, 잠언 10:18, 잠언 26:24-26
13:32	사무엘상 16:9, 역대기상 2:13, 사무엘하 13:3, 사무엘하 12:10, 레위기 18:9, 레위기 18:29, 사무엘하 13:12-14, 창세기 27:41, 시편 7:14, 잠언 18:19
13:34	사무엘하 13:38
13:35	사무엘하 13:3
13:37	사무엘하 3:3
13:38	신명기 3:14, 여호수아 12:4-5, 사무엘하 14:23
14:1	사무엘하 2:18, 역대기상 2:15-16, 사무엘하 13:39, 사무엘하 18:33, 사무엘하 19:2
14:2	역대기하 11:5-6, 역대기하 20:20, 아모스 1:1, 전도서 9:8, 다니엘 10:3
14:7	민수기 35:19, 신명기 19:11-12
14:11	민수기 35:19, 민수기 35:27, 신명기 19:6, 신명기 6:13, 전도서 8:4
14:13	출애굽기 19:5, 민수기 6:27, 사무엘하 13:38
14:16	사무엘하 14:2, 사무엘하 14:7
14:19	사무엘하 14:1-3
14:21	사무엘하 14:13, 사무엘하 13:38
14:23	신명기 3:14, 사무엘하 3:3, 사무엘하 13:37
14:27	사무엘하 18:18
14:28	사무엘하 14:24
14:32	사무엘하 14:23
14:33	창세기 45:15
15:1	사무엘상 8:11, 열왕기상 1:5, 잠언 11:2
15:2	신명기 25:7, 룻기 4:1, 사무엘상 8:20, 사무엘하 8:15
15:5	시편 10:9, 시편 55:21, 잠언 26:25
15:6	잠언 11:9
15:7	사무엘하 3:2
15:8	사무엘하 13:38, 사무엘하 14:23, 레위기 22:21
15:10	사무엘하 2:1, 사무엘하 5:1, 사무엘하 5:5, 역대기상 3:4
15:12	사무엘하 16:23, 사무엘하 17:14, 사무엘하 23:8, 사무엘하 23:34, 여호수아 15:20, 여호수아 15:51, 시편 41:9, 시편 55:12-13, 요한복음 13:18, 시편 3:1, 잠언 24:21
15:14	사무엘하 19:9, 시편 3:0, 사무엘하 12:11
15:15	잠언 18:24
15:16	사무엘하 12:11, 사무엘하 16:21, 사무엘하 20:3
15:18	사무엘하 8:18, 사무엘하 20:7, 열왕기상 1:38, 역대기상 18:17, 사무엘상 27:4, 역대기상 18:1, 여호수아 13:2-3
15:19	사무엘하 18:2
15:20	사무엘하 2:5-6, 시편 25:10, 시편 57:3, 시편 61:7, 시편 89:14
15:21	잠언 17:17, 잠언 18:24
15:22	사무엘하 18:2
15:23	열왕기상 2:36-37, 역대기하 30:14, 요한복음 18:1
15:24	사무엘하 8:17, 사무엘하 20:25, 열왕기상 1:8, 열왕기상 2:35, 역대기상 6:8, 출애굽기 37:1, 레위기 16:2, 민수기 8:19, 민수기 4:15, 민수기 7:9, 역대기상 15:2, 사무엘상 22:20, 사무엘상 30:7
15:25	사무엘하 6:17, 사무엘하 7:2, 시편 26:8, 시편 27:4
15:27	사무엘상 9:9, 사무엘하 17:17
15:28	사무엘하 15:36, 사무엘하 17:16, 사무엘하 17:21
15:30	마태복음 21:1, 마태복음 24:3, 사도행전 1:12
15:31	시편 3:0, 시편 41:9, 시편 55:12-13, 요한복음 13:18, 사무엘하 16:23, 사무엘하 17:14, 시편 3:7
15:32	여호수아 16:1-2, 사무엘하 16:16
15:34	사무엘하 16:18-19, 사무엘하 17:7, 사무엘하 17:14
15:35	사무엘하 17:15-16
15:36	사무엘하 18:19, 사무엘하 17:17, 열왕기상 1:42
15:37	사무엘하 16:16, 역대기상 27:33
16:1	사무엘하 15:30, 사무엘하 9:6, 사무엘하 9:2, 사무엘하 9:9, 사무엘상 25:18
16:2	사무엘하 17:27-29
16:3	사무엘하 9:3, 사무엘하 19:25-27
16:4	사무엘하 9:9-10, 잠언 26:22
16:5	사무엘하 19:16, 열왕기상 2:8, 열왕기상 2:44, 출애굽기 22:28, 전도서 10:20
16:8	사무엘상 24:6-7, 사무엘상 26:9, 사무엘상 26:11, 시편 3:1-2, 시편 7:1, 시편 71:10-11
16:9	역대기상 2:15-16, 사무엘상 24:14, 출애굽기 22:28, 사무엘상 26:8
16:10	사무엘하 19:22, 열왕기상 2:5, 시편 37:8, 베드로 전서 2:23, 사무엘하 12:10
16:11	사무엘하 12:11, 사무엘하 15:14, 사무엘하 17:12, 사무엘하 19:16
16:12	창세기 29:32, 출애굽기 3:7, 시편 25:18, 시편 109:28
16:13	사무엘하 16:5
16:15	사무엘하 15:12, 사무엘하 15:31
16:16	여호수아 16:1-2, 사무엘하 15:32, 사무엘하 15:37, 역대기상 27:33, 열왕기상 1:25
16:19	사무엘하 15:34
16:20	시편 37:12
16:21	사무엘하 15:16, 레위기 18:8, 레위기 20:11, 열왕기상 2:22
16:22	사무엘하 11:2, 사무엘하 12:11-12, 신명기 22:30, 사무엘하 20:3
16:23	사무엘하 15:12, 사무엘하 17:14, 사무엘하 17:23
17:2	사무엘하 16:14, 시편 37:12, 시편 41:9, 시편 55:12-13
17:5	사무엘하 15:32, 사무엘하 16:16
17:7	사무엘하 15:34
17:8	사무엘상 16:18, 사무엘하 15:18, 사무엘하 23:8, 사무엘하 23:18, 역대기상 11:26, 잠언 17:12, 사무엘상 17:50, 사무엘상 18:7, 사무엘상 19:8, 사무엘하 10:18
17:9	사무엘상 22:1, 사무엘상 23:19
17:10	창세기 49:9, 사무엘하 1:23, 이사야 31:4, 사무엘상 18:5
17:11	사사기 20:1, 열왕기상 4:20
17:14	잠언 21:1, 사무엘하 15:31, 사무엘하 15:34, 사무엘하 16:23, 잠언 19:21, 잠언 21:30, 신명기 2:30, 역대기하 25:20
17:15	사무엘하 8:17, 사무엘하 15:35
17:16	시편 35:24-25
17:17	열왕기상 1:42, 사무엘하 15:27, 사무엘하 15:36, 사무엘하 18:19, 여호수아 15:7, 여호수아 15:12, 여호수아 18:16, 여호수아 18:20, 열왕기상 1:9
17:18	사무엘하 16:5, 사무엘하 19:16
17:20	출애굽기 1:19, 여호수아 2:3-5, 사무엘상 19:12, 사무엘상 19:14, 사무엘상 21:2
17:21	사무엘하 17:1-2
17:23	여호수아 15:20, 여호수아 15:51, 사무엘하 15:12, 열왕기하 20:1, 사무엘상 31:4, 열왕기상 16:18, 시편 5:10, 시편 55:23, 마태복음 27:3, 마태복음 27:5, 사도행전 1:18
17:24	창세기 32:1-2, 여호수아 13:24, 여호수아 13:26
17:25	사무엘하 8:16, 사무엘하 19:13, 사무엘하 20:4, 사무엘하 20:10, 역대기상 2:16-17
17:26	민수기 32:1, 신명기 3:15
17:27	신명기 3:11, 여호수아 13:24-25, 사무엘하 12:26, 사무엘하 12:29, 사무엘하 9:3-5, 사무엘하 19:31-32, 열왕기상 2:7
17:29	사무엘상 25:18, 사무엘하 16:2, 잠언 11:25
18:1	잠언 20:18
18:2	사무엘하 8:16, 사무엘하 10:7, 역대기상 2:15-16, 사무엘하 23:18-19, 사무엘하 15:19, 사무엘하 15:21
18:3	사무엘하 21:17, 사무엘하 17:1-3, 예레미야 애가 4:20
18:5	사무엘하 18:12
18:6	사무엘하 17:26
18:7	사무엘하 16:15, 시편 3:7, 잠언 24:21-22
18:10	사무엘하 8:16, 사무엘하 18:2
18:12	사무엘하 18:5
18:15	사무엘하 12:10, 잠언 2:22, 잠언 20:20, 잠언 30:17
18:17	여호수아 7:24, 여호수아 7:26, 여호수아 8:29, 여호수아 10:23, 여호수아 10:27
18:18	사무엘하 14:27, 창세기 14:17
18:19	사무엘하 15:35-36, 사무엘하 17:17, 시편 9:4
18:20	사무엘하 18:5
18:21	창세기 10:6
18:24	사무엘하 18:4, 열왕기하 9:17
18:27	사무엘하 18:19
18:28	사무엘하 22:47, 시편 144:1
18:29	사무엘하 18:22
18:31	사무엘하 18:21, 사무엘하 22:49, 시편 55:18, 시편 94:1, 시편 124:2-3
18:32	시편 27:2
18:33	사무엘하 12:10, 사무엘하 17:14, 사무엘하 19:1, 잠언 19:13
19:1	사무엘하 18:5, 사무엘하 18:14
19:3	사무엘하 17:24
19:4	사무엘하 18:33
19:5	사무엘하 3:2-5, 사무엘하 5:14-16, 사무엘하 13:1, 사무엘하 5:13, 사무엘하 15:16
19:8	사무엘하 18:17
19:9	사무엘상 17:50, 사무엘상 18:7, 사무엘상 19:5, 사무엘하 5:25, 사무엘하 8:5, 사무엘하 15:14
19:10	사무엘하 15:10, 사무엘하 15:12, 사무엘하 18:14
19:11	사무엘하 8:17, 사무엘하 15:25, 열왕기상 1:8, 사무엘상 22:20, 사무엘상 30:7, 사무엘하 15:24, 역대기상 15:11-12, 사무엘하 2:4
19:13	사무엘하 17:25, 역대기상 2:16-17, 사무엘하 8:16, 사무엘하 18:5, 사무엘하 18:14
19:15	여호수아 5:9, 사무엘상 11:14
19:16	사무엘하 16:5, 열왕기상 2:8-9
19:17	사무엘하 9:2, 사무엘하 9:10, 사무엘하 16:1
19:19	사무엘하 16:5
19:21	사무엘하 2:18, 사무엘하 23:18, 출애굽기 22:28, 사무엘하 16:7, 열왕기상 21:13
19:22	사무엘하 3:39, 사무엘하 16:10
19:23	열왕기상 2:8-9
19:24	사무엘하 9:3, 사무엘하 9:6, 사무엘하 16:3-4
19:26	사무엘하 9:9, 사무엘하 4:4
19:27	레위기 19:16, 사무엘하 16:3
19:28	사무엘하 9:7-10
19:29	사무엘하 16:4
19:31	사무엘하 17:27-29, 열왕기상 2:7
19:32	잠언 3:27
19:33	잠언 11:25
19:35	시편 90:10, 전도서 2:8
19:37	창세기 50:13, 열왕기상 2:7
19:39	창세기 31:55, 사무엘상 20:41, 사도행전 20:37
19:40	사무엘상 11:14, 사무엘하 2:4
19:41	사사기 8:1, 사사기 12:1, 사무엘하 19:15
19:42	시편 78:68, 시편 78:70
20:1	사무엘하 20:21, 사사기 3:26-27, 사무엘하 15:10, 사무엘하 19:43, 열왕기상 12:16
20:2	잠언 24:21, 사무엘하 19:15, 사무엘하 19:41-42
20:3	사무엘하 5:11, 사무엘하 15:16, 사무엘하 16:21-22
20:4	사무엘하 17:25, 사무엘하 19:13, 역대기상 2:17
20:6	사무엘상 26:6, 사무엘하 10:10, 사무엘하 23:18, 역대기상 18:12, 사무엘하 20:1, 사무엘하 15:12
20:7	사무엘하 8:16, 사무엘하 8:18, 사무엘하 15:18, 열왕기상 1:38
20:8	여호수아 18:21, 여호수아 18:25, 여호수아 21:8, 여호수아 21:17, 사무엘하 17:25, 사무엘하 19:13
20:10	사무엘하 3:27, 열왕기상 2:5
20:13	사무엘하 20:1
20:14	열왕기상 15:20, 열왕기하 15:29
20:19	출애굽기 19:5, 신명기 32:9
20:21	여호수아 17:14-15, 사사기 2:8-9, 사무엘하 20:1
20:22	전도서 9:14-15, 전도서 9:18
20:23	사무엘하 8:16, 사무엘하 19:13, 역대기상 12:27, 사무엘하 23:20, 역대기상 27:5, 사무엘하 8:18, 사무엘하 15:18, 열왕기상 1:38, 열왕기상 1:44
20:24	열왕기상 4:6, 열왕기상 12:18, 열왕기상 4:3
20:25	사무엘하 15:27, 사무엘하 17:15, 사무엘하 19:11, 열왕기상 4:4
21:1	레위기 26:18, 레위기 26:20, 창세기 9:6, 출애굽기 20:13, 민수기 35:30, 민수기 35:33
21:2	여호수아 9:3, 여호수아 9:27, 창세기 10:15-16, 여호수아 9:15
21:4	민수기 35:31
21:5	사무엘하 21:1
21:6	사무엘상 9:17, 사무엘상 10:26, 민수기 25:4, 신명기 21:22
21:7	사무엘상 18:3, 사무엘상 20:42, 사무엘하 4:4, 사무엘하 9:10, 사무엘하 19:24
21:8	사무엘하 3:7, 사무엘상 18:20, 사무엘상 25:44, 사무엘하 3:14, 사무엘하 6:23, 사무엘상 18:19
21:9	민수기 35:31, 신명기 19:21
21:10	사무엘하 3:7
21:12	사무엘하 2:5, 사무엘상 28:4, 사무엘상 31:1, 사무엘상 31:11-12, 사무엘하 1:6, 역대기상 10:8
21:13	사무엘하 21:9
21:14	여호수아 18:28, 사무엘상 9:1, 사무엘상 10:11, 여호수아 7:24-26, 사무엘하 24:25
21:15	사무엘하 5:17, 사무엘하 5:22
21:16	신명기 2:11, 사무엘상 17:4, 사무엘상 17:7, 역대기상 11:23
21:17	사무엘하 23:18-19, 사무엘하 22:19, 사무엘하 18:3, 열왕기상 11:36, 열왕기상 15:4, 열왕기하 8:19
21:18	역대기상 20:4, 역대기상 11:26, 역대기상 11:29, 역대기상 27:1, 역대기상 27:11, 창세기 14:5
21:19	역대기상 20:5, 사무엘상 17:4, 사무엘상 17:7
21:20	역대기상 20:6-8
21:21	사무엘상 17:10, 사무엘상 17:45, 열왕기하 19:22, 사무엘상 16:9, 사무엘상 17:13, 역대기상 2:13
21:22	시편 60:12
22:1	시편 34:19, 사무엘상 23:14, 시편 18:0, 출애굽기 15:1, 사사기 5:1
22:2	시편 31:3, 시편 18:2-3
22:3	신명기 32:4, 사무엘상 2:1-2, 창세기 15:1, 신명기 33:29, 시편 3:3, 시편 9:9, 잠언 18:10, 시편 59:16, 이사야 12:2, 누가복음 1:46-47, 디도서 3:4
22:5	시편 69:14, 시편 18:4
22:6	시편 116:3-4, 시편 18:5
22:7	시편 142:1, 요나 2:2, 출애굽기 3:7, 시편 18:6, 시편 34:15
22:8	사사기 5:4, 욥기 26:11, 시편 18:7-12, 시편 77:18
22:9	이사야 30:27
22:10	시편 144:5, 이사야 64:1, 신명기 4:11, 열왕기상 8:12, 시편 18:9, 시편 97:2
22:11	사무엘상 4:4, 시편 80:1, 시편 99:1, 히브리서 1:7
22:12	욥기 36:29
22:14	출애굽기 19:16, 사무엘상 2:10, 시편 18:13-16, 이사야 30:30
22:15	시편 7:13, 시편 77:17, 시편 144:6
22:16	출애굽기 14:21, 시편 106:9, 시편 114:3, 출애굽기 15:8
22:17	시편 18:16-19, 시편 124:2-4, 시편 144:7
22:18	시편 3:7, 시편 56:9
22:19	사무엘상 19:11, 사무엘상 23:26, 사무엘하 15:10
22:20	시편 31:8, 시편 149:4
22:21	사무엘상 26:23, 열왕기상 8:32, 시편 18:20-24, 시편 24:3-4
22:23	신명기 6:1, 시편 19:9, 신명기 8:11
22:24	시편 84:11, 시편 18:23, 잠언 14:16
22:25	욥기 34:11, 이사야 3:10, 히브리서 11:6, 시편 18:24, 잠언 5:21
22:26	시편 37:28, 시편 97:10, 시편 18:25-30
22:27	마태복음 5:8, 베드로 전서 1:16, 시편 125:5
22:28	욥기 34:28, 다니엘 4:37, 베드로 전서 5:5
22:29	시편 27:1, 시편 97:11
22:30	시편 18:29, 빌립보서 4:13, 히브리서 11:33-34
22:31	신명기 32:4, 시편 12:6, 잠언 30:5, 시편 35:2, 시편 91:4
22:32	이사야 44:6, 신명기 32:31, 시편 18:31-42
22:33	시편 27:1, 이사야 12:2, 이사야 26:7
22:34	이사야 33:15-16, 하박국 3:19
22:36	시편 18:35, 시편 113:6-8
22:37	시편 17:5
22:39	출애굽기 14:13
22:40	사무엘상 23:5, 사무엘상 17:49, 시편 44:3, 시편 44:5
22:41	창세기 49:8, 시편 18:40
22:42	사무엘상 28:6, 잠언 1:28, 이사야 1:15, 미가 3:4
22:44	사무엘상 30:6, 사무엘하 15:12, 사무엘하 8:3, 시편 2:8, 시편 60:8, 시편 18:43-45
22:45	신명기 33:29
22:47	신명기 32:4, 시편 18:46, 시편 89:26
22:48	사무엘상 25:29, 사무엘하 18:19, 시편 18:47, 시편 110:1, 시편 144:1-2
22:49	사무엘하 5:12, 사무엘하 7:9, 시편 18:48
22:50	신명기 32:43, 시편 117:1, 역대기상 16:9, 시편 145:2, 로마서 15:9
22:51	시편 2:6, 시편 21:1, 시편 89:20, 시편 89:29, 누가복음 1:32-33
23:1	창세기 49:1, 신명기 33:1, 사무엘상 17:58, 마태복음 1:6, 사무엘하 7:8, 사무엘상 16:13, 역대기상 16:9
23:2	마가복음 12:36, 디모데 후서 3:16, 사도행전 1:16, 베드로 후서 1:21
23:3	신명기 32:4, 시편 144:1, 잠언 29:2, 이사야 9:7, 이사야 32:1, 출애굽기 18:21, 이사야 11:3
23:4	말라기 4:2, 마태복음 17:2, 요한 계시록 1:16, 시편 72:1, 시편 72:6
23:5	사무엘하 7:16, 사무엘하 7:19, 역대기상 17:11, 시편 89:3, 시편 89:28-29, 시편 132:11, 이사야 9:7, 이사야 11:1, 아모스 9:11
23:6	시편 37:10
23:8	사무엘하 10:7, 사무엘하 20:7, 역대기상 11:10, 역대기상 11:11
23:9	역대기상 27:1, 역대기상 27:4, 역대기상 11:12-14
23:10	사사기 8:4, 사사기 15:14, 사사기 15:16, 사무엘상 14:6, 사무엘상 19:5
23:12	시편 3:8, 시편 44:3
23:13	여호수아 15:20, 여호수아 15:35, 사무엘상 22:1, 여호수아 15:1, 여호수아 15:8, 사무엘하 5:22, 역대기상 11:15-19
23:14	사무엘상 22:1, 사무엘상 22:4, 역대기상 12:16
23:16	레위기 9:9, 레위기 17:13
23:17	창세기 9:4, 레위기 17:10
23:18	사무엘하 2:18, 역대기상 2:15-16, 사무엘상 26:6, 사무엘하 21:17, 역대기상 11:20-21
23:20	사무엘하 8:18, 사무엘하 20:23, 열왕기상 1:8, 열왕기상 2:29, 역대기상 27:5-6, 여호수아 15:21, 역대기상 11:22-25, 잠언 30:30
23:24	사무엘하 2:18, 사무엘하 2:23, 역대기상 2:15-16, 역대기상 27:1, 역대기상 27:7, 역대기상 11:26-41
23:26	역대기상 27:1, 역대기상 27:10, 역대기상 27:1, 역대기상 27:9
23:27	여호수아 21:8, 여호수아 21:18, 예레미야 1:1, 역대기상 27:1, 역대기상 27:12
23:28	역대기상 27:1, 역대기상 27:13
23:30	역대기상 27:1, 역대기상 27:14, 사사기 2:8-9
23:34	사무엘하 15:31, 사무엘하 16:23, 사무엘하 17:23, 역대기상 27:33
23:38	역대기상 2:53
23:39	사무엘하 11:3, 열왕기상 15:5
24:1	역대기상 27:23-24, 역대기상 21:1-3, 사무엘하 21:1
24:2	사무엘하 8:16, 사무엘하 20:23, 사사기 20:1
24:4	민수기 1:2, 역대기상 21:4
24:5	신명기 2:36, 여호수아 13:8-9, 민수기 32:34-35
24:6	민수기 32:40, 창세기 10:15, 창세기 49:13, 여호수아 11:8
24:7	여호수아 19:24, 여호수아 19:29, 여호수아 11:19, 여호수아 15:1, 창세기 21:31, 여호수아 15:21, 여호수아 15:28
24:9	민수기 2:32, 민수기 26:51, 역대기상 21:5-6, 역대기상 27:23
24:10	사무엘상 24:5, 로마서 2:15, 사무엘하 12:13, 시편 130:3, 호세아 14:2, 요한 1서 1:9, 역대기상 21:8-13
24:11	사무엘상 22:5, 역대기상 29:29
24:12	잠언 3:12
24:13	레위기 26:18, 레위기 26:20, 사무엘하 21:1, 레위기 26:14, 레위기 26:17, 레위기 26:16
24:14	히브리서 12:6, 시편 103:8, 시편 119:156, 역대기하 28:1, 역대기하 28:5
24:15	민수기 16:46, 역대기상 27:24, 사무엘하 24:2, 역대기상 21:14-15
24:16	시편 78:38, 예레미야 26:19, 요엘 2:13, 창세기 10:15-16, 여호수아 15:8, 역대기하 3:1
24:17	시편 95:7, 역대기상 21:16-17
24:18	역대기상 21:18-23, 역대기하 3:1
24:21	민수기 16:46-47, 민수기 25:8, 사무엘하 24:15
24:24	역대기상 21:24-28
24:25	출애굽기 20:25, 역대기상 22:1, 사무엘하 21:14, 역대기하 33:13
