1:1	창세기 19:36-37, 사무엘하 8:2, 시편 60:8
1:2	여호수아 13:2-3, 사무엘상 5:10, 열왕기하 1:16
1:3	열왕기상 17:1, 열왕기상 18:36, 이사야 8:19, 예레미야 2:11
1:6	역대기상 10:13-14
1:8	열왕기상 19:19, 스가랴 13:4, 히브리서 11:32, 히브리서 11:37, 마태복음 3:4
1:9	신명기 33:1
1:10	민수기 11:1, 민수기 16:35, 누가복음 9:54, 유다서 1:7
1:16	여호수아 13:2-3, 열왕기하 1:3
1:17	열왕기하 3:1, 열왕기하 9:22, 열왕기하 8:16
1:18	열왕기상 22:51
2:1	열왕기상 17:1, 열왕기하 2:11, 열왕기상 19:16, 열왕기하 4:38
2:2	창세기 28:18-19, 열왕기상 12:28-29, 열왕기하 2:23
2:3	열왕기상 19:16
2:4	여호수아 6:26, 열왕기상 16:34
2:8	열왕기상 19:19, 출애굽기 14:21-22, 여호수아 3:17, 열왕기하 2:13-14
2:9	신명기 21:17, 신명기 34:9, 열왕기상 19:16, 누가복음 1:17
2:11	열왕기하 6:17, 시편 68:17, 역대기하 21:5, 역대기하 21:12, 요한복음 3:13
2:12	열왕기하 13:14, 사무엘하 1:11-12, 욥기 1:19-20
2:13	열왕기상 19:19, 열왕기하 1:8, 스가랴 13:4, 마태복음 3:4
2:14	여호수아 3:13, 열왕기하 2:8
2:15	민수기 11:24-25, 민수기 27:18, 민수기 27:20, 열왕기하 2:9
2:16	열왕기상 18:11-12
2:18	여호수아 6:26, 열왕기상 16:34
2:19	신명기 34:1-3
2:21	출애굽기 15:23-25, 열왕기하 4:38-41
2:23	역대기하 36:15-16, 누가복음 10:16
2:24	잠언 17:12, 열왕기하 1:10
2:25	열왕기하 4:25
3:1	열왕기하 1:17
3:2	열왕기상 16:30-33
3:3	열왕기상 12:28-30
3:5	열왕기상 22:37, 사무엘하 8:2
3:7	역대기하 19:2, 열왕기상 22:3-4
3:9	사무엘하 8:14
3:11	열왕기상 22:7, 열왕기상 19:16, 열왕기하 2:15, 열왕기상 19:19, 열왕기상 19:21
3:13	사무엘상 2:30, 에스겔 14:3, 사사기 10:14, 열왕기상 18:19, 열왕기상 22:6
3:14	역대기하 17:3-4, 역대기하 19:3-4, 잠언 15:29
3:15	사무엘상 10:5, 역대기상 25:1, 열왕기상 18:46, 에스겔 1:3, 사도행전 11:21
3:17	시편 107:35
3:18	예레미야 32:17, 마가복음 10:27, 신명기 28:7
3:19	신명기 3:5, 열왕기하 3:25
3:20	출애굽기 29:39-40
3:23	출애굽기 15:9-10
3:24	레위기 26:7
3:25	창세기 26:15, 역대기하 32:4, 열왕기하 3:19, 이사야 16:7
3:26	열왕기하 3:9
3:27	신명기 12:31, 역대기하 28:1, 역대기하 28:3, 시편 106:37-38
4:1	열왕기하 2:3, 열왕기하 2:5, 열왕기상 19:18
4:2	열왕기상 17:9, 열왕기상 17:12
4:5	마가복음 6:41, 마가복음 8:6-8, 요한복음 2:7-9
4:6	마태복음 14:19, 여호수아 5:12, 열왕기상 17:14
4:8	여호수아 19:17-18, 창세기 19:1-3, 사사기 13:15
4:10	사사기 3:20, 열왕기상 17:19, 마태복음 10:41, 로마서 12:13, 히브리서 13:2
4:12	열왕기하 5:25-27, 열왕기하 8:4, 여호수아 19:17-18
4:13	로마서 16:6, 열왕기하 4:1-2, 히브리서 6:10, 열왕기하 8:3
4:14	창세기 15:2, 창세기 30:1
4:16	창세기 18:10
4:20	열왕기상 17:17
4:21	열왕기하 4:9-10
4:23	민수기 10:10, 민수기 28:11
4:27	마태복음 28:9
4:28	열왕기하 4:16
4:29	열왕기상 18:46
4:30	마태복음 15:22, 마태복음 15:28
4:31	마태복음 17:15-16, 마가복음 9:17-18
4:32	열왕기하 4:21
4:33	열왕기상 17:19-20, 요한복음 11:41, 사도행전 9:40
4:34	열왕기상 17:21-22, 사도행전 20:9-10
4:35	열왕기하 8:1, 열왕기하 8:5
4:36	히브리서 11:35
4:38	신명기 28:23-24, 열왕기하 8:1, 에스겔 14:13, 열왕기하 2:3, 열왕기하 2:5, 열왕기하 4:12
4:41	출애굽기 15:23-25, 열왕기하 2:19-21
4:42	사무엘상 9:3-4, 요한복음 6:9, 사무엘상 9:6-7
4:43	마태복음 14:17, 마가복음 8:4, 마태복음 14:20, 마가복음 8:8
4:44	누가복음 9:17, 요한복음 6:13
5:3	열왕기상 19:16, 마태복음 8:2, 마태복음 11:5, 누가복음 4:27
5:7	신명기 32:39
5:8	열왕기상 17:24, 열왕기상 19:16, 열왕기하 3:11-12, 열왕기하 8:4
5:10	레위기 14:7, 민수기 19:4, 요한복음 9:6-7
5:12	이사야 7:8
5:14	열왕기하 5:10, 욥기 33:25, 누가복음 4:27, 누가복음 5:13
5:15	누가복음 17:15-16, 시편 96:4-5, 이사야 43:10
5:16	마태복음 10:8
5:20	열왕기상 17:24, 열왕기하 4:12, 열왕기하 8:4, 열왕기하 5:1, 누가복음 4:27
5:22	열왕기하 5:5
5:23	열왕기하 5:16
5:25	사도행전 5:8-9
5:26	마태복음 10:8, 누가복음 12:15, 사도행전 20:33, 디모데 전서 6:10
5:27	열왕기하 5:1, 출애굽기 4:6, 민수기 12:10
6:1	열왕기하 2:3, 열왕기하 2:5, 열왕기하 9:1
6:8	열왕기상 20:1, 열왕기상 20:34, 열왕기상 22:31
6:9	열왕기상 17:24
6:10	마태복음 2:12
6:12	다니엘 2:22, 다니엘 2:28
6:13	창세기 37:16-17
6:16	출애굽기 14:13, 시편 3:6, 사무엘하 22:31, 역대기하 32:7, 시편 18:2, 시편 27:3, 시편 46:7, 시편 55:18, 시편 118:11, 로마서 8:31
6:17	사도행전 7:56, 열왕기하 2:11, 시편 68:17, 스가랴 6:1, 시편 34:7, 마태복음 26:53
6:18	창세기 19:10-11
6:19	열왕기상 16:29
6:22	잠언 25:21, 로마서 12:20
6:23	열왕기하 5:2
6:24	신명기 28:52, 열왕기상 20:1
6:25	레위기 26:26, 신명기 28:15, 신명기 28:17, 신명기 14:3, 에스겔 4:14
6:28	레위기 26:29, 신명기 28:53-57, 에스겔 5:10
6:29	예레미야 애가 4:10
6:30	창세기 37:29, 열왕기상 21:27
6:31	예레미야 38:4
6:32	열왕기상 18:13, 열왕기상 21:9-10
7:1	신명기 32:36, 열왕기하 7:18
7:2	민수기 14:11, 민수기 11:23, 열왕기하 7:17
7:3	레위기 13:45-46
7:4	열왕기하 6:25
7:6	신명기 28:7, 사무엘하 5:24
7:12	열왕기하 6:25, 열왕기하 6:28-29, 여호수아 8:4, 여호수아 8:12, 사사기 20:29, 사사기 20:37
7:16	민수기 23:19, 열왕기하 7:1, 이사야 55:10-11
7:18	열왕기하 7:1-2
8:1	열왕기하 4:32-35, 레위기 26:19, 신명기 28:15, 신명기 28:23, 열왕기상 17:1
8:2	여호수아 13:2-3
8:4	열왕기하 2:14, 열왕기하 2:20-21, 열왕기하 3:17, 열왕기하 4:4, 열왕기하 4:7, 열왕기하 6:5-7, 열왕기하 7:1
8:5	열왕기하 4:32-35, 민수기 36:9
8:7	이사야 7:8, 열왕기상 20:1, 열왕기하 6:24, 열왕기상 17:24
8:8	열왕기상 19:15, 사무엘상 9:8, 열왕기상 14:2-3
8:10	열왕기하 8:15
8:12	열왕기하 10:32, 열왕기하 12:17, 열왕기하 13:3, 아모스 1:3, 신명기 28:63, 아모스 1:13
8:13	열왕기상 19:15
8:14	열왕기하 8:10
8:15	열왕기상 16:8, 열왕기상 16:10, 열왕기하 11:1, 열왕기하 15:8, 열왕기하 15:10, 열왕기상 19:15
8:16	열왕기하 1:17, 열왕기상 22:50, 역대기하 21:3, 역대기하 21:5
8:18	열왕기하 8:26-27, 역대기하 18:1, 열왕기상 16:32-33, 열왕기상 21:25, 열왕기상 12:28-30, 역대기하 21:6-7
8:19	창세기 49:10, 사무엘하 7:16-17, 열왕기상 11:36, 시편 132:17
8:20	창세기 27:40, 사무엘하 8:14, 열왕기상 22:47, 역대기하 21:8-10
8:22	여호수아 21:13, 열왕기하 19:8
8:24	열왕기상 2:10, 역대기하 21:18-20, 역대기상 3:10-11, 역대기하 21:16-17, 역대기하 22:1-2
8:25	열왕기하 9:29
8:26	열왕기하 11:1, 열왕기하 11:13, 열왕기하 11:16, 열왕기상 16:16, 열왕기상 16:23
8:27	열왕기상 16:33, 열왕기하 8:16, 열왕기하 8:18, 역대기하 22:3-4
8:28	여호수아 21:38, 열왕기상 22:2-3, 열왕기상 19:17, 역대기하 22:5
8:29	여호수아 19:17-18, 열왕기상 21:1, 역대기하 22:6, 열왕기하 9:15
9:1	열왕기하 8:25, 열왕기하 8:28
9:2	열왕기상 19:16-17
9:3	역대기하 22:7
9:6	열왕기상 19:16
9:7	열왕기상 18:4, 열왕기상 19:2, 열왕기상 21:15, 열왕기상 21:25, 누가복음 18:7
9:8	열왕기상 21:20-21
9:9	열왕기상 15:28-29, 열왕기상 16:11-12
9:10	열왕기상 21:23, 열왕기하 9:3
9:12	열왕기하 9:6
9:13	마태복음 21:7, 사무엘하 15:10, 열왕기상 1:34, 열왕기상 1:39
9:14	열왕기상 19:16, 열왕기상 19:15, 열왕기하 8:15, 열왕기하 10:32, 열왕기하 8:28
9:15	여호수아 19:17-18, 열왕기상 21:1, 역대기하 22:6
9:21	열왕기하 8:25, 열왕기하 8:29, 역대기하 22:7, 열왕기상 21:1, 열왕기상 21:15
9:22	열왕기상 16:31, 열왕기상 18:4, 열왕기상 19:2, 열왕기상 21:7, 레위기 20:6, 신명기 18:10, 열왕기상 18:19
9:25	열왕기상 21:19, 열왕기상 21:29
9:26	창세기 4:8, 창세기 4:10, 시편 9:12, 시편 72:14, 창세기 9:5, 레위기 24:17, 열왕기상 21:24
9:27	열왕기하 8:29, 역대기하 22:7, 여호수아 17:11
9:28	사무엘하 5:7
9:29	열왕기하 8:24, 역대기하 22:2
9:30	열왕기상 21:1, 열왕기상 16:31, 열왕기상 21:25
9:31	열왕기상 16:15-19
9:32	출애굽기 32:26, 시편 94:16
9:34	열왕기상 16:31
9:35	열왕기하 9:10
9:36	이사야 55:10-11, 열왕기상 21:23
10:1	열왕기상 16:29, 열왕기상 21:8
10:4	열왕기하 9:24, 열왕기하 9:27
10:7	열왕기상 21:21
10:9	열왕기하 9:14, 열왕기하 9:24
10:10	사무엘상 15:29, 이사야 14:27, 열왕기상 21:19-24, 열왕기하 9:7, 열왕기하 9:36
10:11	열왕기상 18:19, 열왕기하 23:19-20, 열왕기상 21:21
10:13	열왕기하 8:29, 열왕기하 9:21, 열왕기하 9:27, 역대기하 22:1
10:14	역대기하 22:8
10:15	역대기상 2:55, 예레미야 35:6, 예레미야 35:19
10:16	민수기 25:11, 열왕기상 19:10
10:17	열왕기하 9:8, 역대기하 22:7, 열왕기상 21:20-21, 열왕기하 9:26
10:18	열왕기상 16:32-33, 열왕기상 18:22
10:19	열왕기하 3:13, 열왕기하 10:11
10:21	열왕기상 16:30, 열왕기상 16:32
10:23	열왕기하 10:15, 예레미야 35:6, 예레미야 35:19
10:25	출애굽기 32:26-27, 신명기 13:6-9, 에스겔 9:5
10:26	레위기 26:1, 신명기 7:25
10:27	레위기 26:30, 신명기 7:5, 열왕기상 16:30, 열왕기상 16:32
10:29	열왕기상 12:28-30, 열왕기상 13:33, 호세아 8:6
10:30	열왕기상 21:21, 열왕기하 13:1, 열왕기하 13:10, 열왕기하 14:23, 열왕기하 15:8, 열왕기하 15:12
10:31	신명기 10:12, 호세아 1:4, 열왕기상 12:28-30, 열왕기상 13:34, 열왕기상 14:16
10:32	열왕기상 19:17, 열왕기하 8:12, 열왕기하 13:22
10:33	민수기 32:33, 여호수아 22:9, 신명기 3:13-16, 신명기 28:63, 여호수아 13:8-12
10:35	열왕기하 13:1
11:1	열왕기하 8:26, 열왕기하 11:20, 역대기하 21:5-6, 역대기하 24:7, 열왕기하 9:27, 역대기하 21:4, 역대기하 22:10-12
11:2	열왕기하 12:1
11:4	열왕기상 14:27, 역대기하 23:1-3
11:5	열왕기상 7:1, 역대기하 23:4-7
11:9	열왕기하 11:4, 역대기하 23:8-11
11:11	열왕기상 14:27, 열왕기상 8:22, 역대기하 4:1
11:12	열왕기하 11:2, 출애굽기 25:21, 출애굽기 31:18, 열왕기상 1:39-40
11:13	역대기하 23:12-15
11:14	열왕기하 23:3, 역대기하 5:12
11:15	열왕기하 11:4, 역대기하 23:9
11:16	열왕기상 7:1
11:17	사무엘상 10:25, 사무엘하 5:3, 역대기하 23:16-17
11:18	신명기 12:3, 신명기 7:25, 신명기 13:5, 역대기하 23:18-21
11:19	열왕기하 11:4, 열왕기하 11:15, 열왕기상 14:27, 사무엘하 7:8, 사무엘하 7:16
11:21	열왕기하 11:2, 역대기하 24:1
12:1	열왕기하 11:2, 역대기상 3:10-11, 열왕기상 19:16, 열왕기하 10:30, 역대기하 24:1-2
12:3	민수기 33:52
12:4	역대기하 31:12, 출애굽기 30:13, 역대기하 24:9, 출애굽기 25:2, 출애굽기 35:21
12:5	역대기하 24:7
12:6	역대기하 24:5
12:7	열왕기하 11:4, 역대기하 23:1, 역대기하 24:15, 역대기하 24:6
12:9	역대기하 24:8, 마가복음 12:41, 누가복음 21:1, 역대기하 24:10
12:10	역대기하 24:11
12:11	열왕기하 22:4-6, 역대기하 24:12
12:13	민수기 10:2, 역대기하 5:12, 역대기하 24:14
12:15	열왕기하 22:7
12:16	레위기 5:15, 레위기 7:7, 민수기 18:8
12:17	열왕기상 19:15, 열왕기하 8:13, 열왕기하 10:32, 역대기상 18:1, 역대기하 24:23
12:18	열왕기상 15:18, 열왕기하 16:8, 열왕기하 18:15
12:20	역대기하 24:25-26, 역대기하 25:27, 사무엘하 5:9, 열왕기상 9:15, 열왕기상 9:24, 역대기하 32:5
12:21	열왕기하 14:1, 열왕기하 14:5, 역대기하 24:27
13:1	열왕기하 8:26, 열왕기하 9:27, 열왕기하 11:2, 열왕기하 11:21, 열왕기하 10:30, 열왕기하 10:35
13:2	열왕기상 12:28-30, 열왕기상 13:33, 열왕기상 14:16
13:3	레위기 26:14, 레위기 26:17, 히브리서 12:29, 열왕기상 19:17, 열왕기하 8:12, 열왕기하 13:24
13:4	출애굽기 3:7, 사사기 10:16, 열왕기하 14:26-27
13:5	느헤미야 9:27
13:6	열왕기하 10:29, 열왕기하 17:21, 신명기 7:5, 열왕기상 14:15, 열왕기상 16:33
13:7	아모스 1:3, 열왕기하 8:12, 열왕기하 10:32
13:9	열왕기하 10:35
13:10	열왕기하 14:1
13:11	열왕기하 10:29
13:12	열왕기하 14:8, 열왕기하 14:13
13:13	열왕기하 14:28, 열왕기하 10:35, 열왕기하 13:9
13:14	열왕기상 19:16, 열왕기하 2:11-12
13:17	사무엘상 29:1, 열왕기상 20:26
13:19	열왕기하 13:25
13:20	열왕기하 1:1, 열왕기하 24:2
13:21	요한복음 11:44, 히브리서 11:35
13:22	열왕기상 19:15, 열왕기하 8:12, 열왕기하 10:32
13:23	창세기 13:14-16, 창세기 26:3, 창세기 28:13, 시편 105:8, 미가 7:20, 열왕기하 14:26-27
13:25	열왕기하 13:19
14:1	열왕기하 13:10
14:2	역대기하 25:1-4
14:3	열왕기상 15:5, 역대기하 24:2
14:4	열왕기상 15:14, 열왕기하 12:1, 열왕기하 12:3
14:5	열왕기하 12:20, 역대기하 24:25
14:6	신명기 24:16
14:7	사무엘하 8:13, 역대기상 18:12, 열왕기하 8:20, 역대기하 25:11-12
14:8	역대기하 25:17-19
14:10	열왕기하 14:7
14:11	역대기하 25:15-16, 여호수아 15:10, 여호수아 15:12, 여호수아 21:8, 여호수아 21:16, 역대기하 25:20-24
14:13	느헤미야 8:16, 느헤미야 12:38-39, 예레미야 31:38, 스가랴 14:10
14:16	열왕기하 10:35, 열왕기하 13:9, 호세아 1:1, 아모스 1:1, 아모스 7:10
14:17	열왕기하 14:1, 열왕기하 13:10, 역대기하 25:25-28
14:19	열왕기하 12:20
14:20	열왕기상 2:10
14:21	열왕기하 15:1-2, 마태복음 1:8, 역대기하 26:1
14:22	신명기 2:8, 열왕기상 9:26, 열왕기하 16:6, 역대기하 26:2
14:23	호세아 1:1, 아모스 1:1
14:24	열왕기상 12:28-30, 열왕기상 13:34, 시편 106:20
14:25	민수기 13:21, 민수기 34:2, 민수기 34:7-8, 신명기 3:16-17, 여호수아 19:10, 여호수아 19:13, 요나 1:1, 마태복음 12:39
14:26	출애굽기 3:7, 사사기 10:16, 시편 106:43-44
14:27	예레미야 31:20, 열왕기하 13:4-5
14:28	사무엘하 8:6, 역대기하 8:3
14:29	열왕기하 15:8
15:1	열왕기하 14:1, 열왕기하 14:21, 역대기하 26:1, 역대기하 26:3
15:3	역대기하 26:4-5
15:4	민수기 33:52, 신명기 12:13-14, 열왕기상 22:41, 열왕기상 22:43, 열왕기하 14:1, 열왕기하 14:4
15:5	민수기 12:10, 열왕기하 5:27, 레위기 13:45-46, 열왕기하 15:32, 역대기하 26:16-21
15:6	역대기하 26:22-23
15:7	이사야 6:1
15:8	열왕기하 14:21, 열왕기하 14:29
15:9	열왕기상 12:28-30, 열왕기상 13:33, 열왕기상 14:16
15:10	여호수아 17:11, 호세아 1:4, 아모스 7:9
15:12	열왕기하 13:1, 열왕기하 13:10, 열왕기하 14:23, 열왕기하 14:29, 열왕기하 10:30
15:13	역대기하 26:1
15:14	열왕기상 14:17, 열왕기상 15:21, 열왕기상 16:8, 열왕기상 16:17, 열왕기하 15:10
15:18	열왕기상 12:28-30, 열왕기상 13:33, 열왕기상 14:16
15:19	역대기상 5:26, 열왕기하 12:18, 열왕기하 16:8
15:20	열왕기하 23:35
15:21	열왕기하 15:14
15:24	열왕기상 12:28-30, 열왕기상 13:33, 열왕기상 14:16
15:25	역대기하 28:6
15:27	역대기하 28:6, 이사야 7:1, 이사야 7:4
15:28	열왕기상 12:28-30, 열왕기상 13:33, 열왕기상 14:16
15:29	열왕기하 16:7, 역대기상 5:6, 역대기상 5:26, 역대기하 28:19-20, 열왕기상 15:20, 여호수아 20:7, 여호수아 20:9, 민수기 32:40, 이사야 9:1, 레위기 26:38, 신명기 28:64, 열왕기하 17:22-23, 이사야 8:4
15:30	열왕기하 17:1, 역대기하 27:1
15:32	열왕기하 14:21, 역대기하 27:7, 마태복음 1:9
15:33	역대기하 27:1
15:34	역대기하 27:2
15:35	민수기 33:52, 신명기 12:14, 역대기하 27:3
15:37	열왕기하 15:27, 역대기하 28:6, 열왕기하 16:5, 이사야 7:1-2
16:1	이사야 1:1, 이사야 7:1, 호세아 1:1, 미가 1:1, 마태복음 1:9
16:2	역대기하 28:1-4
16:3	열왕기상 12:28-30, 열왕기상 16:33, 신명기 12:29-31, 레위기 20:2-3, 역대기하 33:1, 역대기하 33:6, 예레미야 7:31
16:4	민수기 33:52, 신명기 12:2
16:5	열왕기하 15:37, 역대기하 28:5-6
16:6	열왕기하 14:21-22
16:7	열왕기하 15:29
16:8	열왕기상 15:18-19
16:9	아모스 1:4-5, 이사야 9:11
16:10	신명기 12:30
16:11	이사야 8:2, 예레미야 23:11, 에스겔 22:26
16:12	역대기하 28:22-23, 역대기하 28:25
16:14	역대기하 4:1
16:15	이사야 8:2, 역대기하 28:23, 출애굽기 29:39-41
16:16	열왕기하 16:11
16:17	열왕기상 7:27-28, 열왕기상 7:38, 역대기하 4:6, 열왕기상 7:23, 열왕기상 7:25, 역대기하 28:24, 역대기하 29:19
16:19	역대기하 28:26-27
16:20	열왕기하 18:1, 역대기하 29:1, 이사야 1:1, 호세아 1:1, 마태복음 1:9
17:1	열왕기하 15:30
17:3	열왕기하 18:9, 이사야 10:5-6, 호세아 10:14-15, 열왕기하 18:14
17:4	이사야 31:1
17:6	호세아 13:16, 레위기 26:32-33, 신명기 4:27, 신명기 28:64, 열왕기상 14:15, 역대기상 5:26, 열왕기하 18:9-11
17:7	출애굽기 20:2, 출애굽기 20:5
17:9	호세아 12:11
17:10	신명기 12:2, 이사야 57:5, 출애굽기 34:13, 신명기 16:21-22
17:11	레위기 20:23
17:12	출애굽기 20:3-5, 레위기 26:1, 신명기 4:23, 열왕기상 12:28-30, 열왕기상 21:25-26
17:13	역대기하 24:18-19, 역대기하 36:15-16, 예레미야 25:4, 이사야 55:7
17:14	신명기 1:32, 신명기 31:27
17:15	신명기 5:2, 신명기 29:12, 호세아 4:6, 신명기 32:21, 사무엘상 12:21, 시편 115:4-8, 이사야 44:9, 신명기 12:30
17:16	열왕기상 12:28-30, 열왕기상 14:15, 열왕기상 16:33, 신명기 4:19, 예레미야 8:2, 열왕기상 16:30-31, 열왕기상 22:51, 열왕기상 22:53, 열왕기하 10:21, 열왕기하 23:4-5
17:17	열왕기하 16:1, 열왕기하 16:3, 신명기 18:10, 미가 5:12
17:18	여호수아 23:12-13, 이사야 42:24
17:19	열왕기상 14:22, 예레미야 3:8, 에스겔 23:4, 에스겔 23:11
17:21	열왕기상 12:20
17:22	열왕기상 12:28-30
17:23	신명기 28:45, 신명기 28:63, 열왕기상 14:16, 호세아 1:4, 아모스 5:27, 미가 1:6, 열왕기하 18:11
17:24	열왕기하 19:11, 열왕기하 19:13
17:25	출애굽기 23:29
17:28	창세기 28:18-19, 여호수아 16:1, 열왕기상 12:28-29, 요한복음 4:20-22
17:30	열왕기하 17:24
17:31	열왕기하 18:34
17:32	열왕기상 12:31-32, 열왕기상 13:33
17:33	열왕기하 17:24, 열왕기하 17:41
17:34	창세기 32:28
17:35	출애굽기 19:5, 출애굽기 24:7, 신명기 29:1, 출애굽기 20:3-5, 출애굽기 23:24, 출애굽기 34:14, 신명기 5:9
17:36	출애굽기 6:6, 신명기 6:12-13
17:37	신명기 31:9
17:38	신명기 4:23
17:40	열왕기하 17:34
17:41	에스라 4:1-2
18:1	열왕기하 15:30, 열왕기하 17:1, 열왕기하 16:2, 열왕기하 16:20, 역대기하 28:27, 마태복음 1:9
18:2	역대기하 29:1-2
18:3	열왕기상 15:5, 열왕기하 20:3, 역대기하 31:20-21, 시편 119:128
18:4	민수기 33:52, 열왕기상 3:2, 열왕기하 14:1, 열왕기하 14:4, 신명기 7:5, 신명기 12:3, 역대기하 31:1, 민수기 21:8-9
18:5	열왕기하 19:15, 역대기하 32:7-8
18:6	신명기 10:20, 여호수아 23:8
18:7	열왕기하 16:7
18:8	역대기하 28:18-19, 이사야 14:28-29
18:9	열왕기하 17:1, 열왕기하 17:3-6
18:10	호세아 13:16, 아모스 3:11, 미가 1:6
18:11	이사야 8:4, 아모스 6:1, 아모스 6:7, 열왕기하 17:6, 역대기상 5:26
18:12	신명기 8:20, 열왕기상 14:15
18:13	이사야 10:5, 역대기하 32:1, 이사야 36:1
18:15	열왕기하 12:18, 열왕기하 16:8, 역대기하 16:2-3
18:16	열왕기상 6:33-35, 역대기하 29:1, 역대기하 29:3
18:17	여호수아 15:20, 여호수아 15:39, 역대기하 11:5, 역대기하 11:9, 역대기하 32:9, 이사야 36:2-3
18:18	열왕기하 19:2, 이사야 22:20-24, 이사야 22:15-19
18:19	역대기하 32:10, 이사야 36:4-10
18:20	열왕기하 18:7
18:21	이사야 30:1-2
18:22	역대기하 32:8, 신명기 12:11, 신명기 12:13, 역대기하 32:12, 역대기하 31:1
18:23	이사야 10:12-13
18:26	열왕기하 18:18, 열왕기하 18:17, 에스라 4:7, 다니엘 2:4, 이사야 36:11-12
18:28	이사야 36:13-20
18:29	역대기하 32:15
18:30	열왕기하 19:32-34
18:32	열왕기하 17:6
18:34	민수기 13:21, 열왕기하 17:24, 열왕기하 17:6
18:35	열왕기하 19:17-19, 역대기하 32:15, 이사야 37:23
18:36	이사야 36:21-22
19:1	이사야 37:1-4
19:2	이사야 1:1
19:3	이사야 26:17-18
19:4	사무엘상 17:45, 열왕기하 18:35, 사무엘하 22:7, 역대기하 20:9, 역대기하 32:20, 시편 50:15
19:5	이사야 37:5-7
19:6	열왕기하 18:17, 신명기 20:3, 이사야 41:10, 이사야 51:7
19:7	역대기하 32:21, 이사야 37:37-38
19:8	열왕기하 18:14, 이사야 37:8-13
19:9	열왕기하 18:17
19:10	역대기하 32:15
19:11	열왕기하 17:5, 역대기하 32:10, 역대기하 32:13, 이사야 10:8-11
19:12	창세기 11:31
19:13	열왕기하 17:24, 열왕기하 18:33-34
19:14	열왕기상 8:30, 이사야 37:14-20
19:15	역대기하 32:20, 출애굽기 25:22, 역대기상 29:10-11
19:16	열왕기상 8:29, 시편 65:2, 역대기하 16:9, 다니엘 9:18
19:17	열왕기하 16:8-9, 열왕기하 17:6, 열왕기하 17:24
19:18	이사야 41:29, 예레미야 10:3
19:19	시편 83:17-18, 이사야 45:5-6
19:20	열왕기하 19:15, 이사야 37:21-22
19:22	열왕기하 19:10, 열왕기하 18:30, 이사야 10:12-13, 이사야 37:23-25
19:23	열왕기하 18:17, 역대기하 32:17, 이사야 10:10-11
19:25	이사야 14:24, 시편 33:11, 이사야 46:10, 이사야 10:5, 이사야 37:26-27
19:26	이사야 40:7
19:27	잠언 5:21, 히브리서 4:13, 이사야 37:28-29
19:28	시편 46:6, 이사야 10:5, 이사야 10:15, 열왕기하 18:35, 이사야 10:12-13, 시편 32:9, 열왕기하 19:33
19:29	레위기 25:4-6, 이사야 37:30-32
19:30	역대기하 32:22, 이사야 10:20
19:31	이사야 59:17, 스가랴 1:14-15
19:32	이사야 10:24, 역대기하 32:22, 이사야 37:33-35
19:34	사무엘상 12:22, 이사야 43:25, 에스겔 36:22, 열왕기하 20:6, 예레미야 23:5, 이사야 31:5
19:35	역대기하 32:21, 이사야 31:8, 출애굽기 12:30, 이사야 37:36-38
19:36	요나 1:2, 열왕기하 19:7, 열왕기하 19:28
19:37	역대기하 32:21, 창세기 8:4, 에스라 4:2
20:1	역대기하 32:24, 이사야 38:1-3
20:3	역대기하 31:20-21, 시편 25:7, 시편 119:49
20:4	이사야 38:4-6
20:5	시편 39:12, 신명기 32:39, 시편 41:3, 시편 103:3, 시편 147:3, 시편 66:13, 시편 116:12-14
20:6	역대기하 32:22, 이사야 10:24, 열왕기하 19:34, 이사야 37:35
20:7	이사야 38:21-22
20:8	사사기 6:17, 이사야 7:11
20:9	이사야 38:7-8
20:11	여호수아 10:12, 역대기하 32:31
20:12	이사야 39:1-2
20:13	역대기하 32:27
20:14	이사야 39:3-4
20:16	이사야 39:5-7
20:17	열왕기하 24:12-13, 열왕기하 25:13, 역대기하 36:7, 역대기하 36:18, 예레미야 27:21-22, 다니엘 1:2
20:18	열왕기하 24:12, 다니엘 1:19, 다니엘 2:49
20:19	시편 141:5, 이사야 39:8
20:20	요한복음 9:11, 역대기하 32:30
20:21	열왕기상 2:10, 열왕기하 21:16, 열왕기하 23:26, 역대기하 33:11-13, 역대기하 32:33
21:1	역대기상 3:13, 마태복음 1:10, 역대기하 33:1
21:2	신명기 12:30-31, 역대기하 36:14, 에스겔 16:51, 역대기하 33:2-6
21:3	열왕기하 18:1, 열왕기하 18:4, 열왕기상 16:30, 열왕기상 16:32, 열왕기하 23:4, 신명기 4:19
21:4	신명기 12:5, 사무엘하 7:12-13, 열왕기상 8:29, 열왕기상 9:3, 예레미야 32:34
21:5	열왕기상 6:36, 열왕기상 7:12, 에스겔 8:16
21:6	레위기 19:26, 레위기 20:27, 신명기 18:10-11
21:7	열왕기하 23:6, 역대기하 33:7-9
21:8	신명기 28:1, 역대기상 17:9
21:9	신명기 7:1
21:10	역대기하 33:10, 역대기하 36:15-16, 예레미야 7:25, 마태복음 23:37
21:11	창세기 15:16, 레위기 18:24-25, 열왕기하 23:26, 열왕기하 24:3, 예레미야 15:4
21:12	열왕기하 22:16-17, 미가 3:12, 예레미야 19:3
21:13	열왕기하 17:6, 에스겔 23:33, 이사야 28:17, 예레미야 애가 2:8, 열왕기상 21:21, 열왕기하 10:11, 예레미야 25:9
21:14	신명기 32:9, 열왕기하 17:18, 레위기 26:25, 신명기 28:63
21:15	신명기 9:21, 신명기 31:29, 사사기 2:11, 사사기 2:13
21:16	열왕기하 24:3-4, 예레미야 2:34, 마태복음 23:30, 히브리서 11:37
21:18	열왕기하 21:23, 열왕기하 21:26
21:19	마태복음 1:10, 역대기하 33:21
21:20	역대기하 33:22-23
21:21	열왕기하 21:1, 열왕기하 21:3
21:22	열왕기하 22:16-17, 예레미야 2:13
21:24	역대기하 33:25
21:26	열왕기하 21:18, 마태복음 1:10
22:1	열왕기상 13:2, 예레미야 1:2, 스바냐 1:1, 역대기하 34:1-2, 여호수아 15:20, 여호수아 15:39
22:2	열왕기상 15:5
22:3	역대기하 34:8
22:4	역대기상 6:13, 열왕기하 12:4-5, 역대기하 24:8, 열왕기하 12:9, 역대기하 34:9
22:5	열왕기하 12:11-12, 역대기하 34:10
22:6	역대기하 34:11
22:7	열왕기하 12:15, 역대기하 34:12
22:8	열왕기하 22:3, 신명기 31:24-26, 역대기하 34:14-15
22:9	역대기하 34:16-18
22:10	신명기 31:9
22:11	역대기하 34:19-21, 요엘 2:13
22:12	열왕기하 25:22, 예레미야 26:24
22:13	신명기 4:24, 신명기 29:27, 신명기 31:17
22:14	출애굽기 15:20, 사사기 4:4, 느헤미야 6:14, 누가복음 2:36, 사도행전 21:8-9, 역대기하 34:22-28
22:16	열왕기하 22:8
22:17	출애굽기 20:3, 신명기 32:17, 사사기 2:12, 예레미야 2:11, 이사야 2:8, 신명기 32:22, 이사야 33:14, 예레미야 7:20, 에스겔 20:48
22:19	열왕기상 21:29, 야고보서 4:6, 열왕기하 22:11
23:1	역대기하 34:29-30
23:2	출애굽기 24:8, 신명기 31:26, 열왕기하 22:8
23:3	열왕기하 11:17, 역대기하 15:10, 역대기하 15:12, 여호수아 24:24-25, 역대기하 34:31-32
23:4	열왕기하 22:4, 열왕기하 21:1, 열왕기하 21:7, 역대기하 34:4, 열왕기상 12:28-29
23:5	열왕기하 21:1, 열왕기하 21:3, 예레미야 8:1-2
23:6	열왕기하 21:1, 열왕기하 21:7, 신명기 7:25, 역대기하 34:4
23:7	레위기 18:22, 신명기 23:17-18, 열왕기상 15:11-12, 열왕기상 22:46
23:8	여호수아 21:17, 여호수아 21:19, 열왕기상 15:22, 창세기 21:31
23:9	에스겔 44:10, 말라기 2:7-8
23:10	여호수아 15:8, 예레미야 7:31, 열왕기하 16:2-3, 예레미야 32:35
23:11	신명기 4:19, 에스겔 8:16
23:12	예레미야 19:13, 스바냐 1:4-5, 열왕기하 21:1, 열왕기하 21:5
23:13	스바냐 1:4-5, 열왕기상 11:5, 열왕기상 11:7
23:14	출애굽기 23:24, 신명기 7:5, 역대기하 34:1, 역대기하 34:3
23:15	열왕기상 12:28, 열왕기상 12:33, 역대기하 34:6-7
23:16	열왕기상 13:2
23:17	열왕기상 13:1
23:18	열왕기상 13:30-31
23:19	열왕기상 12:25, 열왕기상 12:31, 열왕기상 13:32, 열왕기하 17:9, 역대기하 34:6-7
23:20	열왕기상 13:2
23:21	출애굽기 12:3-14, 역대기하 35:1
23:22	역대기하 35:18-19
23:24	레위기 19:31, 신명기 18:10-11, 열왕기하 21:1, 열왕기하 21:6, 이사야 8:19, 창세기 31:19, 열왕기하 22:8, 민수기 33:52, 신명기 12:2
23:25	신명기 4:29
23:26	열왕기하 21:11-12, 열왕기하 24:3-4, 예레미야 15:4
23:27	열왕기하 18:11, 열왕기하 21:13, 신명기 29:28, 열왕기하 25:11, 에스겔 23:33, 신명기 12:5, 열왕기상 8:29, 열왕기상 9:3
23:29	열왕기상 9:15, 역대기하 35:20-25, 스가랴 12:11
23:30	역대기하 36:1-2
23:31	예레미야 22:11, 열왕기하 24:18
23:32	열왕기하 21:1-2, 열왕기하 21:19-21
23:33	열왕기하 23:29, 예레미야 39:5, 예레미야 52:10, 역대기하 36:3
23:34	역대기하 36:4-5, 예레미야 22:11-12
23:36	예레미야 1:3, 예레미야 22:18-19, 역대기하 36:5
23:37	역대기하 28:24-25, 역대기하 33:1, 역대기하 33:4, 예레미야 26:21, 예레미야 36:22-24
24:1	예레미야 25:1, 예레미야 46:2, 다니엘 1:1, 다니엘 3:1, 다니엘 4:33
24:2	하박국 1:6, 레위기 26:27-28, 신명기 28:15, 열왕기하 23:27
24:3	레위기 26:33, 신명기 4:26, 열왕기하 21:11, 열왕기하 23:26
24:4	열왕기하 21:16, 예레미야 2:34, 예레미야 19:4, 예레미야 15:1, 예레미야 애가 3:42
24:5	역대기하 36:8
24:6	예레미야 22:18-19, 예레미야 36:30
24:7	민수기 34:2, 민수기 34:5, 창세기 15:18, 열왕기상 4:21, 예레미야 46:2
24:8	예레미야 24:1, 예레미야 37:1, 역대기하 36:8
24:10	다니엘 1:1
24:12	역대기하 36:9-10, 예레미야 24:1, 예레미야 29:1-2, 에스겔 17:12, 예레미야 52:28
24:13	열왕기하 20:13, 열왕기하 20:17, 열왕기상 7:48-50, 에스라 1:7, 다니엘 5:2
24:14	다니엘 1:3, 다니엘 1:6, 예레미야 24:1, 열왕기하 25:12
24:15	열왕기하 25:27, 역대기상 3:17, 예레미야 22:24-25
24:17	역대기상 3:15, 역대기하 36:10-12, 예레미야 37:1, 예레미야 52:1
24:18	열왕기하 23:31
24:19	열왕기하 23:36-37, 예레미야 24:8, 예레미야 37:1-2, 예레미야 38:5-6, 에스겔 21:25
24:20	열왕기하 23:27, 역대기하 36:11, 역대기하 36:13, 예레미야 27:12, 예레미야 38:17, 에스겔 17:12-15
25:1	예레미야 27:8, 예레미야 43:10, 다니엘 4:1, 역대기하 36:17, 예레미야 34:2, 에스겔 24:1-2, 이사야 29:3, 예레미야 32:2, 예레미야 32:28, 예레미야 39:1, 예레미야 52:4-5, 에스겔 4:1-2, 에스겔 21:21-22
25:3	레위기 26:26, 신명기 28:53, 예레미야 37:21, 예레미야 38:2, 예레미야 애가 4:4, 에스겔 4:16, 에스겔 5:10, 에스겔 5:12, 예레미야 52:6-11
25:4	예레미야 21:4, 예레미야 39:2, 예레미야 39:4-7, 에스겔 33:21, 에스겔 12:12
25:6	예레미야 21:7
25:7	예레미야 32:4-5, 에스겔 12:12-13, 에스겔 17:16
25:8	예레미야 40:1, 예레미야 52:12-14, 예레미야 애가 4:12
25:9	열왕기상 9:8, 시편 74:3, 시편 79:1, 이사야 64:11, 예레미야 7:14, 예레미야 애가 1:10, 예레미야 애가 2:7, 미가 3:12, 열왕기상 7:1, 예레미야 34:22, 역대기하 36:19
25:10	느헤미야 1:3, 예레미야 39:8
25:11	예레미야 15:2, 예레미야 39:9, 예레미야 52:15, 예레미야 52:30, 에스겔 5:2
25:12	예레미야 39:10, 예레미야 52:16
25:13	열왕기상 7:15, 열왕기상 7:27, 열왕기상 7:23, 열왕기하 20:17, 예레미야 52:17-20
25:15	열왕기상 7:48, 열왕기상 7:50, 역대기하 24:14, 역대기하 36:18, 에스라 1:7, 에스라 1:10-11, 다니엘 5:2
25:16	열왕기상 7:47
25:17	열왕기상 7:15, 열왕기상 7:16, 열왕기상 7:20, 예레미야 52:21-23
25:18	에스라 7:1, 예레미야 21:1-2, 예레미야 29:25, 예레미야 29:29, 예레미야 52:24-27
25:20	열왕기하 25:8, 예레미야 39:9, 예레미야 40:1, 예레미야 39:5
25:21	민수기 34:2, 민수기 34:8, 열왕기상 8:65, 신명기 28:36, 신명기 28:64, 열왕기하 23:27, 예레미야 25:11
25:22	열왕기하 22:8, 예레미야 26:24, 예레미야 39:13-14, 예레미야 40:5-6
25:23	예레미야 40:7-9
25:24	예레미야 27:12
25:25	예레미야 40:15, 예레미야 41:1-2
25:26	예레미야 42:14, 예레미야 43:4, 예레미야 43:7, 예레미야 41:17-18
25:27	열왕기하 24:8, 열왕기하 24:12, 예레미야 24:1, 마태복음 1:11, 예레미야 52:31-34
