1:1	창세기 4:25
1:2	창세기 5:12, 창세기 5:15, 창세기 5:18
1:3	히브리서 11:5, 창세기 5:25, 창세기 5:28
1:4	창세기 5:29, 창세기 11:10, 창세기 6:10
1:5	이사야 66:19, 에스겔 27:13, 창세기 10:2
1:6	창세기 10:3, 에스겔 27:14
1:8	이사야 11:11, 창세기 10:6
1:9	시편 72:10, 에스겔 27:22, 창세기 10:7
1:10	창세기 10:8-9
1:11	예레미야 46:9, 창세기 10:13-14
1:12	에스겔 29:14, 신명기 2:23, 아모스 9:7, 여호수아 13:2-3
1:13	이사야 23:2, 창세기 10:15-18
1:14	사사기 1:21, 창세기 15:16, 민수기 13:29, 신명기 3:8, 신명기 7:1
1:15	여호수아 9:3, 여호수아 9:7
1:16	에스겔 27:11
1:17	에스라 4:9, 에스겔 27:23, 창세기 10:22-23
1:18	창세기 11:14
1:19	창세기 11:19
1:20	창세기 10:26-29
1:23	열왕기상 9:28, 창세기 2:11, 창세기 25:18
1:25	창세기 11:19, 창세기 11:21
1:26	창세기 11:23, 창세기 11:25, 창세기 11:26
1:27	창세기 17:5
1:28	창세기 21:3, 창세기 16:11-12
1:29	창세기 28:9, 에스겔 27:21, 창세기 25:13-15
1:32	창세기 25:1-4, 창세기 37:28, 욥기 2:11, 이사야 21:13
1:33	이사야 60:6
1:34	사도행전 7:8, 창세기 25:25, 창세기 32:28
1:35	창세기 36:4-5
1:36	오바댜 1:9, 창세기 36:11-12
1:37	창세기 36:13
1:38	창세기 36:8, 창세기 36:20-21
1:39	창세기 36:22
1:40	창세기 36:23-24
1:41	창세기 36:25-26
1:42	역대기상 1:38, 창세기 36:27-28
1:43	창세기 32:3, 창세기 36:31-39
1:44	예레미야 49:13
1:51	창세기 36:40-43
2:1	창세기 32:28, 창세기 29:32, 창세기 49:3-4, 창세기 29:33, 창세기 29:34, 창세기 49:5-7, 창세기 29:35, 창세기 49:8-12, 히브리서 7:14, 창세기 30:18, 창세기 49:14-15, 창세기 30:20, 창세기 49:13
2:2	창세기 30:4-6, 창세기 49:16-18, 창세기 30:22, 창세기 30:24, 창세기 49:22-26, 창세기 35:16, 창세기 35:18, 창세기 49:27, 창세기 30:7-8, 창세기 49:21, 창세기 30:9-11, 창세기 49:19, 창세기 30:12-13, 창세기 49:20
2:3	창세기 38:2-5, 창세기 38:7
2:4	창세기 38:11, 누가복음 3:23, 누가복음 3:33
2:5	민수기 26:21
2:7	신명기 7:26, 여호수아 6:18, 여호수아 22:20, 여호수아 7:15, 여호수아 7:18
2:9	사무엘상 27:10, 룻기 4:19-21, 마태복음 1:3
2:10	마태복음 1:4-5, 민수기 2:3
2:11	누가복음 3:23, 누가복음 3:32, 룻기 2:1
2:12	룻기 4:17, 룻기 4:22, 사무엘상 16:1
2:13	사무엘상 17:13, 사무엘상 16:6-10
2:15	사무엘상 16:13, 사무엘상 17:12, 마태복음 1:6
2:16	사무엘하 17:25, 사무엘하 21:17, 사무엘하 23:18-19, 사무엘하 8:16, 역대기상 11:6, 사무엘하 2:18, 사무엘하 3:30, 사무엘하 23:24
2:17	사무엘하 19:13, 열왕기상 2:5
2:19	역대기상 4:4, 출애굽기 17:12, 출애굽기 24:14
2:20	출애굽기 31:2-5, 출애굽기 36:1, 출애굽기 37:1
2:21	민수기 26:29, 여호수아 17:1, 창세기 50:23, 역대기상 7:14
2:22	신명기 3:14, 여호수아 13:29-30, 민수기 32:40-41
2:23	사무엘하 3:3, 사무엘하 13:38, 사무엘하 8:6, 열왕기상 4:13, 민수기 32:42
2:24	창세기 46:12, 느헤미야 3:5, 역대기상 4:5
2:42	역대기상 2:9
2:45	여호수아 15:20, 여호수아 15:58, 느헤미야 3:16
2:49	여호수아 15:21, 여호수아 15:31, 여호수아 15:20, 여호수아 15:57, 역대기상 2:18, 여호수아 15:16-17
2:50	역대기상 2:19, 출애굽기 17:12, 출애굽기 24:14, 여호수아 15:9, 여호수아 15:12, 역대기상 13:5
2:51	창세기 35:19, 요한복음 7:42
2:53	역대기상 11:10, 역대기상 11:40, 역대기상 4:2, 여호수아 15:20, 여호수아 15:33
2:54	창세기 35:19, 마태복음 2:1
2:55	열왕기하 10:15, 예레미야 35:6, 예레미야 35:19, 사사기 1:16, 사사기 4:11, 사무엘상 15:6
3:1	사무엘하 3:2-5, 사무엘상 25:43, 사무엘하 13:32, 사무엘상 25:2, 사무엘상 25:39
3:2	사무엘하 13:28, 사무엘하 13:37, 사무엘하 15:10, 사무엘하 18:14, 열왕기상 1:5, 열왕기상 1:11, 열왕기상 2:24
3:4	사무엘하 5:5
3:5	사무엘하 5:13-16, 역대기상 14:3-7, 누가복음 3:23, 누가복음 3:31, 마태복음 1:7, 사무엘하 11:3, 사무엘하 11:27
3:9	사무엘하 13:1
3:10	열왕기상 11:43, 역대기하 13:1, 역대기하 14:1, 역대기하 20:31
3:11	역대기하 21:5, 역대기하 22:2, 역대기하 24:1
3:12	역대기하 25:1, 열왕기하 14:21, 역대기하 27:1
3:13	역대기하 28:1, 역대기하 29:1, 열왕기하 21:1
3:14	열왕기하 21:19, 열왕기하 22:1
3:15	열왕기하 23:34, 역대기하 36:5, 열왕기하 24:17, 역대기하 36:11
3:16	열왕기하 24:6, 열왕기하 24:8, 열왕기하 25:27, 에스더 2:6
3:19	에스라 5:2, 마태복음 1:12, 누가복음 3:23, 누가복음 3:27
4:1	창세기 38:29, 민수기 26:20, 룻기 4:18, 마태복음 1:3, 창세기 46:12, 역대기상 2:5, 출애굽기 17:12, 출애굽기 24:14, 역대기상 2:19, 역대기상 2:50
4:2	역대기상 2:53
4:3	역대기하 11:5-6
4:4	미가 5:2, 역대기상 2:19
4:5	역대기하 11:5-6, 역대기상 2:24
4:13	여호수아 15:16-17, 사사기 3:9, 사사기 3:11
4:15	민수기 32:11-12, 여호수아 15:13
4:21	창세기 38:2, 창세기 38:5, 민수기 26:20
4:24	창세기 46:10, 민수기 26:12-13
4:27	민수기 26:22
4:28	여호수아 19:1-2, 여호수아 15:21, 여호수아 15:26, 여호수아 15:21, 여호수아 15:28, 여호수아 19:1, 여호수아 19:3, 느헤미야 11:25-27
4:29	여호수아 15:21, 여호수아 15:29
4:30	여호수아 19:1, 여호수아 19:4, 사사기 1:17, 여호수아 15:20, 여호수아 15:31, 여호수아 19:1, 여호수아 19:5, 사무엘상 27:5-6
4:31	여호수아 19:1, 여호수아 19:5
4:32	여호수아 19:1, 여호수아 19:7
4:40	창세기 10:6, 창세기 10:20
4:41	역대기하 29:1
4:42	창세기 36:8
4:43	출애굽기 17:14, 출애굽기 17:16, 사무엘상 15:7
5:1	창세기 29:32, 창세기 49:3-4, 창세기 35:22, 창세기 49:22, 창세기 49:26, 여호수아 14:4
5:2	창세기 49:8, 창세기 49:10, 민수기 2:3, 민수기 10:14, 사사기 1:1-2, 시편 60:7, 마태복음 2:6, 히브리서 7:14
5:3	창세기 46:9, 출애굽기 6:14
5:6	열왕기하 16:7
5:8	신명기 2:36, 민수기 32:34, 민수기 32:38, 여호수아 13:15, 여호수아 13:17, 에스겔 25:9-10
5:9	창세기 15:18, 신명기 1:7, 여호수아 1:4, 사무엘하 8:3, 여호수아 22:9
5:11	신명기 3:8, 신명기 3:10, 여호수아 12:4-5
5:16	민수기 32:1, 신명기 3:3, 신명기 3:13, 신명기 32:14
5:17	열왕기하 15:32, 역대기하 27:1, 이사야 1:1, 호세아 1:1, 미가 1:1, 열왕기하 14:16, 열왕기하 14:28
5:19	역대기상 5:10, 창세기 25:13, 창세기 25:15, 역대기상 1:31
5:20	시편 20:7, 시편 22:4
5:22	여호수아 10:42, 사무엘상 17:45, 사무엘상 17:47, 역대기하 20:15, 열왕기하 15:29, 열왕기하 17:6
5:23	여호수아 13:29-30, 신명기 4:47-48
5:25	신명기 5:7-9, 사사기 2:17, 사사기 8:33, 열왕기하 17:10-11
5:26	열왕기하 15:19, 열왕기하 15:29, 에스라 1:1, 잠언 21:1, 열왕기하 17:6, 열왕기하 18:11
6:1	창세기 29:34, 출애굽기 6:16, 출애굽기 6:18, 민수기 3:27, 민수기 3:17, 민수기 26:57
6:2	출애굽기 6:21, 출애굽기 6:22, 레위기 10:4
6:3	출애굽기 6:20, 역대기상 23:13, 출애굽기 6:26, 사도행전 7:37-38, 출애굽기 15:20, 출애굽기 24:1, 레위기 10:1, 민수기 3:32, 신명기 10:6, 출애굽기 6:23, 출애굽기 28:1, 민수기 4:28, 역대기상 24:2, 역대기상 24:4
6:4	출애굽기 6:25, 민수기 25:11
6:7	사무엘하 8:17
6:8	열왕기상 1:8, 열왕기상 2:35, 사무엘하 15:27, 사무엘하 15:36
6:12	느헤미야 11:11
6:13	역대기하 34:14
6:14	열왕기하 25:18, 학개 1:1
6:17	민수기 3:18
6:18	민수기 3:19-20
6:19	민수기 26:57
6:20	민수기 3:18
6:22	민수기 16:1, 민수기 16:32, 민수기 26:10-11, 유다서 1:11
6:23	출애굽기 6:24
6:27	사무엘상 1:1
6:28	사무엘상 1:20, 사무엘상 8:1-2
6:29	출애굽기 6:19, 역대기상 23:21
6:31	사무엘하 6:17, 역대기상 15:16
6:32	열왕기상 6:14, 역대기하 35:15
6:33	역대기상 15:16-17, 사무엘상 8:1-2
6:34	사무엘상 1:1
6:39	역대기상 25:1, 역대기하 5:12, 시편 50:0
6:44	역대기상 23:6, 역대기상 15:16-17
6:48	민수기 3:5-7
6:49	출애굽기 28:1, 민수기 3:10, 출애굽기 29:38, 출애굽기 30:7, 출애굽기 30:10, 레위기 4:20, 레위기 17:11, 역대기하 29:24
6:50	출애굽기 6:23, 출애굽기 28:1, 민수기 3:32
6:52	사무엘하 8:17
6:53	열왕기상 2:35
6:55	민수기 13:22, 여호수아 21:8, 여호수아 21:11
6:56	여호수아 14:13, 사사기 1:20
6:57	민수기 35:12-13, 여호수아 20:7, 여호수아 20:9, 여호수아 15:20, 여호수아 15:42, 여호수아 15:20, 여호수아 15:48, 여호수아 21:13-16
6:58	사사기 1:11
6:59	역대기상 4:24, 역대기상 4:32, 여호수아 15:10, 여호수아 15:12
6:60	여호수아 18:21, 여호수아 18:24, 여호수아 21:8, 여호수아 21:18, 예레미야 1:1, 여호수아 21:4
6:61	여호수아 21:5
6:62	여호수아 21:27-33
6:63	여호수아 21:34-40
6:64	민수기 35:2-4
6:66	여호수아 21:20-26
6:67	여호수아 20:7, 여호수아 20:9, 여호수아 16:10
6:68	여호수아 10:11
6:69	여호수아 10:12, 사사기 1:35, 여호수아 19:45, 여호수아 19:48
6:71	신명기 4:41-43, 여호수아 21:27
6:72	여호수아 19:12, 여호수아 19:16, 여호수아 21:8, 여호수아 21:28
6:74	여호수아 21:8, 여호수아 21:30
6:75	여호수아 19:28, 여호수아 19:31, 사사기 1:31
6:76	마태복음 3:13, 여호수아 20:7, 여호수아 20:9, 여호수아 21:32-33
6:77	여호수아 21:34-39
6:78	민수기 21:23
6:79	신명기 2:26
6:80	창세기 32:1-2, 사무엘하 2:8
6:81	민수기 21:26, 민수기 32:1
7:1	창세기 46:13, 민수기 26:23-24
7:5	민수기 26:25
7:6	창세기 35:16, 창세기 35:18, 민수기 26:38-39, 역대기상 8:1, 창세기 46:21, 역대기상 7:10
7:7	민수기 26:41
7:10	역대기상 7:6
7:12	역대기상 7:7
7:13	민수기 26:48-49, 창세기 30:3, 창세기 30:8, 창세기 46:24-25
7:14	창세기 41:50-51, 창세기 50:23, 민수기 26:29, 신명기 3:15
7:15	민수기 26:33, 민수기 27:1, 민수기 27:7
7:20	민수기 1:33, 민수기 26:35
7:21	사무엘상 7:14, 사무엘상 17:4
7:24	여호수아 16:1, 여호수아 16:3, 여호수아 16:5, 여호수아 21:20, 여호수아 21:22, 역대기하 8:3, 역대기하 8:5
7:27	출애굽기 33:11, 민수기 11:28, 민수기 32:11-12, 신명기 34:9, 여호수아 1:1
7:28	창세기 28:16, 창세기 28:19, 여호수아 16:1-2
7:29	여호수아 17:11, 사무엘상 31:8, 사무엘상 31:10, 사사기 5:1, 사사기 5:19, 사사기 1:27, 열왕기상 9:15, 열왕기상 4:7, 열왕기상 4:11
7:30	민수기 26:44-45, 창세기 46:17
7:40	출애굽기 30:14, 민수기 1:41, 민수기 26:47
8:1	창세기 35:16, 창세기 35:18, 역대기상 7:6, 창세기 46:21
8:3	창세기 46:21
8:6	여호수아 21:8, 여호수아 21:17, 사무엘상 13:16
8:12	느헤미야 6:2, 에스라 2:1, 에스라 2:33
8:13	여호수아 19:42, 여호수아 19:48, 여호수아 21:8, 여호수아 21:24
8:29	여호수아 9:15, 여호수아 9:17, 여호수아 21:8, 여호수아 21:17, 역대기상 21:29, 역대기상 9:35-38
8:33	사무엘상 14:50, 사무엘상 9:1-2, 사무엘상 11:15, 사무엘상 14:45, 사무엘상 14:49, 사무엘상 31:2, 사무엘하 2:8, 역대기상 9:39-44
8:34	사무엘하 4:4, 사무엘하 9:12
9:1	예레미야 39:9
9:2	여호수아 9:3, 여호수아 9:27, 에스라 2:43-54, 에스라 2:70, 에스라 8:20, 느헤미야 7:73, 느헤미야 11:3
9:3	느헤미야 11:4-5, 느헤미야 11:7-9
9:4	창세기 46:12, 역대기상 2:4
9:6	역대기상 2:4, 역대기상 2:6
9:10	느헤미야 11:10-14
9:14	느헤미야 11:15
9:16	역대기상 2:54, 느헤미야 12:28
9:17	에스라 2:1, 에스라 2:42, 느헤미야 11:19
9:18	느헤미야 3:29
9:20	출애굽기 6:25, 민수기 3:32, 민수기 25:11, 민수기 25:13, 여호수아 22:30, 사사기 20:28
9:21	역대기상 26:14, 역대기상 26:19
9:22	역대기상 9:1, 사무엘상 9:9
9:23	역대기하 23:16, 역대기하 23:19, 느헤미야 12:45
9:24	역대기상 26:14-16
9:26	역대기상 26:20, 역대기상 28:11-12, 역대기하 31:12
9:28	민수기 1:50
9:29	열왕기상 8:4, 레위기 2:1, 역대기상 23:29, 레위기 23:12-13, 출애굽기 27:20, 레위기 2:1-2, 출애굽기 25:3, 출애굽기 25:6
9:31	레위기 2:5, 레위기 2:7
9:32	역대기하 2:4, 역대기하 13:11, 레위기 24:6, 레위기 24:8
9:35	여호수아 21:8, 여호수아 21:17
9:39	사무엘상 14:50, 사무엘상 9:1-2, 사무엘상 11:15, 사무엘상 14:45, 사무엘상 18:1, 사무엘하 1:23, 사무엘상 14:49, 사무엘상 31:2
9:40	사무엘하 4:4, 사무엘하 9:12
10:1	사무엘상 31:1-5, 사무엘하 1:21, 사무엘하 1:25
10:2	역대기상 8:33
10:3	사무엘상 26:9-10
10:4	사사기 16:21, 사사기 16:23, 역대기상 10:13
10:6	사무엘상 31:6-7
10:8	사무엘상 28:4, 사무엘상 31:8-10
10:9	사사기 16:23-24
10:10	사무엘상 5:2
10:11	사무엘상 11:1, 사무엘상 31:11-13
10:12	사무엘하 2:5, 사무엘하 21:12
10:13	사무엘상 13:13, 사무엘상 15:22-23, 레위기 20:6, 사무엘상 28:7
10:14	룻기 4:17, 사무엘상 13:14, 사무엘상 15:27-28, 사무엘하 5:3
11:1	민수기 13:22, 사무엘하 2:1, 사무엘하 5:5, 역대기상 12:23, 사무엘하 5:1-2
11:2	사무엘상 18:6, 사무엘상 18:13, 사무엘하 6:21, 사무엘하 7:8-9, 시편 78:70-71
11:3	사무엘상 16:13, 사무엘하 2:4, 사무엘하 5:3, 사무엘상 15:27-28
11:4	여호수아 15:63, 사사기 1:21, 사사기 19:10, 창세기 10:15-16, 창세기 15:18, 창세기 15:21, 출애굽기 3:17
11:5	사무엘하 5:6-10, 열왕기상 8:1, 시편 2:6, 시편 48:2, 열왕기상 2:10
11:6	사무엘하 2:18
11:9	사무엘하 3:1
11:10	사무엘상 16:12-13
11:11	역대기상 27:1-2, 사무엘하 23:8, 여호수아 23:10
11:12	역대기상 8:1, 역대기상 8:4, 사무엘하 23:9-10, 사무엘하 23:15-17
11:13	사무엘상 17:1
11:14	시편 18:50
11:15	사무엘상 22:1, 여호수아 15:8, 여호수아 15:12, 사무엘하 23:13-17
11:17	사무엘상 20:6
11:19	창세기 9:4, 레위기 17:10
11:20	사무엘하 3:30, 사무엘상 26:6, 사무엘하 2:18, 사무엘하 18:2, 사무엘하 23:18-19
11:22	열왕기상 4:4, 역대기상 27:1, 역대기상 27:5, 여호수아 15:21, 사사기 14:5-6, 사무엘상 17:36-37, 사무엘하 23:20-23
11:23	사무엘상 17:4, 사무엘상 17:7, 사무엘상 17:51
11:25	역대기상 11:19
11:26	사무엘하 2:18, 사무엘하 2:23, 역대기상 27:1, 역대기상 27:7, 사무엘하 23:24-39
11:28	역대기상 27:1, 역대기상 27:9, 역대기상 27:1, 역대기상 27:12
11:29	사무엘하 21:18, 역대기상 27:1, 역대기상 27:11
11:30	역대기상 27:1, 역대기상 27:13, 역대기상 27:1, 역대기상 27:15
11:31	사사기 20:15, 역대기상 12:1-2
11:32	여호수아 24:30
11:41	사무엘하 11:3, 사무엘하 11:17, 사무엘하 12:9, 열왕기상 15:5
12:1	사무엘상 27:1, 사무엘상 27:5-6, 사무엘하 1:1, 역대기상 11:10
12:2	사무엘상 17:49, 사사기 3:15, 사사기 20:15-16, 창세기 49:27
12:3	사무엘상 11:4, 역대기상 11:26, 역대기상 11:33
12:4	역대기상 11:15, 여호수아 9:3
12:6	민수기 26:10-11
12:8	사무엘상 23:14, 사무엘상 23:29, 사무엘상 24:22, 역대기상 11:16
12:14	창세기 49:19, 신명기 33:20, 레위기 26:8
12:16	사무엘상 22:1, 사무엘상 23:14, 사무엘상 24:22
12:17	사무엘상 24:12, 사무엘상 24:15, 사무엘상 26:23, 시편 7:6
12:18	사사기 6:34, 사사기 13:24-25, 사무엘하 15:21, 시편 54:4
12:19	사사기 3:1, 사사기 3:3, 사무엘상 29:2-4
12:20	사무엘상 30:1, 신명기 33:17
12:21	역대기상 5:23-24, 역대기상 11:10
12:22	사무엘하 2:3, 사무엘하 3:1
12:23	사무엘상 16:1, 사무엘상 16:13, 역대기상 11:10, 사무엘하 2:1, 사무엘하 5:1
12:27	역대기상 6:49, 역대기상 27:1, 역대기상 27:5
12:28	사무엘하 8:17, 열왕기상 1:8, 열왕기상 2:35, 역대기상 6:1, 역대기상 6:8, 역대기상 27:16-17
12:29	역대기상 8:1, 역대기상 8:33, 역대기상 12:1-2
12:37	민수기 32:33, 여호수아 13:8
12:38	창세기 49:8, 창세기 49:10, 역대기상 11:10
13:1	역대기상 15:25
13:2	민수기 35:2
13:3	사무엘상 7:2, 사무엘상 14:18
13:5	민수기 34:2, 민수기 34:8, 사무엘상 6:21-7:1, 사무엘하 6:1-2, 역대기상 15:3
13:6	출애굽기 25:22, 민수기 7:89, 사무엘상 4:4, 사무엘하 6:2, 여호수아 15:9, 여호수아 15:12
13:7	출애굽기 37:5, 사무엘하 6:3-8
13:8	출애굽기 15:20, 역대기상 25:1, 역대기하 5:13
13:10	민수기 4:15, 레위기 10:1-2
13:12	사무엘하 6:9-11
13:14	창세기 30:27, 창세기 39:5
14:1	열왕기상 5:6, 열왕기상 5:8, 사무엘하 5:11-12
14:2	시편 89:20-21, 사무엘하 7:8
14:3	신명기 17:17, 사무엘하 5:13-16
14:4	역대기상 3:5-9, 누가복음 3:23, 누가복음 3:31, 열왕기상 1:47, 마태복음 1:6
14:8	역대기상 11:3, 사무엘하 5:17, 시편 2:2
14:9	사무엘하 5:18, 사무엘하 5:22, 사무엘하 23:13
14:10	사무엘하 5:19-21
14:11	이사야 28:21
14:12	신명기 7:25
14:13	사무엘하 5:22-25
14:14	여호수아 8:2, 시편 18:34
14:15	신명기 23:14, 사사기 4:14
14:16	창세기 6:22, 출애굽기 39:32, 여호수아 16:10
14:17	신명기 2:25, 신명기 11:25, 여호수아 2:9
15:1	사무엘하 7:1-2, 역대기상 16:1, 시편 132:1-5
15:2	민수기 4:15, 신명기 10:8
15:3	사무엘하 6:12, 역대기상 13:5
15:4	민수기 3:2-3, 역대기상 6:1
15:6	역대기상 6:29-30
15:7	역대기상 23:6-8
15:8	출애굽기 6:18, 출애굽기 6:22
15:10	출애굽기 6:16, 출애굽기 6:18
15:11	사무엘하 8:17, 사무엘상 22:20, 열왕기상 2:27, 열왕기상 2:35
15:13	사무엘하 6:3, 사무엘하 6:8, 민수기 4:15, 신명기 31:9
15:15	출애굽기 25:14, 민수기 4:6, 역대기하 5:9
15:16	시편 33:2, 역대기상 16:5, 역대기하 5:12-13
15:17	역대기상 6:31, 역대기상 6:33, 역대기상 25:5, 역대기상 6:31, 역대기상 6:39, 역대기상 25:1-2, 시편 83:0, 역대기상 6:31, 역대기상 6:44
15:18	역대기상 25:9
15:19	역대기상 6:31-33, 역대기상 25:1, 역대기상 13:8
15:20	시편 46:0
15:21	역대기상 16:4-5, 시편 6:0
15:22	역대기상 15:27
15:24	역대기상 16:4, 역대기상 16:6
15:25	역대기상 13:14, 사무엘하 6:4-5, 사무엘하 6:12
15:26	사무엘하 6:13
15:27	사무엘하 6:14-15
15:28	역대기상 13:8, 역대기상 16:4, 역대기상 16:6, 사무엘하 6:5
15:29	역대기상 17:1, 사무엘상 18:27, 사무엘하 3:13-14, 사무엘하 6:16
16:1	열왕기상 8:1, 역대기상 15:1, 사무엘하 6:17-19, 열왕기상 8:5
16:2	레위기 1:3, 레위기 3:1
16:4	민수기 18:2
16:5	역대기상 6:31, 역대기상 6:39, 역대기상 15:18, 역대기상 15:21, 역대기상 15:17, 역대기상 15:19
16:7	역대기상 6:31, 역대기상 6:39
16:8	시편 106:1, 시편 67:2, 시편 105:1-6, 이사야 12:4
16:9	사무엘하 23:1, 에베소서 5:19, 시편 107:43
16:10	레위기 22:32, 이사야 45:25, 예레미야 9:24, 역대기상 28:9, 빌립보서 4:4
16:11	아모스 5:4, 스바냐 2:3, 시편 24:5-6
16:12	시편 111:2-4
16:13	이사야 41:8, 시편 135:4
16:14	시편 95:7, 시편 105:7-11
16:15	신명기 7:9
16:16	창세기 15:18, 창세기 17:1-2, 창세기 26:3-5
16:17	창세기 28:14
16:18	창세기 12:7, 창세기 17:8, 창세기 35:12, 신명기 32:8
16:19	창세기 34:30, 신명기 26:5, 시편 105:12-15
16:20	창세기 20:1, 창세기 46:6
16:21	창세기 31:7, 창세기 31:42, 창세기 12:17, 창세기 20:3
16:22	창세기 20:7
16:23	시편 40:10, 시편 96:1-6
16:25	출애굽기 15:11
16:26	이사야 45:20, 고린도 전서 8:4, 이사야 44:24
16:27	신명기 33:26, 시편 8:1, 디모데 전서 1:11
16:28	시편 68:34, 시편 96:7-13
16:29	신명기 28:58, 느헤미야 9:5, 시편 148:13, 역대기상 29:3-5, 마태복음 5:23, 신명기 26:10
16:30	시편 104:5, 전도서 1:4
16:31	시편 97:1, 요한 계시록 19:6
16:34	역대기하 5:13, 누가복음 18:19, 시편 103:17, 예레미야 31:3, 예레미야 애가 3:22
16:35	시편 68:20, 시편 122:4, 이사야 43:21
16:37	역대기상 15:16-17, 출애굽기 29:38, 역대기하 13:11, 에스라 3:4, 역대기상 16:4-6
16:39	역대기상 12:28, 열왕기상 3:4
16:40	출애굽기 29:39, 역대기하 2:4
16:41	역대기상 25:1, 역대기하 5:13, 에스라 3:11, 역대기상 16:4
16:42	역대기상 6:31, 역대기상 6:33, 역대기상 15:16-17, 역대기상 25:1, 역대기상 25:3
17:1	열왕기상 1:8, 역대기상 29:29, 역대기상 14:1, 사무엘하 7:1-3, 역대기상 15:1, 역대기하 1:4
17:4	사무엘하 7:4-7, 열왕기상 8:17-19, 역대기상 22:7-8
17:5	출애굽기 40:2, 민수기 4:24-25, 사무엘하 6:17, 시편 78:60
17:7	사무엘상 16:11-12, 사무엘상 17:15, 사무엘상 25:30, 사무엘하 7:8-11, 시편 78:70-71
17:8	사무엘상 18:14, 사무엘하 8:6, 사무엘상 25:29, 사무엘상 26:10, 시편 89:20, 시편 89:22, 사무엘상 18:30
17:9	출애굽기 2:23
17:10	사사기 2:16, 시편 18:40
17:11	열왕기상 8:20, 시편 132:11, 사무엘하 7:12-17, 열왕기상 9:5, 역대기상 28:5, 예레미야 23:5
17:12	열왕기상 5:5, 역대기상 22:10, 시편 89:3-4, 이사야 9:7, 다니엘 2:44
17:13	사무엘하 7:14, 누가복음 9:35, 히브리서 1:5, 사무엘상 15:24, 사무엘상 15:28, 역대기상 10:13-14, 이사야 55:3
17:14	다니엘 2:44, 요한복음 1:49, 베드로 후서 1:11, 시편 89:36, 예레미야 33:20-21, 누가복음 1:32-33, 히브리서 1:8, 요한 계시록 3:21
17:16	사무엘하 7:8, 사무엘하 7:18-20
17:17	마태복음 22:42, 사도행전 13:34, 요한 계시록 22:16
17:18	시편 139:1
17:19	사무엘하 7:21-24
17:20	출애굽기 15:11, 이사야 43:10
17:21	신명기 4:7, 시편 147:20, 출애굽기 19:5, 시편 77:15, 신명기 7:1, 여호수아 10:42, 여호수아 21:44, 신명기 4:34, 느헤미야 9:10, 이사야 63:12, 에스겔 20:9
17:22	사무엘상 12:22, 창세기 17:7, 신명기 7:6, 신명기 7:9
17:23	사무엘하 7:25-29
17:24	역대기하 6:33, 시편 72:19, 마태복음 6:9, 요한복음 12:28, 시편 89:35-36
18:1	사무엘상 5:8, 사무엘하 1:20, 사무엘하 8:1
18:2	민수기 24:17, 시편 60:8, 사무엘하 8:2, 열왕기하 3:4
18:3	사무엘상 14:47, 사무엘하 10:6, 시편 60:0, 열왕기상 11:23, 역대기하 8:3, 창세기 15:18, 출애굽기 23:31, 사무엘하 8:3-4
18:4	시편 20:7, 신명기 17:16, 시편 33:17
18:5	사무엘하 8:5-8
18:6	역대기상 17:8
18:8	열왕기상 7:23, 열왕기상 7:15, 열왕기상 7:45
18:9	사무엘하 8:3, 사무엘하 8:9-11
18:11	역대기상 20:1, 사무엘하 5:25, 사무엘상 27:8-9, 사무엘상 30:18, 사무엘상 30:20, 여호수아 6:19, 역대기하 5:1
18:12	역대기상 2:15-16, 사무엘상 26:6, 사무엘하 3:30, 사무엘하 10:10, 사무엘하 20:6, 사무엘하 21:17, 사무엘하 8:13-14
18:13	창세기 25:23, 창세기 27:40, 시편 18:48, 시편 144:10
18:14	열왕기상 2:11, 사무엘하 8:15-18, 사무엘하 23:3-4, 시편 78:70-72
18:15	역대기상 11:6, 열왕기상 4:3
18:17	사무엘상 30:14, 스바냐 2:5, 열왕기상 1:38
19:1	사무엘하 10:1-5
19:2	사무엘하 9:7, 창세기 19:36, 창세기 19:38
19:4	레위기 19:27
19:5	열왕기상 16:34
19:6	사무엘상 14:47, 사무엘하 8:3, 사무엘하 10:6
19:7	여호수아 13:8-9
19:8	사무엘하 8:16, 사무엘하 10:7-8, 사무엘하 23:8
19:10	사무엘하 10:9-12
19:11	역대기상 11:20-21
19:12	사무엘하 8:5
19:13	신명기 31:6, 여호수아 1:9
19:14	레위기 26:7-8, 신명기 28:7, 사무엘하 10:13-14
19:16	사무엘하 8:3, 사무엘하 10:15-16
19:17	사무엘하 10:17-19
19:19	시편 18:39, 역대기상 14:17, 시편 18:44
20:1	역대기상 11:6, 신명기 3:11, 사무엘하 11:1, 사무엘하 12:26
20:2	사무엘하 8:11-12, 사무엘하 12:30-31
20:3	열왕기상 9:20-21
20:4	사무엘하 21:18, 역대기상 11:26, 역대기상 11:29, 신명기 3:13
20:5	사무엘상 17:4, 사무엘상 17:7, 사무엘상 21:9, 사무엘하 21:19, 역대기상 11:23-24
20:6	여호수아 11:22, 사무엘상 7:14, 민수기 13:33, 신명기 2:10, 신명기 3:11, 사무엘하 21:16, 사무엘하 21:20-22
20:7	사무엘상 17:10, 열왕기하 19:22, 역대기상 2:13
20:8	사무엘상 17:4, 신명기 2:11
21:1	사무엘하 24:1-3
21:2	사무엘하 8:16, 사사기 18:29, 사무엘하 17:11
21:4	사무엘하 24:4, 사무엘하 24:8
21:5	사무엘하 24:9
21:6	역대기상 27:23-24, 민수기 1:47
21:8	사무엘하 12:13, 시편 25:11, 시편 51:1, 사무엘하 24:10-14
21:9	역대기상 29:29
21:12	레위기 26:26, 레위기 26:14, 레위기 26:17, 레위기 26:25, 열왕기하 19:35
21:13	출애굽기 34:6, 시편 51:1, 이사야 55:7, 예레미야 애가 3:22, 역대기하 28:9
21:14	민수기 16:46, 사무엘하 24:15-16
21:15	출애굽기 32:14, 신명기 32:36, 시편 90:13, 사무엘하 5:6, 역대기하 3:1
21:16	민수기 22:31, 여호수아 5:13, 열왕기하 19:1, 사무엘하 24:17
21:17	시편 51:4, 출애굽기 32:12, 민수기 16:22
21:18	사무엘하 24:11, 사무엘하 24:18-23, 역대기하 3:1
21:22	민수기 25:8
21:23	이사야 28:27
21:24	사무엘하 24:24-25
21:26	출애굽기 20:25, 레위기 9:23-24, 열왕기상 18:38, 역대기하 7:1
21:27	사무엘하 24:16, 시편 103:20
21:29	열왕기상 3:4, 역대기상 16:39, 역대기하 1:3
22:1	신명기 12:5-6, 사무엘하 24:18, 역대기하 3:1
22:2	열왕기상 9:20-21, 역대기하 2:17-18, 열왕기상 5:15, 열왕기상 5:17, 열왕기상 6:7, 열왕기상 7:9
22:3	열왕기상 7:47
22:4	사무엘하 5:11, 열왕기상 5:6, 열왕기상 5:8, 역대기하 2:3
22:5	열왕기상 3:7, 역대기하 2:5, 학개 2:3, 시편 68:29
22:7	신명기 12:5-6, 사무엘하 7:2, 시편 132:3-5
22:8	역대기상 17:4
22:9	역대기상 28:5, 사무엘하 7:12-13, 열왕기상 4:25, 열왕기상 5:4, 사무엘하 12:24, 시편 72:7
22:10	열왕기상 5:5, 사무엘하 7:14, 히브리서 1:5, 역대기상 17:12-14, 시편 89:35-36
22:11	역대기상 28:20
22:12	역대기하 1:10, 시편 72:1, 신명기 4:6
22:13	레위기 19:37, 역대기상 28:7, 신명기 12:1, 신명기 17:18-19, 여호수아 1:8, 열왕기상 2:3, 역대기상 28:7, 시편 19:8, 시편 19:11, 여호수아 1:6, 여호수아 1:9, 역대기상 28:20
22:14	역대기상 29:6-7, 역대기상 29:2-4
22:15	열왕기상 5:17, 열왕기상 6:7, 열왕기상 7:9, 열왕기상 7:13-14
22:16	역대기상 22:3, 역대기하 1:1
22:19	신명기 4:29, 역대기하 20:3, 다니엘 9:3, 열왕기상 6:1, 열왕기상 8:6, 열왕기상 8:21, 신명기 12:21, 열왕기상 8:29, 열왕기상 9:3
23:1	열왕기상 1:33, 열왕기상 1:39, 역대기상 28:5
23:2	출애굽기 29:8-9, 민수기 3:6
23:3	민수기 4:2-3
23:4	신명기 16:18, 역대기상 26:29, 역대기하 19:8
23:5	역대기상 26:12, 역대기상 6:31-32
23:6	출애굽기 6:16, 역대기하 8:14, 역대기하 31:2
23:8	역대기상 26:21-22
23:12	출애굽기 6:21, 출애굽기 6:18
23:13	출애굽기 4:14, 출애굽기 6:20, 출애굽기 6:26, 출애굽기 28:1, 레위기 9:22, 민수기 6:23-27, 신명기 21:5
23:15	출애굽기 2:21-22, 출애굽기 18:3-4
23:16	역대기상 26:24
23:17	역대기상 26:25
23:18	민수기 3:27, 역대기상 24:20, 역대기상 24:22
23:19	역대기상 24:20, 역대기상 24:23
23:20	출애굽기 6:22
23:21	출애굽기 6:19
23:25	사무엘하 7:1, 열왕기상 8:12-13, 시편 135:21
23:26	민수기 4:15
23:28	민수기 3:9, 열왕기상 6:36
23:29	레위기 24:5-6, 역대기상 9:32, 출애굽기 29:1-2, 레위기 2:4, 레위기 7:12
23:30	출애굽기 29:39, 역대기상 16:4, 역대기상 16:37
23:31	출애굽기 20:10, 민수기 10:10, 시편 81:3, 신명기 16:16
24:1	레위기 10:1, 출애굽기 6:23, 출애굽기 28:1
24:2	민수기 26:61, 민수기 16:39-40
24:3	사무엘하 8:17
24:5	잠언 16:33
24:6	열왕기상 2:35, 사무엘하 19:11, 열왕기상 1:5, 열왕기상 1:7, 사무엘하 8:17
24:10	누가복음 1:5
24:19	열왕기하 11:9, 누가복음 1:8, 누가복음 1:23
24:20	출애굽기 6:18, 역대기상 23:16, 역대기상 26:24
24:21	역대기상 23:17
24:22	역대기상 23:18
24:23	역대기상 26:31
24:26	창세기 46:11
24:28	역대기상 23:22
24:31	잠언 16:33
25:1	역대기상 16:41-42, 역대기하 5:11-12, 역대기하 35:15, 사무엘상 10:5, 역대기상 15:16
25:3	역대기상 16:41-42, 역대기상 15:16, 역대기상 15:18, 에베소서 5:19
25:4	역대기상 15:16, 역대기상 15:19
25:6	역대기상 13:8, 역대기상 15:16, 역대기상 16:5
25:8	잠언 16:33
25:9	역대기상 25:1-2, 역대기상 25:1, 역대기상 25:3
25:10	역대기상 25:1-2
25:12	역대기상 25:1-2
25:20	역대기상 25:1, 역대기상 25:4
25:29	역대기상 25:1, 역대기상 25:4
25:30	역대기상 25:1, 역대기상 25:4
25:31	역대기상 25:1, 역대기상 25:4
26:1	역대기상 9:2, 역대기상 9:22, 역대기하 23:16, 역대기하 23:19, 역대기상 26:14, 역대기상 26:19
26:9	역대기상 26:14, 역대기상 26:19
26:13	잠언 16:33
26:15	역대기상 26:4-5
26:16	역대기상 26:10-11
26:17	역대기상 26:15
26:18	역대기상 26:16
26:20	열왕기상 7:51, 열왕기상 14:25-26, 역대기상 9:26, 역대기상 18:10-11
26:21	역대기상 29:8
26:22	열왕기상 15:18
26:23	민수기 3:27
26:25	출애굽기 18:3-4, 역대기상 23:17
26:26	민수기 31:50, 역대기상 18:10-11, 역대기상 29:3-4, 역대기상 29:6-7
26:27	여호수아 6:19, 민수기 31:28
26:28	사무엘상 9:9, 사무엘상 14:50, 사무엘하 2:18, 사무엘하 20:23
26:29	역대기상 23:12, 신명기 17:9, 역대기하 19:8
26:30	역대기상 23:12
26:31	역대기상 23:19, 역대기상 29:26-27, 여호수아 13:24-25, 여호수아 21:8, 여호수아 21:39
27:1	출애굽기 18:25, 신명기 1:15, 사무엘상 8:11-12, 역대기상 28:1
27:2	역대기상 11:11
27:3	민수기 26:20-21
27:4	역대기상 8:1, 역대기상 8:4, 사무엘하 23:9
27:5	역대기상 12:27, 사무엘하 23:20-23, 열왕기상 4:4
27:7	역대기상 2:15-16, 사무엘하 2:18, 사무엘하 23:8, 사무엘하 23:24
27:9	역대기하 11:5-6, 아모스 1:1, 사무엘하 23:8, 사무엘하 23:26
27:10	역대기상 11:10, 역대기상 11:27
27:11	민수기 26:20, 사무엘하 21:18
27:12	역대기상 6:60, 역대기상 6:64, 사무엘하 23:8, 사무엘하 23:27
27:13	민수기 26:20, 사무엘하 23:8, 사무엘하 23:28
27:14	사무엘하 23:8, 사무엘하 23:30
27:18	사무엘상 16:1, 사무엘상 16:6, 사무엘상 17:28
27:21	사무엘상 14:50, 사무엘하 3:27
27:23	창세기 15:5
27:24	사무엘하 24:2, 사무엘하 24:15, 역대기상 21:6-7
27:25	열왕기하 18:15
27:28	역대기하 26:9-10, 역대기하 9:27
27:29	이사야 35:2
27:32	사무엘하 13:3, 사무엘하 21:21, 역대기상 3:1-9
27:33	사무엘하 15:12, 사무엘하 16:23, 사무엘하 17:23, 사무엘하 15:37, 사무엘하 16:16-17
27:34	사무엘하 23:20-23, 열왕기상 2:35, 열왕기상 1:7, 역대기상 11:6
28:1	역대기상 27:1, 출애굽기 18:25, 역대기상 3:1-9, 역대기상 27:25, 역대기상 27:29, 역대기상 11:10
28:2	시편 132:3-5, 역대기상 22:2-4
28:3	역대기상 17:4, 역대기상 22:7-8
28:4	사무엘상 16:1, 사무엘상 16:13, 사무엘하 7:8, 시편 89:20, 창세기 49:10, 역대기상 5:2, 시편 60:7, 룻기 4:22, 사무엘상 13:14, 사무엘상 16:11-12
28:5	역대기상 3:1-9, 역대기상 22:9, 역대기상 17:14, 역대기하 1:8
28:6	사무엘하 7:13-14
28:7	신명기 12:1, 열왕기상 6:12, 역대기상 17:13-14, 시편 72:8
28:8	신명기 6:3
28:9	신명기 10:12, 사무엘상 16:7, 역대기상 29:17, 잠언 17:3, 요한 계시록 2:23, 신명기 31:21, 시편 139:2, 마태복음 7:7, 히브리서 11:6, 야고보서 4:8, 신명기 31:17, 역대기하 15:2, 히브리서 10:38
28:11	역대기하 3:4, 레위기 16:2, 열왕기상 6:19, 히브리서 8:5
28:12	열왕기상 6:36, 열왕기상 7:12, 역대기상 9:26, 역대기상 26:20
28:13	역대기상 24:1
28:15	역대기하 4:7
28:16	역대기하 4:8, 역대기하 4:19
28:17	열왕기상 7:48, 열왕기상 7:50
28:18	열왕기상 7:48, 시편 18:10, 출애굽기 25:20, 사무엘상 4:4, 열왕기상 6:23
28:19	역대기상 28:11, 출애굽기 25:9, 출애굽기 25:40
28:20	신명기 31:6, 여호수아 1:6, 여호수아 1:9, 로마서 8:31, 여호수아 1:5
28:21	역대기상 24:1, 역대기상 24:20, 출애굽기 36:1-2, 역대기상 22:17, 역대기상 28:1
29:1	역대기상 28:5, 열왕기상 3:7, 역대기하 2:4
29:2	역대기상 22:3, 역대기상 22:16, 역대기상 22:4, 역대기상 22:14
29:3	시편 26:8, 시편 27:4, 시편 122:1, 역대기상 21:24
29:4	욥기 28:16
29:5	출애굽기 35:5
29:6	출애굽기 18:25, 역대기상 27:25, 역대기상 27:29, 역대기상 27:31
29:8	역대기상 6:1, 역대기상 26:22
29:9	고린도 후서 9:7
29:11	시편 145:3, 디모데 전서 1:17, 요한 계시록 5:13, 역대기상 16:27, 시편 8:1, 시편 24:1, 이사야 42:5, 시편 103:19, 마태복음 6:10
29:12	신명기 8:18, 잠언 10:22, 빌립보서 4:19, 역대기하 20:6, 이사야 40:26, 신명기 3:24, 에베소서 1:19, 요한 계시록 15:3, 역대기하 1:11-12, 역대기하 16:9, 시편 18:32, 이사야 40:29
29:15	레위기 25:23, 히브리서 11:13, 욥기 14:1-2, 야고보서 4:13-14
29:17	역대기상 28:9, 잠언 11:20, 잠언 15:8, 히브리서 1:9
29:18	시편 10:17, 시편 86:11
29:19	마가복음 12:30, 열왕기상 6:12, 역대기상 22:14
29:21	레위기 1:3, 레위기 23:12-13, 민수기 15:5, 열왕기상 8:63-64
29:22	신명기 12:7, 역대기하 7:10, 느헤미야 8:12, 열왕기상 1:38-40, 역대기상 23:1, 열왕기상 2:35
29:23	역대기상 28:5
29:24	역대기상 22:17, 역대기상 28:1, 역대기상 3:1-9
29:25	열왕기상 3:12, 역대기하 1:1, 역대기하 1:12, 전도서 2:9
29:27	사무엘하 2:11, 사무엘하 5:4-5
29:28	열왕기상 1:1, 열왕기상 2:10-12
29:29	사무엘하 7:2, 사무엘하 12:1, 역대기상 21:9-10
