1:1	열왕기상 2:12, 사무엘하 12:24, 열왕기상 4:29, 열왕기상 4:32, 전도서 12:9
1:2	잠언 8:11
1:3	히브리서 12:11, 열왕기상 3:28, 잠언 3:11-12
1:4	잠언 15:5, 잠언 2:11, 잠언 3:21, 잠언 8:12
1:5	잠언 9:9, 사무엘상 25:32-33, 잠언 24:6
1:6	전도서 12:11
1:7	욥기 28:28, 잠언 9:10, 잠언 5:12-13, 잠언 18:2
1:8	신명기 6:6-7, 에베소서 6:4, 히브리서 12:9, 레위기 19:3, 잠언 31:26, 디모데 후서 1:5
1:9	잠언 4:7, 잠언 4:9, 잠언 3:21-22
1:10	창세기 39:7-8, 신명기 13:6-8
1:15	잠언 4:14, 잠언 13:20, 고린도 전서 15:33
1:16	잠언 6:16-18, 로마서 3:15
1:19	잠언 15:27
1:20	로마서 16:27, 고린도 전서 1:20, 야고보서 3:17, 마태복음 10:27, 잠언 8:1-3, 잠언 9:1, 잠언 9:3
1:21	요한복음 18:20, 사도행전 20:20
1:22	잠언 5:12-13, 요한복음 3:20
1:23	시편 141:5, 요한 계시록 3:19, 이사야 54:13
1:24	이사야 65:12
1:26	사사기 10:13-14
1:28	예레미야 애가 3:44
1:29	호세아 4:6, 사사기 5:8
1:31	예레미야 6:19, 갈라디아서 6:7
1:33	이사야 48:18, 열왕기하 6:15-16, 이사야 26:3, 베드로 후서 2:9
2:1	신명기 6:6, 신명기 6:8
2:2	잠언 1:5, 히브리서 5:14
2:3	열왕기상 3:11-12, 잠언 9:10, 디모데 후서 2:7, 빌립보서 1:9
2:4	시편 19:9-10, 욥기 28:15-18
2:5	욥기 28:28, 잠언 8:13, 예레미야 32:40, 예레미야 9:24, 요한 1서 5:20
2:6	출애굽기 31:2-3, 열왕기상 4:29, 디모데 후서 3:16-17, 야고보서 3:17
2:7	시편 41:12, 잠언 28:18
2:8	시편 97:10
2:9	전도서 12:13, 미가 6:8, 마태복음 22:37-40
2:10	시편 119:111, 사도행전 17:11
2:11	전도서 7:12
2:12	잠언 8:13
2:13	요한복음 3:19
2:16	창세기 39:10-12, 잠언 6:23-24, 잠언 7:4-5
2:17	창세기 2:24, 잠언 5:18
2:18	잠언 5:3, 잠언 5:5, 잠언 5:20, 잠언 5:23, 잠언 9:16-18, 에베소서 5:5
2:19	전도서 7:26, 요한 계시록 22:15
2:20	잠언 13:20
2:21	시편 37:11, 시편 37:29
2:22	시편 104:35, 잠언 10:7, 마태복음 25:46, 신명기 28:45, 신명기 28:63
3:2	신명기 5:16
3:3	호세아 12:6, 신명기 6:6, 신명기 6:8
3:4	고린도 후서 8:21
3:5	이사야 26:4, 예레미야 17:7, 잠언 28:26, 예레미야 10:23, 고린도 전서 3:18
3:6	사무엘상 23:2, 사무엘상 23:4, 느헤미야 1:11, 빌립보서 4:6, 여호수아 1:7, 시편 25:9, 야고보서 1:5
3:7	잠언 26:12, 로마서 12:16
3:9	민수기 31:50, 신명기 16:16, 누가복음 16:9, 디모데 전서 6:18, 출애굽기 23:19
3:10	역대기하 31:10, 말라기 3:10
3:11	잠언 15:32, 히브리서 12:5-6, 시편 94:12
3:12	신명기 8:5, 히브리서 12:7, 히브리서 12:9, 요한 계시록 3:19
3:13	전도서 7:12
3:14	욥기 28:15, 욥기 28:18
3:17	빌립보서 4:9
3:18	시편 1:1-2
3:19	시편 104:24, 잠언 8:27, 예레미야 10:12
3:20	욥기 36:27, 욥기 38:37, 예레미야 10:13
3:23	이사야 26:7
3:24	시편 3:5, 잠언 6:22, 전도서 5:12
3:25	시편 73:12, 시편 73:19, 시편 27:1
3:26	잠언 10:29, 잠언 28:1, 시편 91:14
3:27	신명기 15:7-8, 잠언 28:27, 야고보서 2:15-16
3:29	잠언 6:16, 잠언 6:18
3:30	로마서 12:18, 잠언 18:6, 잠언 20:3
3:31	시편 37:1, 잠언 23:17
3:32	잠언 6:16-17, 시편 15:1-2, 시편 24:3-4, 시편 25:14
3:33	신명기 28:15, 여호수아 7:24-25, 에스더 9:24-25, 욥기 42:12-13, 시편 37:25
3:34	잠언 19:29, 시편 37:11, 시편 138:6, 이사야 57:15, 야고보서 4:6
3:35	에스더 6:11-12, 잠언 12:8
4:1	신명기 6:6-7, 잠언 19:20, 에베소서 6:1
4:2	역대기상 28:9
4:3	열왕기상 2:12, 열왕기상 1:16-21
4:4	신명기 4:9, 레위기 18:5
4:5	느헤미야 8:3, 느헤미야 8:8, 잠언 9:10
4:7	전도서 7:12, 잠언 15:14, 마태복음 13:23, 히브리서 5:14
4:8	다니엘 1:17, 다니엘 1:20, 열왕기상 4:29
4:10	신명기 5:16
4:11	열왕기상 4:29, 이사야 26:7
4:13	잠언 8:10, 히브리서 2:1, 히브리서 12:5-6, 신명기 32:45-47, 히브리서 12:11
4:14	시편 1:1, 고린도 전서 15:33
4:15	아모스 5:15, 에베소서 5:11, 잠언 5:3, 잠언 5:8, 데살로니가 전서 5:22
4:18	사무엘하 23:3-4, 시편 119:105, 고린도 전서 13:12, 고린도 후서 4:6, 베드로 후서 1:19
4:21	시편 40:8, 잠언 2:1
4:22	디모데 전서 4:8
4:23	예레미야 17:9, 마가복음 7:21-23, 에베소서 6:14
4:24	베드로 전서 2:1
4:25	마태복음 6:22
4:26	에베소서 5:15
4:27	신명기 12:32, 여호수아 1:7
5:1	열왕기상 4:29, 야고보서 1:19
5:2	잠언 15:7
5:3	잠언 7:14-21, 잠언 9:16-17
5:4	전도서 7:26, 잠언 6:32-33
5:8	잠언 9:14-15
5:9	잠언 29:3, 잠언 6:33-35, 잠언 7:23
5:10	잠언 31:3, 누가복음 15:30
5:11	잠언 7:22-23
5:14	잠언 6:27-29
5:15	고린도 전서 7:3, 히브리서 13:4
5:16	잠언 5:20
5:17	창세기 2:24
5:18	신명기 24:5, 전도서 9:9
5:19	솔로몬의 노래 2:9, 창세기 26:8, 창세기 29:20, 솔로몬의 노래 8:6
5:20	잠언 22:14
5:21	역대기하 16:9, 시편 11:4, 시편 17:3, 예레미야 17:10, 히브리서 4:13
5:22	시편 7:14-16, 갈라디아서 6:7
6:1	잠언 17:18, 잠언 11:15, 잠언 20:16
6:2	잠언 18:7
6:3	마태복음 5:25
6:6	잠언 10:26, 잠언 26:13-15
6:8	잠언 30:24-25
6:10	잠언 20:13, 잠언 24:33-34, 전도서 4:5
6:11	잠언 13:4, 잠언 20:4, 잠언 24:30-34
6:12	잠언 16:27, 야고보서 3:6
6:13	잠언 10:10, 잠언 16:30
6:14	시편 36:1, 시편 36:4, 이사야 32:7, 미가 2:1, 잠언 16:28, 로마서 16:17
6:15	시편 73:12, 시편 73:18
6:17	시편 101:5, 잠언 8:13, 잠언 16:5, 잠언 12:22, 요한 계시록 21:8, 창세기 4:8, 창세기 4:10, 민수기 35:31, 신명기 27:25
6:18	잠언 11:20, 스가랴 8:17, 말라기 2:16
6:19	출애굽기 23:1, 레위기 19:16, 갈라디아서 5:20-21, 야고보서 3:14-15
6:20	신명기 21:18, 신명기 21:21, 에베소서 6:1
6:23	시편 119:105, 이사야 51:4, 잠언 4:13, 히브리서 12:11
6:24	전도서 7:26, 잠언 5:3, 잠언 7:4-5
6:25	마태복음 5:28, 야고보서 1:14-15
6:26	잠언 29:3, 누가복음 15:16, 누가복음 15:30
6:27	갈라디아서 6:7
6:29	사무엘하 11:4, 사무엘하 12:10-11, 잠언 6:32-35, 히브리서 13:4
6:31	출애굽기 22:1, 출애굽기 22:4
6:32	잠언 2:18-19, 잠언 5:20, 잠언 5:23, 말라기 3:5, 고린도 전서 6:9-10, 히브리서 13:4
6:33	잠언 5:8-9, 열왕기상 15:5, 역대기상 5:1, 마태복음 1:6
6:34	창세기 39:19-20
7:1	잠언 10:14
7:2	레위기 18:5, 신명기 5:16, 이사야 55:3, 요한복음 12:50
7:3	잠언 2:10-11
7:5	잠언 23:27-28, 잠언 2:11, 잠언 2:16, 잠언 5:3, 잠언 6:23-24
7:7	잠언 6:32, 잠언 9:16-17
7:9	욥기 24:15
7:10	예레미야 4:30
7:11	잠언 9:13-18
7:12	잠언 23:27-28
7:14	레위기 19:5
7:16	에스겔 27:7
7:17	솔로몬의 노래 3:6, 솔로몬의 노래 4:14
7:21	잠언 5:3
7:22	고린도 전서 6:18
7:23	잠언 5:8-11
7:25	잠언 5:8
7:26	전도서 7:26, 고린도 전서 10:8
8:1	잠언 1:20-21
8:2	마태복음 10:27
8:3	사도행전 20:20
8:5	시편 19:7
8:10	시편 19:9-10, 시편 119:72, 시편 119:127, 잠언 3:13-15
8:12	잠언 2:11, 잠언 5:1-2
8:13	시편 97:10, 시편 101:3, 잠언 16:6, 로마서 12:9, 시편 101:5, 베드로 전서 5:5, 잠언 4:24
8:14	잠언 2:7, 잠언 4:7, 잠언 24:5
8:15	시편 72:1
8:17	잠언 2:4-5
8:19	잠언 3:13-14
8:22	요한복음 1:1-3, 요한복음 1:14, 골로새서 1:15-17
8:23	미가 5:2, 요한복음 8:58, 요한복음 17:5
8:24	창세기 1:2
8:27	시편 33:6, 예레미야 10:12, 창세기 1:6-7, 욥기 26:10
8:29	욥기 38:8-11, 시편 33:7, 시편 104:6-9, 예레미야 5:22
8:30	창세기 1:26, 요한복음 1:1, 요한복음 1:3, 요한복음 17:5, 골로새서 1:15-16, 이사야 42:1, 마태복음 3:17, 욥기 38:7
8:33	잠언 3:11, 잠언 4:13, 히브리서 12:7, 히브리서 12:9
8:35	잠언 13:14
8:36	잠언 5:23
9:3	잠언 1:20-22
9:6	시편 119:130, 잠언 4:5, 잠언 13:20
9:7	잠언 15:12
9:8	열왕기상 21:20-21, 열왕기상 22:8, 역대기하 25:15-16, 마태복음 7:6, 시편 141:5, 잠언 27:6, 잠언 28:23
9:9	잠언 1:5, 잠언 15:31, 잠언 17:10, 잠언 25:12
9:10	시편 111:10, 역대기상 28:9, 마태복음 11:27, 요한복음 17:3
9:11	신명기 6:1-2, 잠언 8:35, 잠언 10:27
9:13	잠언 7:10-11
9:14	잠언 23:27-28
9:16	잠언 6:32
9:17	잠언 7:18-19
9:18	잠언 2:18-19, 잠언 7:23, 잠언 7:26, 잠언 23:27-28
10:1	잠언 1:1, 잠언 13:1, 잠언 27:11
10:2	잠언 11:4
10:3	시편 33:18-19, 시편 37:25, 마태복음 6:33
10:4	잠언 20:4, 전도서 10:18, 잠언 12:24, 잠언 13:4, 잠언 21:5
10:5	잠언 6:6, 잠언 6:9
10:6	출애굽기 23:25, 잠언 28:20
10:7	시편 112:6, 전도서 7:1, 시편 9:5
10:8	신명기 4:6, 시편 19:7, 시편 119:34, 시편 119:100, 잠언 18:6
10:9	시편 25:21, 디모데 전서 5:24
10:10	잠언 6:12-13, 잠언 18:21
10:11	잠언 11:30, 마태복음 12:35, 야고보서 3:5
10:12	잠언 17:9, 고린도 전서 13:4, 고린도 전서 13:7, 베드로 전서 4:8
10:13	이사야 50:4, 잠언 26:3
10:14	잠언 9:9, 잠언 13:3, 잠언 18:7
10:15	잠언 19:7, 잠언 30:8-9, 전도서 7:12
10:16	마태복음 7:17
10:18	사무엘상 18:17, 사무엘상 18:21
10:19	전도서 5:2, 시편 39:1, 잠언 17:27, 잠언 21:23, 야고보서 1:19
10:20	잠언 12:18, 잠언 16:13
10:21	예레미야 3:15, 호세아 4:6
10:22	신명기 8:17-18, 시편 37:22, 디모데 전서 6:6
10:23	잠언 2:10-11, 잠언 14:9, 잠언 15:21
10:24	시편 37:4, 요한 1서 5:14
10:25	시편 37:10, 마태복음 7:24-25
10:27	시편 91:15-16, 시편 55:23
10:28	시편 16:9, 로마서 12:12, 잠언 11:7
10:29	잠언 18:10, 이사야 40:31, 로마서 2:6-8
10:30	시편 16:8, 시편 37:9
11:1	레위기 19:36
11:2	잠언 16:18, 누가복음 14:8-9, 미가 6:8, 베드로 전서 5:5
11:3	시편 26:1, 잠언 13:6, 잠언 28:18
11:4	에스겔 7:19, 마태복음 16:26, 창세기 7:1
11:5	사무엘하 17:23, 에스더 7:10, 잠언 5:22
11:6	예레미야 39:18, 잠언 1:32
11:7	출애굽기 15:9-10, 누가복음 12:18-20
11:8	에스더 7:9, 잠언 21:18, 다니엘 6:23-24
11:9	잠언 2:10-12
11:10	출애굽기 15:20-21, 에스더 9:19, 에스더 9:22
11:11	잠언 14:34, 야고보서 3:6
11:12	잠언 17:27, 베드로 전서 2:23
11:13	레위기 19:16, 잠언 20:19, 잠언 26:22
11:14	잠언 15:22, 잠언 20:18, 잠언 24:6
11:15	잠언 6:1, 잠언 6:5, 잠언 20:16
11:16	사무엘상 25:39, 베드로 전서 3:3-4
11:17	누가복음 6:38, 야고보서 5:3-4
11:18	욥기 27:13-14, 갈라디아서 6:7-8
11:19	사도행전 10:34-35, 요한 계시록 2:10
11:20	시편 18:26, 잠언 3:32, 시편 51:6, 잠언 15:8
11:21	전도서 8:13, 에스겔 18:4
11:23	이사야 26:9, 마태복음 5:6
11:24	신명기 15:10, 잠언 19:17, 전도서 11:1-2, 학개 1:6
11:25	사도행전 20:35, 고린도 후서 9:6, 누가복음 6:38
11:27	잠언 12:2, 에스더 7:10, 시편 10:2
11:28	욥기 31:24, 욥기 31:28, 시편 52:5, 시편 52:7, 시편 1:2-3, 시편 52:8
11:29	여호수아 7:15
11:30	잠언 15:4, 고린도 전서 9:20-22, 야고보서 5:19-20
11:31	에스겔 18:24, 데살로니가 후서 1:6, 베드로 전서 4:18
12:1	잠언 4:13, 시편 32:9
12:2	신명기 25:1, 열왕기상 8:31-32
12:3	시편 37:10, 시편 37:38
12:4	잠언 18:22, 잠언 19:14, 열왕기상 21:25
12:6	사무엘하 17:1-2, 에스더 7:3-4, 잠언 14:3
12:7	잠언 24:3, 마태복음 7:24-25
12:8	창세기 41:39, 사무엘상 16:18, 사무엘상 25:14, 사무엘상 25:17, 마태복음 27:3-4
12:9	잠언 13:7
12:10	창세기 33:12-14, 출애굽기 23:12, 신명기 22:4, 신명기 22:10, 신명기 25:4, 요나 4:11
12:11	잠언 28:19, 에베소서 4:28
12:13	열왕기상 2:23-24, 시편 5:6, 전도서 5:6
12:14	잠언 13:2, 잠언 18:20
12:15	잠언 3:7, 잠언 26:12, 잠언 1:5
12:16	잠언 29:11
12:18	잠언 16:24
12:19	베드로 전서 3:10, 잠언 19:9, 사도행전 5:3, 사도행전 5:5
12:20	마태복음 5:9
12:21	시편 91:9-10, 잠언 1:30-31, 이사야 48:22
12:22	시편 5:6, 잠언 6:16-17, 요한 계시록 21:8
12:23	잠언 10:19
12:24	창세기 39:4, 열왕기상 11:28, 잠언 19:15
12:25	시편 38:6, 잠언 13:12, 잠언 15:13, 잠언 16:24, 이사야 50:4
12:27	잠언 26:13-15
12:28	시편 37:27, 잠언 10:7, 하박국 2:4
13:1	히브리서 12:7, 히브리서 12:9, 사무엘상 2:22-25, 잠언 9:7
13:2	잠언 12:14, 잠언 18:20
13:3	시편 39:1, 시편 141:3, 잠언 21:23, 잠언 10:19, 마태복음 12:36
13:4	잠언 26:13-15, 잠언 10:4, 잠언 12:24
13:5	시편 119:163, 잠언 8:13, 에베소서 4:25
13:6	시편 25:21
13:7	잠언 12:9
13:8	예레미야 41:8, 예레미야 39:10
13:9	시편 97:11, 잠언 24:20
13:10	사사기 8:1, 잠언 11:2, 잠언 24:6, 사도행전 15:5-6
13:11	잠언 28:8, 예레미야 17:11
13:12	시편 143:7, 창세기 21:5-7, 누가복음 2:29-30
13:13	역대기하 36:15-16, 시편 19:8, 시편 19:11, 잠언 13:18
13:14	잠언 24:14
13:16	잠언 14:15, 사무엘상 25:25
13:17	사무엘하 4:9-10, 잠언 25:25
13:18	시편 141:5, 잠언 15:32, 히브리서 12:11
13:19	열왕기상 1:47-48, 아모스 5:10
13:20	사도행전 4:13, 창세기 34:1-2
13:21	신명기 28:20, 로마서 2:9-10
13:22	신명기 6:10-11
13:24	사무엘상 3:12-13, 열왕기상 1:5-6, 잠언 29:15, 신명기 6:6-7, 잠언 19:18, 잠언 22:15, 에베소서 6:4, 히브리서 12:6
13:25	시편 34:10, 시편 37:25, 이사야 65:13
14:1	잠언 24:3, 잠언 31:26
14:5	잠언 6:16, 잠언 6:19, 잠언 19:5
14:6	잠언 18:15
14:7	잠언 13:20
14:8	잠언 14:12
14:9	잠언 10:23, 잠언 30:20
14:11	잠언 21:12
14:12	잠언 30:12, 잠언 16:25
14:14	잠언 1:32, 갈라디아서 6:7-8
14:15	느헤미야 6:2-3, 잠언 27:12
14:17	잠언 12:16, 잠언 16:32
14:18	잠언 4:7-9
14:20	잠언 19:7, 잠언 19:4
14:21	시편 41:1, 잠언 19:17, 이사야 58:7-8
14:22	욥기 42:10, 시편 25:10
14:23	잠언 28:19
14:24	잠언 27:22
14:26	시편 34:9, 로마서 8:31, 잠언 18:10, 예레미야 15:11
14:28	열왕기상 4:21
14:29	잠언 17:27, 야고보서 1:19, 잠언 25:28, 잠언 29:11, 전도서 7:9
14:30	창세기 37:3-4, 사무엘상 18:8-9
14:31	신명기 24:14-15, 시편 12:5, 마태복음 19:21
14:32	잠언 2:7, 잠언 10:9
14:33	잠언 15:28
14:34	신명기 4:6
14:35	사무엘하 15:32-34, 잠언 22:29, 열왕기상 2:44, 열왕기상 2:46
15:1	사사기 8:2-3, 사무엘상 25:32-33, 잠언 25:15, 열왕기상 12:14, 열왕기상 12:16
15:2	잠언 16:23, 이사야 50:4
15:3	역대기하 16:9, 시편 11:4, 히브리서 4:13
15:4	잠언 12:18, 잠언 16:24, 잠언 17:27
15:5	사무엘상 2:22-25, 시편 141:5, 잠언 13:1, 히브리서 12:11
15:6	야고보서 5:3-4
15:7	시편 37:30, 마태복음 10:27, 마태복음 12:34-35
15:8	이사야 1:11, 야고보서 5:16, 베드로 전서 3:12, 요한 1서 3:21-22
15:9	시편 146:9, 이사야 26:7
15:10	열왕기상 18:17-18, 레위기 26:21, 잠언 1:32
15:11	시편 139:8, 예레미야 17:10, 히브리서 4:13
15:12	잠언 9:7, 요한복음 3:20, 요한복음 7:7, 역대기하 18:6-7
15:13	잠언 12:25, 잠언 17:22
15:14	시편 119:97, 사도행전 17:11, 이사야 30:9-10
15:15	욥기 3:11, 사도행전 16:23-25
15:16	시편 37:16, 잠언 15:17
15:17	시편 133:1, 잠언 17:1
15:18	잠언 10:12, 창세기 13:8-9, 사무엘상 25:23-24, 잠언 25:15, 야고보서 1:19
15:19	잠언 26:13-15, 이사야 30:21
15:20	잠언 27:11, 잠언 23:22, 잠언 30:17
15:21	잠언 26:18-19, 전도서 7:4, 잠언 10:23, 에베소서 5:15-16, 야고보서 3:13
15:22	잠언 20:18
15:23	에베소서 4:29, 사무엘상 25:32-33, 잠언 25:11
15:24	마태복음 7:13-14, 잠언 8:35-36
15:25	누가복음 18:14, 시편 146:9
15:26	잠언 6:16, 잠언 6:18, 시편 19:14
15:27	신명기 16:19, 사무엘상 8:1, 사무엘상 8:3, 잠언 1:19, 이사야 33:15-16
15:28	잠언 16:23
15:29	시편 34:15-16, 시편 138:6, 시편 145:19, 요한복음 9:31
15:30	잠언 16:24, 잠언 25:25
15:31	잠언 9:8, 잠언 19:20
15:32	잠언 5:12, 잠언 5:14, 히브리서 12:25, 잠언 13:18, 마태복음 7:24-25
15:33	시편 111:10, 잠언 18:12, 야고보서 4:10
16:1	예레미야 1:9, 누가복음 12:11-12
16:2	사무엘상 15:13-14, 시편 36:1-2, 잠언 21:2, 예레미야 17:9, 사무엘상 16:6-7, 잠언 24:12
16:3	시편 37:5, 빌립보서 4:6-7
16:4	출애굽기 14:4, 로마서 9:21
16:5	잠언 6:16-17, 잠언 8:13, 잠언 21:4
16:6	사도행전 3:19, 느헤미야 5:8-9, 고린도 후서 7:1
16:7	창세기 31:24, 출애굽기 34:24
16:8	디모데 전서 6:6, 시편 37:16, 예레미야 17:11
16:9	잠언 16:1, 예레미야 10:23
16:10	신명기 17:18-19, 열왕기상 3:28, 시편 72:1, 시편 72:14
16:11	레위기 19:36, 잠언 11:1
16:12	잠언 20:26, 잠언 29:14, 요한 계시록 19:11
16:13	시편 101:6
16:14	사무엘상 22:17-18, 열왕기상 2:29, 전도서 10:4
16:15	시편 72:1, 시편 72:6
16:16	전도서 7:12, 잠언 4:7
16:17	잠언 10:9
16:18	잠언 11:2, 다니엘 4:30-32
16:19	이사야 57:15
16:21	잠언 4:7, 누가복음 4:22, 골로새서 4:6
16:23	잠언 22:17-18, 마태복음 12:35
16:24	잠언 4:20-22, 잠언 12:18
16:25	잠언 14:12, 마태복음 7:22-23
16:26	전도서 6:7
16:27	잠언 6:12, 잠언 6:14, 야고보서 3:6
16:28	야고보서 3:16, 창세기 3:1, 사무엘상 24:9, 로마서 16:17
16:31	시편 92:12-14, 레위기 19:32, 욥기 32:7, 잠언 20:29
16:32	잠언 14:29, 야고보서 1:19, 잠언 25:28
16:33	민수기 26:55, 잠언 18:18, 사무엘상 14:41-42, 사도행전 1:24, 사도행전 1:26
17:1	시편 37:16, 잠언 15:16-17, 잠언 21:9, 잠언 21:19
17:3	잠언 27:21, 시편 26:2, 잠언 21:2, 잠언 24:12
17:4	예레미야 5:31
17:5	잠언 14:31, 잠언 24:17, 오바댜 1:12
17:7	잠언 26:7, 잠언 16:10
17:8	창세기 32:20, 사무엘하 16:1, 사무엘상 25:18, 사무엘상 25:35, 잠언 18:16, 잠언 19:6
17:9	잠언 10:12, 베드로 전서 4:8, 잠언 16:28
17:10	시편 141:5, 잠언 9:8, 잠언 27:22
17:11	사무엘하 18:15, 사무엘하 20:1, 사무엘하 20:22, 열왕기상 2:22, 열왕기상 2:24
17:12	잠언 27:3
17:13	사무엘하 12:8-10
17:14	창세기 13:8-9, 잠언 25:8, 마태복음 5:39, 로마서 12:18
17:15	출애굽기 23:7, 열왕기상 21:13, 이사야 5:22-23
17:16	잠언 1:22, 로마서 1:20-21
17:17	잠언 18:24, 요한복음 15:13, 룻기 1:16-17, 사무엘상 19:2
17:18	잠언 11:15, 잠언 22:26-27
17:19	야고보서 3:16, 사무엘하 15:2-4
17:20	시편 18:26, 잠언 6:14-15
17:21	사무엘상 2:22-25, 사무엘상 8:1-3, 사무엘하 15:14
17:22	잠언 12:25, 잠언 15:13, 잠언 18:14
17:23	출애굽기 23:8
17:24	전도서 2:14
17:25	잠언 15:20
17:27	잠언 10:19, 야고보서 1:19, 잠언 15:4, 전도서 9:17, 야고보서 3:13
18:2	잠언 10:19
18:3	잠언 11:2
18:4	잠언 10:11
18:5	신명기 1:16-17, 잠언 28:21, 열왕기상 21:9-10
18:6	잠언 13:10, 잠언 19:19
18:7	잠언 13:3
18:8	레위기 19:16, 잠언 26:22
18:9	잠언 10:4
18:10	사무엘상 17:45-46, 시편 20:1, 시편 18:2, 시편 91:14
18:11	시편 49:6-7, 잠언 11:4, 예레미야 9:23, 누가복음 12:19-21
18:12	잠언 11:2, 다니엘 5:23, 다니엘 5:30, 사도행전 12:21-23, 잠언 22:4, 베드로 전서 5:5
18:13	잠언 25:8
18:14	욥기 1:21, 고린도 후서 4:16, 고린도 후서 12:10, 잠언 17:22
18:15	열왕기상 3:7-9, 잠언 9:9
18:16	창세기 43:11, 잠언 17:8
18:17	사무엘하 16:3-4, 사무엘하 19:25-27, 잠언 25:8
18:18	여호수아 14:1-2, 느헤미야 11:1, 잠언 16:33
18:19	창세기 27:41, 사무엘하 13:22, 사무엘하 14:28, 사도행전 15:37-39
18:20	잠언 12:14, 잠언 13:2
18:21	마태복음 15:18, 에베소서 4:29, 야고보서 3:6, 야고보서 3:9, 전도서 10:12
18:22	잠언 31:10, 잠언 19:14, 전도서 9:9
18:24	사무엘하 15:31, 마태복음 26:49, 사무엘상 19:2, 사무엘상 19:4, 잠언 17:17
19:1	잠언 15:16, 야고보서 2:5, 잠언 28:6
19:2	로마서 10:2
19:4	잠언 14:20
19:5	신명기 19:18-19, 잠언 19:9
19:7	잠언 14:20, 전도서 9:14-15, 야고보서 2:2-3
19:8	잠언 15:32, 잠언 2:2, 잠언 2:5
19:9	잠언 19:5, 요한 계시록 21:8
19:10	사무엘하 3:24, 사무엘하 3:38-39, 잠언 30:21-22, 전도서 10:7
19:11	잠언 14:29, 잠언 16:32, 야고보서 1:19, 창세기 50:19-21, 마태복음 18:21-22, 에베소서 4:32
19:12	잠언 16:14, 잠언 20:2, 다니엘 2:12
19:13	사무엘하 16:21-22, 잠언 21:9, 잠언 21:19, 잠언 27:15
19:14	창세기 24:14, 잠언 18:22, 잠언 31:10
19:15	잠언 23:21, 잠언 24:33-34, 데살로니가 후서 3:10
19:16	잠언 16:17, 잠언 15:32
19:17	신명기 15:7-8, 시편 37:25-26, 히브리서 13:16, 잠언 11:24, 마태복음 5:7, 히브리서 6:10
19:18	잠언 13:24, 잠언 22:6, 잠언 22:15, 사무엘상 3:12-13
19:19	사무엘상 24:16-18, 사무엘상 26:21
19:20	잠언 4:13, 신명기 8:14, 신명기 8:16, 히브리서 12:7, 히브리서 12:11
19:21	창세기 11:6-7, 창세기 50:19-20, 잠언 21:30, 다니엘 4:35, 사도행전 5:38-39
19:22	미가 6:8
19:23	잠언 14:27, 말라기 3:16, 잠언 12:21
19:24	잠언 6:9-11, 잠언 15:19, 잠언 24:30-31, 잠언 26:14-15
19:25	신명기 25:2, 잠언 15:5, 잠언 9:9, 잠언 21:11
19:26	출애굽기 20:12, 레위기 20:9, 잠언 20:20, 잠언 30:17
19:28	열왕기상 21:9-10, 잠언 4:16-17
19:29	잠언 9:12, 잠언 10:13, 잠언 26:3
20:1	창세기 9:20-21, 잠언 23:29-35, 이사야 28:7, 고린도 전서 6:10, 갈라디아서 5:21, 에베소서 5:18
20:2	잠언 19:12, 전도서 10:4, 열왕기상 2:22-24
20:3	잠언 14:29, 디모데 후서 2:23, 잠언 18:6, 전도서 7:9
20:4	잠언 6:10-11, 데살로니가 후서 3:10
20:7	욥기 1:1, 누가복음 1:5-6, 시편 37:25-26
20:8	열왕기상 7:7, 열왕기상 3:28, 시편 72:1, 시편 72:4, 잠언 16:12
20:9	욥기 14:4, 시편 51:5, 전도서 7:20, 야고보서 3:2
20:10	잠언 11:1, 아모스 8:5, 미가 6:11
20:11	잠언 22:15
20:12	출애굽기 4:11
20:13	잠언 10:4, 잠언 12:11
20:14	레위기 19:13, 잠언 21:6
20:15	잠언 3:13-15
20:16	잠언 11:15, 잠언 27:13
20:17	잠언 6:30-31
20:18	잠언 15:22, 잠언 11:14, 잠언 24:6, 누가복음 14:31-32
20:19	레위기 19:16, 잠언 11:13, 잠언 25:9, 잠언 25:23
20:20	출애굽기 20:12, 레위기 20:9, 잠언 19:26
20:21	잠언 28:8, 잠언 28:20, 디모데 전서 6:9-10
20:22	신명기 32:35, 잠언 24:29, 마태복음 5:38-39, 로마서 12:17, 로마서 12:19, 데살로니가 전서 5:15, 시편 37:34, 시편 34:7, 베드로 전서 4:19
20:24	시편 37:23, 예레미야 10:23
20:25	레위기 27:9, 민수기 30:2, 전도서 5:4, 전도서 5:6, 마태복음 5:33
20:26	시편 101:8, 이사야 28:27
20:28	시편 61:6-7, 시편 21:7
20:29	전도서 11:9, 레위기 19:32, 잠언 16:31
20:30	시편 119:71
21:1	출애굽기 14:4, 에스라 7:27, 느헤미야 2:7-8, 이사야 44:28, 요한 계시록 17:17
21:2	시편 36:1-2, 잠언 16:2, 사무엘상 16:6-7, 잠언 24:12, 예레미야 17:10
21:3	사무엘상 15:22-23, 호세아 6:6, 미가 6:7-8, 마태복음 12:7
21:4	시편 10:4
21:5	잠언 13:4, 잠언 14:29
21:6	잠언 1:19, 잠언 20:21
21:7	시편 7:14-16
21:8	시편 37:37, 잠언 16:17, 베드로 전서 1:22
21:9	잠언 17:1, 잠언 21:19, 잠언 25:24, 잠언 27:15
21:10	창세기 6:5, 시편 36:1, 시편 36:4, 사무엘상 25:10-11
21:11	잠언 9:9, 잠언 19:25
21:12	창세기 19:29, 시편 37:10, 시편 37:20, 베드로 후서 2:4, 베드로 후서 3:5-6
21:13	신명기 15:9, 잠언 28:27, 야고보서 5:4
21:14	잠언 18:16
21:15	시편 106:3
21:16	야고보서 1:15, 베드로 후서 2:21
21:17	전도서 7:4, 누가복음 15:13-14
21:18	에스더 7:10
21:19	잠언 17:1, 잠언 21:9, 잠언 25:24, 잠언 27:15
21:20	잠언 15:6, 전도서 5:19, 누가복음 15:13-14
21:21	잠언 15:9, 잠언 22:4, 마태복음 5:6, 로마서 2:6-7
21:22	전도서 7:19, 고린도 후서 10:4
21:23	시편 141:3, 잠언 10:19, 전도서 10:20
21:24	민수기 14:44, 에스더 6:4
21:25	잠언 6:6-11, 잠언 13:4, 잠언 19:24
21:26	시편 37:25-26, 시편 112:9, 누가복음 6:30
21:27	사무엘상 15:22-23, 잠언 15:8, 이사야 1:11
21:28	신명기 19:18-19, 잠언 19:5
21:29	잠언 28:14, 잠언 29:1, 잠언 11:5
21:30	민수기 23:7-8, 잠언 19:21, 사도행전 5:38-39
21:31	시편 20:7, 시편 33:17, 이사야 31:1, 역대기하 20:15, 역대기하 20:17, 시편 68:20, 요한 계시록 7:10
22:1	전도서 7:1
22:2	사도행전 17:26
22:4	시편 34:9, 잠언 18:12
22:5	잠언 4:14-15
22:6	창세기 18:19, 신명기 6:6-7, 에베소서 6:4, 디모데 후서 3:14-15
22:7	열왕기하 4:1, 마태복음 18:25
22:8	갈라디아서 6:7-8, 시편 125:3
22:9	신명기 15:7-8, 잠언 11:25, 히브리서 6:10
22:11	시편 45:2, 잠언 16:13, 마태복음 5:8
22:12	사도행전 13:8-10
22:13	잠언 26:13-15
22:14	잠언 5:3, 전도서 7:26
22:15	창세기 8:21, 잠언 13:24, 잠언 19:18
22:16	시편 12:5, 잠언 14:31
22:17	잠언 13:20, 잠언 15:14
22:18	잠언 2:10, 잠언 24:14, 잠언 15:7
22:22	잠언 23:10, 출애굽기 23:6, 아모스 5:12
22:23	사무엘상 24:12, 시편 12:5
22:25	잠언 13:20
22:26	잠언 6:1-3
22:28	신명기 19:14, 잠언 23:10, 호세아 5:10
22:29	사무엘상 16:18-19, 열왕기상 7:13-14
23:4	잠언 28:20, 요한복음 6:27, 디모데 전서 6:9-10
23:5	요한 1서 2:16-17, 잠언 27:24
23:9	잠언 9:7, 잠언 26:4, 마태복음 7:6
23:10	신명기 19:14, 잠언 22:28
23:11	출애굽기 22:22-23, 시편 10:14
23:13	잠언 13:24, 잠언 19:18, 에베소서 6:4
23:15	잠언 27:11, 요한 3서 1:4
23:17	시편 37:1, 시편 111:10, 고린도 후서 7:1
23:18	시편 37:37, 잠언 24:14
23:20	잠언 20:1, 이사야 5:11, 로마서 13:13, 베드로 전서 4:3, 잠언 28:7, 고린도 전서 10:31
23:21	신명기 21:20-21, 잠언 21:17
23:22	출애굽기 20:12, 출애굽기 21:17, 마태복음 15:5-6, 에베소서 6:1
23:23	빌립보서 3:7-8, 잠언 4:5, 잠언 16:16
23:26	시편 107:43
23:27	잠언 22:14
23:28	잠언 7:10, 잠언 7:12, 전도서 7:26
23:30	잠언 20:1, 에베소서 5:18
23:33	호세아 4:11
23:35	창세기 19:33
24:1	시편 26:5, 잠언 1:10
24:3	잠언 9:1, 잠언 14:1
24:4	열왕기상 10:23, 잠언 15:6
24:5	잠언 8:14, 잠언 21:22
24:6	잠언 20:18, 누가복음 14:31-32, 잠언 11:14, 잠언 13:10, 잠언 15:22, 사도행전 15:5-6
24:7	잠언 14:6, 고린도 전서 2:14
24:8	잠언 6:12-14
24:9	잠언 22:10
24:11	시편 82:4
24:12	잠언 5:21, 잠언 17:3, 잠언 21:2, 시편 62:12, 마태복음 16:27, 로마서 2:5-6
24:14	시편 19:9-10, 시편 119:103, 잠언 23:18
24:16	시편 34:19, 고린도 후서 1:10, 사무엘상 26:9-10, 에스더 7:10
24:17	욥기 31:29, 잠언 17:5, 잠언 25:21-22
24:18	에스겔 26:2-3, 스가랴 1:15
24:20	시편 73:18, 시편 73:27, 잠언 10:7, 잠언 13:9
24:21	사무엘상 24:6-7, 베드로 전서 2:17, 사무엘하 15:12
24:22	민수기 16:2, 민수기 16:31, 잠언 20:2
24:23	레위기 19:15, 신명기 1:16-17, 신명기 16:19, 역대기하 19:7, 디모데 전서 5:21
24:24	잠언 17:15
24:25	레위기 19:17, 디모데 전서 5:20, 잠언 28:23
24:26	잠언 27:5
24:28	출애굽기 20:16, 에베소서 4:25
24:29	잠언 20:22, 로마서 12:17, 로마서 12:19, 데살로니가 전서 5:15
24:30	잠언 6:10-11
24:31	잠언 20:4, 잠언 22:13, 전도서 10:18
24:34	잠언 10:4, 잠언 23:21
25:1	열왕기상 4:29, 열왕기상 4:32, 전도서 12:9, 역대기하 29:1
25:2	신명기 29:29, 로마서 11:33
25:4	잠언 17:3
25:5	열왕기상 2:44, 열왕기상 2:46, 잠언 20:28, 잠언 29:14
25:6	잠언 27:2, 시편 131:1
25:7	누가복음 14:8-10, 베드로 전서 5:5
25:8	잠언 18:17, 마태복음 5:25
25:9	마태복음 18:15, 잠언 11:13
25:11	잠언 15:23, 이사야 50:4
25:12	시편 141:5, 잠언 1:8-9, 잠언 9:8
25:13	잠언 13:17
25:14	마태복음 5:37
25:15	창세기 32:4-5, 잠언 15:1
25:16	잠언 25:27
25:18	출애굽기 20:16
25:20	시편 137:3-4
25:21	출애굽기 23:5, 열왕기하 6:21-22, 잠언 24:17, 마태복음 5:44
25:22	로마서 12:20
25:23	시편 101:5
25:24	잠언 21:9, 잠언 21:19, 잠언 27:15
25:25	잠언 15:30, 이사야 52:7
25:27	잠언 25:16, 잠언 27:2, 요한복음 5:44, 빌립보서 2:3
25:28	사무엘상 20:33, 잠언 16:32, 잠언 22:24-25, 잠언 29:11
26:1	잠언 30:21-22, 전도서 10:7
26:3	시편 32:9, 잠언 27:22
26:5	마태복음 21:23-25
26:7	잠언 17:7
26:8	잠언 19:10, 잠언 26:1
26:11	베드로 후서 2:22
26:12	잠언 12:15, 고린도 전서 3:18, 고린도 전서 8:2
26:13	잠언 22:13
26:14	잠언 6:9, 잠언 19:15, 잠언 24:33-34
26:15	잠언 19:24
26:17	데살로니가 전서 4:11, 베드로 전서 4:15
26:19	잠언 15:21
26:20	잠언 22:10, 야고보서 3:6
26:21	잠언 3:30, 잠언 16:28, 잠언 17:14
26:22	잠언 18:8
26:23	사무엘하 20:9-10
26:27	에스더 7:10, 시편 9:15, 잠언 28:10, 전도서 10:8
26:28	잠언 29:5
27:1	누가복음 12:19-20, 야고보서 4:13-14
27:2	잠언 25:27, 예레미야 9:23, 고린도 후서 10:18
27:3	사무엘상 25:25
27:4	창세기 37:9-11, 잠언 14:30, 사도행전 17:5
27:5	레위기 19:17, 마태복음 18:15
27:6	사무엘하 12:7, 사무엘하 12:9, 시편 141:5, 요한 계시록 3:19
27:9	사무엘상 23:16, 잠언 15:23, 잠언 16:24
27:10	잠언 17:17, 잠언 18:24
27:11	잠언 10:1, 잠언 23:15, 요한 2서 1:4, 욥기 1:8-9
27:12	잠언 18:10, 이사야 26:20, 히브리서 11:7
27:13	잠언 20:16
27:15	잠언 21:9, 잠언 21:19
27:17	사무엘상 23:16, 히브리서 10:24-25
27:18	잠언 13:4, 창세기 39:2, 잠언 17:2
27:20	잠언 30:15-16
27:21	잠언 17:3
27:23	골로새서 3:23
27:24	잠언 23:4-5, 디모데 전서 6:17
28:1	다니엘 3:16-17, 사도행전 4:13
28:2	열왕기상 16:8, 열왕기상 16:15, 열왕기상 16:22, 다니엘 4:27
28:3	잠언 14:31
28:4	민수기 25:6-8, 사무엘상 15:22-23, 에베소서 5:11
28:5	시편 25:14, 마가복음 4:11-12, 야고보서 1:5
28:6	잠언 16:8, 잠언 19:1
28:7	잠언 23:20, 고린도 전서 15:33
28:8	신명기 23:19, 잠언 13:22, 잠언 19:17
28:9	시편 66:18, 잠언 15:29, 이사야 1:15
28:10	시편 7:14-16, 신명기 7:12, 시편 37:11, 시편 37:18, 시편 84:11
28:11	잠언 18:11, 마가복음 10:21
28:12	열왕기상 17:1-3, 잠언 29:2
28:13	사무엘상 15:13-15, 사무엘하 12:13, 역대기하 33:12-13, 시편 32:3, 시편 32:5, 시편 51:1
28:14	출애굽기 7:22, 느헤미야 9:29, 잠언 29:1, 예레미야 16:12-13
28:15	스바냐 3:3, 마태복음 2:16
28:16	느헤미야 5:15, 아모스 4:1, 이사야 33:15-16
28:17	창세기 9:6, 열왕기상 21:19, 마태복음 27:3-5
28:18	시편 25:21, 시편 73:12, 시편 73:18, 데살로니가 전서 5:3, 요한 계시록 3:3
28:19	잠언 23:21, 누가복음 15:13-14
28:20	사무엘상 18:5, 느헤미야 7:2, 시편 101:6, 열왕기하 5:20-22, 예레미야 17:11, 디모데 전서 6:9
28:21	레위기 19:15, 잠언 18:5, 야고보서 2:1
28:23	사무엘하 12:7, 사무엘하 12:9, 갈라디아서 2:11, 시편 141:5, 잠언 27:6
28:24	마가복음 7:10-11, 잠언 19:26
28:25	열왕기상 3:11-13
28:26	잠언 3:5, 예레미야 17:9, 욥기 28:28
28:27	신명기 15:7, 신명기 15:10, 시편 41:1, 잠언 19:17, 히브리서 13:16
28:28	에스더 8:17
29:1	출애굽기 11:10, 역대기하 36:11-13, 사무엘상 2:22-25, 역대기하 36:15-16
29:2	에스더 3:13, 에스더 3:15
29:3	잠언 27:11, 잠언 5:8-10, 잠언 6:26, 누가복음 15:13-14
29:4	사무엘하 8:15, 시편 89:14, 이사야 9:7
29:5	잠언 26:28, 로마서 16:18
29:6	잠언 5:22, 시편 97:11
29:7	시편 41:1, 예레미야 5:28
29:8	야고보서 3:6, 사도행전 19:29, 사도행전 19:35
29:9	잠언 26:4
29:10	창세기 27:41, 사무엘상 20:31, 요한 1서 3:11-12
29:11	잠언 12:16, 잠언 25:28, 잠언 14:29
29:12	열왕기상 21:8-11, 예레미야 38:4-5
29:14	시편 72:1-2, 잠언 20:28, 잠언 25:5, 이사야 9:7
29:15	잠언 22:6, 잠언 22:15, 잠언 23:13, 에베소서 6:4
29:16	시편 37:34, 요한 계시록 18:20
29:17	히브리서 12:11
29:18	호세아 4:6, 잠언 19:16, 요한복음 13:17, 야고보서 1:25
29:19	잠언 26:3
29:20	전도서 5:2, 야고보서 1:19, 잠언 14:29, 잠언 21:5
29:22	잠언 15:18, 사무엘상 18:8-9, 야고보서 3:16
29:23	에스더 6:6, 에스더 6:10, 야고보서 4:6, 잠언 18:12, 마태복음 18:4, 빌립보서 2:8-9
29:24	레위기 5:1
29:25	마태복음 10:28, 마태복음 26:75, 역대기하 14:11, 잠언 18:10
29:26	시편 62:12, 누가복음 18:6-7
29:27	시편 119:115, 시편 139:21, 요한복음 7:7, 요한 1서 3:13
30:2	욥기 42:3
30:4	요한복음 3:13, 이사야 40:12, 욥기 38:4
30:5	시편 12:6, 창세기 15:1, 사무엘하 22:31, 시편 84:11
30:6	신명기 4:2, 요한 계시록 22:18
30:8	잠언 12:22, 마태복음 6:11, 디모데 전서 6:8
30:9	신명기 6:10-12
30:10	다니엘 6:24
30:11	레위기 20:9, 잠언 19:26, 마가복음 7:10-11
30:12	시편 36:1-2, 이사야 65:5, 요한 1서 1:8
30:13	시편 101:5, 잠언 6:16-17
30:14	시편 14:4, 잠언 22:16, 이사야 32:7
30:16	잠언 27:20
30:17	잠언 23:22, 레위기 20:9, 신명기 21:18, 신명기 21:21, 잠언 20:20
30:20	잠언 7:10-11
30:22	잠언 19:10, 전도서 10:7, 이사야 3:4
30:23	창세기 16:5
30:24	욥기 35:11
30:25	잠언 6:6-8
30:26	레위기 11:5, 시편 104:18
30:27	출애굽기 10:14, 요엘 1:4, 요엘 2:7
30:28	레위기 11:29-30
30:30	민수기 23:24, 이사야 31:4
30:32	잠언 26:12, 잠언 27:2
30:33	잠언 26:21
31:1	잠언 1:8, 디모데 후서 1:5
31:2	사무엘상 1:11, 사무엘상 1:28
31:3	호세아 4:11, 신명기 17:15, 신명기 17:17, 열왕기상 11:1-3, 느헤미야 13:26
31:4	전도서 10:17, 이사야 28:7
31:6	시편 104:15, 마태복음 27:34, 예레미야 16:7
31:8	시편 82:4
31:9	신명기 1:16-17, 사무엘하 8:15, 시편 72:1-2, 이사야 11:4
31:10	룻기 3:10-11, 잠언 12:4, 잠언 19:14
31:13	사무엘상 2:18-19, 디도서 2:3-5
31:14	역대기하 9:21
31:15	디모데 전서 5:9-10
31:17	창세기 24:15, 창세기 24:20
31:19	출애굽기 35:25
31:20	사무엘상 25:18, 잠언 19:17, 디모데 전서 2:10, 히브리서 13:16
31:23	룻기 4:1, 욥기 29:7-8
31:26	사사기 13:22-23, 사무엘상 25:30-31, 에스더 5:8, 디도서 2:3
31:27	잠언 14:1, 디모데 전서 5:9-10, 디도서 2:3-5
31:30	열왕기하 9:30, 에스더 1:10-12, 잠언 6:25-26, 창세기 24:60, 사사기 5:7, 베드로 전서 3:3-4
31:31	룻기 3:10-11, 로마서 16:1-2
