1:1	여호수아 21:8, 여호수아 21:18
1:2	열왕기하 21:19-20, 열왕기하 22:1-2
1:3	열왕기하 24:1, 역대기하 36:4, 열왕기하 24:18-19, 열왕기하 25:8, 열왕기하 25:11, 예레미야 52:12, 예레미야 52:15
1:5	사사기 13:5, 시편 139:15-16, 누가복음 1:13, 누가복음 1:15
1:6	열왕기상 3:5, 열왕기상 3:7, 출애굽기 4:10
1:7	출애굽기 7:1-2
1:8	에스겔 2:6, 출애굽기 3:11-12, 예레미야 15:20, 사도행전 18:9-10
1:9	이사야 6:7, 출애굽기 4:12, 출애굽기 4:15, 에스겔 33:7
1:10	예레미야 18:7-10, 예레미야 24:5-6
1:14	예레미야 6:1, 예레미야 10:22
1:15	예레미야 5:15, 예레미야 6:22, 예레미야 25:9, 예레미야 39:3, 신명기 28:52, 예레미야 34:22, 예레미야 44:6
1:16	여호수아 24:20, 열왕기하 22:17, 역대기하 7:19-20, 에스겔 8:10-11, 호세아 11:2, 이사야 2:8
1:17	에스겔 2:6
1:18	예레미야 15:20, 예레미야 20:11, 에스겔 3:8, 미가 3:8, 예레미야 26:12
1:19	창세기 28:15, 출애굽기 3:12, 여호수아 1:5
2:2	호세아 2:15, 출애굽기 24:3, 신명기 2:7
2:3	출애굽기 19:6, 신명기 7:6, 출애굽기 17:8, 출애굽기 17:13
2:5	이사야 5:4, 미가 6:3, 신명기 32:21, 시편 115:4, 시편 115:8
2:6	출애굽기 14:30, 신명기 1:1, 신명기 32:9-10, 신명기 8:14-15
2:7	민수기 13:26-27, 신명기 6:10-11, 신명기 8:7-9, 레위기 18:24, 민수기 35:33, 시편 78:58, 시편 106:38, 예레미야 16:18
2:8	사무엘상 2:12, 예레미야 애가 4:13, 에스겔 34:7-8, 열왕기상 18:19, 예레미야 23:13
2:9	에스겔 20:35, 미가 6:2
2:10	창세기 10:2, 창세기 10:4, 창세기 25:13, 시편 120:5, 예레미야 49:28
2:11	시편 106:20
2:13	시편 36:9, 예레미야 17:13, 요한 계시록 22:1
2:15	이사야 5:29, 예레미야 4:7
2:16	예레미야 46:19, 예레미야 43:4, 예레미야 43:7, 예레미야 46:14, 에스겔 30:18
2:17	역대기상 28:9, 역대기하 7:19-20
2:18	이사야 30:2, 이사야 31:1, 예레미야 애가 5:6, 에스겔 16:26, 에스겔 17:15, 열왕기하 16:7, 호세아 5:13
2:19	예레미야 4:18, 예레미야 5:22
2:20	레위기 26:13, 열왕기상 14:22-23, 에스겔 6:13, 출애굽기 34:15, 에스겔 16:15-16
2:21	출애굽기 15:17, 시편 80:8, 이사야 5:1, 이사야 5:4
2:22	예레미야 16:17
2:25	예레미야 18:12, 이사야 2:6, 예레미야 3:13, 예레미야 44:17
2:26	에스라 9:7
2:27	이사야 44:13, 역대기하 29:6, 예레미야 32:33, 사사기 10:13-15, 시편 78:34, 시편 106:47, 이사야 26:16, 호세아 5:15
2:28	신명기 32:37-38, 예레미야 11:13
2:29	예레미야 5:1, 예레미야 9:2, 다니엘 9:11
2:30	역대기하 28:20-22, 이사야 9:13, 이사야 1:5, 예레미야 5:3, 스바냐 3:2, 역대기하 36:15-16, 느헤미야 9:26, 사도행전 7:52
2:31	신명기 32:15
2:32	시편 106:21, 이사야 17:10, 예레미야 18:15, 호세아 8:14
2:33	역대기하 33:9
2:34	열왕기하 21:16, 시편 106:38, 이사야 10:1-2, 마태복음 23:35, 출애굽기 22:2
2:36	역대기하 28:20-21, 이사야 30:3, 예레미야 37:7
2:37	사무엘하 13:19
3:1	이사야 24:5, 예레미야 2:7, 예레미야 2:20, 에스겔 16:28-29
3:2	에스겔 16:16, 에스겔 20:28
3:3	레위기 26:19, 예레미야 14:4, 아모스 4:7, 예레미야 6:15
3:4	예레미야 2:2
3:5	미가 2:1, 미가 7:3
3:6	열왕기하 22:1, 에스겔 20:28, 호세아 4:13
3:7	열왕기하 17:13, 역대기하 30:6, 호세아 14:1, 에스겔 16:46, 에스겔 23:2, 에스겔 23:4
3:8	에스겔 23:4-5, 에스겔 23:9, 호세아 2:2, 호세아 9:15, 신명기 24:1, 열왕기하 17:19, 에스겔 23:4, 에스겔 23:11
3:9	이사야 57:5-6, 예레미야 2:27
3:11	에스겔 16:51, 에스겔 23:4, 에스겔 23:11
3:12	열왕기하 17:6, 예레미야 23:8, 예레미야 4:1, 에스겔 33:11, 호세아 14:1, 호세아 11:8-9
3:14	예레미야 23:3
3:15	예레미야 23:4, 에스겔 34:23
3:16	호세아 1:10
3:17	시편 87:3, 에스겔 43:7, 이사야 2:2-3, 이사야 56:6-7, 이사야 60:3, 미가 4:1-2, 스가랴 2:11, 스가랴 8:22-23
3:18	예레미야 50:4, 에스겔 37:19, 호세아 1:11, 역대기하 36:23, 에스라 1:3, 아모스 9:15
3:19	에스겔 20:6
3:20	이사야 48:8, 호세아 3:1, 호세아 5:7
3:21	이사야 17:10, 호세아 8:14, 호세아 13:6
3:22	호세아 14:1, 호세아 14:4, 예레미야 31:18, 호세아 3:5
3:23	이사야 65:7, 이사야 12:2
3:24	호세아 9:10
3:25	에스라 9:7, 시편 106:7, 예레미야 2:19
4:1	예레미야 3:22, 요엘 2:12-13
4:2	이사야 65:16
4:3	호세아 10:12
4:4	예레미야 9:25-26, 예레미야 애가 4:11
4:5	예레미야 6:1, 예레미야 35:11
4:6	예레미야 1:14, 예레미야 21:7, 예레미야 25:9
4:7	열왕기하 24:1, 열왕기하 25:1, 예레미야 5:6, 예레미야 50:17, 에스겔 26:7, 이사야 5:9, 이사야 6:11, 예레미야 2:15, 예레미야 9:11
4:8	예레미야 6:26
4:9	열왕기하 25:5, 이사야 29:9-10
4:10	에스겔 14:9, 예레미야 6:13-14, 예레미야 14:13, 예레미야 23:16-17
4:13	이사야 5:26, 이사야 5:28, 신명기 28:49-50, 예레미야 애가 4:19, 하박국 1:8
4:14	이사야 1:16, 에스겔 18:31
4:15	예레미야 8:16
4:17	열왕기하 25:1-2, 이사야 63:10, 에스겔 2:3
4:18	시편 107:17
4:19	스바냐 1:15-16
4:20	예레미야 10:20
4:21	예레미야 6:1
4:22	신명기 32:6, 예레미야 5:21
4:23	예레미야 9:10, 이사야 5:30, 요엘 2:31
4:24	이사야 5:25
4:25	스바냐 1:3
4:26	신명기 29:22-23
4:27	레위기 26:32, 역대기하 36:20-21, 이사야 6:11, 예레미야 10:22, 에스겔 33:28
4:28	이사야 24:4, 요엘 1:10, 이사야 5:30, 요엘 2:30-31, 열왕기하 23:26, 에스겔 24:14
4:29	열왕기하 25:4, 이사야 2:19
4:30	에스겔 23:22, 에스겔 23:26, 예레미야 애가 1:2
4:31	예레미야 애가 1:17
5:1	에스겔 22:29, 미가 7:2
5:2	이사야 48:1
5:3	역대기하 16:9, 역대기하 28:20-22, 예레미야 2:30, 스가랴 7:11, 시편 50:17, 이사야 42:24-25, 에스겔 3:7, 스바냐 3:2
5:5	미가 3:1
5:6	에스라 9:6, 이사야 59:12, 에스겔 23:19
5:7	여호수아 23:6-7, 예레미야 2:11, 예레미야 12:16, 스바냐 1:4-5
5:8	에스겔 22:11
5:9	레위기 26:25, 예레미야 9:9, 예레미야 44:22, 나훔 1:2
5:10	레위기 26:44, 예레미야 46:28
5:11	이사야 48:8, 예레미야 3:20, 호세아 5:7, 호세아 6:7
5:12	역대기하 36:15-16, 이사야 28:15, 예레미야 23:17
5:14	예레미야 1:9, 예레미야 23:29
5:15	예레미야 1:15, 예레미야 4:16, 예레미야 25:9, 에스겔 7:24, 하박국 1:6, 신명기 28:49-50
5:17	레위기 26:16
5:18	예레미야 4:27
5:19	신명기 4:27, 신명기 28:48, 신명기 29:24-25, 역대기하 7:21-22
5:21	예레미야 4:22, 이사야 59:10, 이사야 6:9, 에스겔 12:2, 마태복음 13:13
5:22	욥기 38:8, 욥기 38:11, 시편 33:7, 잠언 8:29
5:23	시편 95:10, 예레미야 11:8
5:24	신명기 11:14
5:25	신명기 28:23-24, 예레미야 3:3
5:27	아모스 8:5, 미가 6:11-12
5:28	이사야 1:23, 시편 82:2
5:31	예레미야 14:14, 예레미야 애가 2:14, 에스겔 13:6, 이사야 30:10, 요한복음 3:19
6:1	역대기하 11:5-6, 아모스 1:1, 예레미야 4:5, 예레미야 1:14, 예레미야 10:22
6:2	이사야 3:16
6:3	열왕기하 25:1, 예레미야 4:16-17
6:5	역대기하 36:17, 역대기하 36:19, 아모스 2:5
6:6	에스겔 21:21-22, 열왕기하 21:16, 에스겔 7:23
6:7	에스겔 7:11, 미가 2:2
6:8	에스겔 23:18, 레위기 26:34, 예레미야 9:11
6:10	이사야 6:10, 사도행전 7:51, 역대기하 36:15-16, 예레미야 20:8
6:11	예레미야 20:9, 예레미야 18:21, 에스겔 9:6
6:12	신명기 28:30, 예레미야 8:10, 예레미야 애가 5:11, 스바냐 1:13
6:13	에스겔 22:12, 예레미야 2:8, 예레미야 8:10-12, 예레미야 23:11, 미가 3:5, 미가 3:11, 스바냐 3:4
6:14	예레미야 14:13, 예레미야 23:16-17, 에스겔 13:10, 데살로니가 전서 5:3
6:15	예레미야 3:3
6:16	이사야 30:21, 예레미야 18:15
6:17	예레미야 25:4, 에스겔 3:17, 하박국 2:1, 이사야 58:1, 스가랴 7:11
6:19	신명기 4:25-26, 다니엘 9:12
6:20	이사야 1:11, 이사야 66:3, 예레미야 7:21, 아모스 5:21
6:21	역대기하 36:17, 예레미야 애가 2:21
6:22	예레미야 1:14, 예레미야 25:9
6:23	하박국 1:8
6:24	에스겔 21:7, 예레미야 4:31
6:26	예레미야 4:8, 예레미야 애가 1:2, 예레미야 애가 1:16, 예레미야 15:8
6:28	이사야 30:1, 이사야 48:4, 예레미야 5:23, 예레미야 9:4
6:29	예레미야 9:7, 에스겔 22:20, 에스겔 24:13
6:30	예레미야 14:19, 예레미야 애가 5:22
7:3	예레미야 26:13
7:4	미가 3:11
7:5	예레미야 21:12, 예레미야 22:3
7:6	신명기 24:17, 시편 82:3, 스가랴 7:9-10, 야고보서 1:27, 신명기 8:19
7:8	이사야 30:10, 예레미야 5:31, 예레미야 14:14
7:9	이사야 3:14, 미가 2:2, 예레미야 5:2, 예레미야 11:13
7:11	마태복음 21:13, 마가복음 11:17, 누가복음 19:45-46
7:12	신명기 12:5, 신명기 12:11, 여호수아 18:1, 사무엘상 4:11, 시편 78:60, 예레미야 26:6, 예레미야 26:9
7:13	역대기하 36:15-16, 예레미야 25:3-4, 이사야 65:12
7:14	열왕기하 25:8-9, 예레미야 7:4, 사무엘상 4:10-11, 시편 78:60, 예레미야 26:4, 예레미야 26:6, 예레미야 애가 2:7
7:15	열왕기하 17:22-23
7:16	출애굽기 32:9-10, 예레미야 11:14, 예레미야 15:1
7:18	예레미야 44:17, 이사야 57:6, 예레미야 19:13, 에스겔 20:28
7:19	다니엘 9:7
7:20	예레미야 애가 2:3, 열왕기하 22:17, 예레미야 17:27
7:21	이사야 1:11, 예레미야 6:20, 호세아 8:13, 아모스 5:21
7:22	사무엘상 15:22, 호세아 6:6
7:23	출애굽기 19:5, 레위기 26:3, 레위기 26:12, 신명기 5:29
7:24	출애굽기 32:8, 호세아 4:16, 스가랴 7:12
7:25	신명기 9:7, 사무엘상 8:8, 열왕기하 17:13, 역대기하 36:15, 느헤미야 9:17, 느헤미야 9:30, 예레미야 25:4
7:26	역대기하 33:10, 예레미야 25:3
7:27	예레미야 26:2, 에스겔 2:7
7:28	예레미야 5:1, 미가 7:2
7:30	열왕기하 21:1, 열왕기하 21:4, 역대기하 33:1, 역대기하 33:4, 예레미야 23:11, 예레미야 32:34
7:31	신명기 12:29-31, 열왕기하 17:17, 역대기하 28:1, 역대기하 28:3, 역대기하 33:1, 역대기하 33:6, 에스겔 20:31, 여호수아 15:8, 여호수아 15:12, 레위기 18:21, 레위기 20:3, 예레미야 19:5-6, 예레미야 32:35
7:32	예레미야 19:11, 에스겔 6:4-5
7:33	신명기 28:26, 시편 79:2, 예레미야 16:4
7:34	이사야 24:8, 예레미야 25:10, 레위기 26:33, 이사야 1:7, 이사야 6:11
8:2	신명기 4:19, 열왕기하 17:16, 열왕기하 21:1, 열왕기하 21:3, 예레미야 19:13, 에스겔 8:16, 스바냐 1:4-5, 예레미야 16:4
8:5	예레미야 5:3
8:6	예레미야 5:1
8:7	이사야 1:3
8:8	이사야 8:1
8:9	이사야 29:14
8:10	신명기 28:30, 스바냐 1:13, 이사야 56:11, 에스겔 33:31, 미가 3:11, 예레미야 5:31, 예레미야 6:12-15, 예레미야 27:9, 예레미야 애가 2:14, 에스겔 22:28
8:11	예레미야 23:16-17, 에스겔 13:10
8:12	예레미야 3:3, 예레미야 23:12
8:14	예레미야 4:5, 예레미야 9:15, 예레미야 23:15, 예레미야 애가 3:19
8:15	예레미야 4:10, 예레미야 14:19
8:21	예레미야 4:19-20, 예레미야 14:17
8:22	창세기 37:25, 예레미야 30:12-13, 예레미야 30:17, 예레미야 33:4, 예레미야 33:6
9:1	이사야 22:4, 예레미야 13:17
9:2	예레미야 5:7, 예레미야 23:10
9:3	이사야 59:3, 예레미야 4:22
9:4	예레미야 12:6, 미가 7:2, 미가 7:5, 예레미야 6:28, 에스겔 22:9
9:5	시편 50:19, 미가 6:12
9:7	이사야 1:25, 이사야 48:10
9:9	예레미야 5:9, 예레미야 5:29
9:10	예레미야 4:25, 스바냐 1:3
9:11	시편 79:1, 예레미야 26:18, 예레미야 10:22, 예레미야 4:27, 예레미야 25:11, 예레미야 32:43
9:14	예레미야 7:24, 사사기 3:7, 사무엘상 12:10, 호세아 11:2
9:15	예레미야 8:14, 예레미야 23:15, 예레미야 애가 3:15, 예레미야 애가 3:19
9:16	레위기 26:33, 신명기 28:64, 시편 106:27, 스가랴 7:14, 예레미야 29:17, 에스겔 5:2
9:17	역대기하 35:25
9:18	예레미야 6:26, 예레미야 14:17
9:19	예레미야 4:31, 에스겔 7:16, 미가 1:8-9, 예레미야 애가 4:15, 미가 2:10
9:20	이사야 29:2, 예레미야 7:29
9:21	역대기하 36:17, 예레미야 6:11
9:22	이사야 5:25, 예레미야 16:3-4
9:23	이사야 5:21, 신명기 8:12-14, 신명기 8:17-18
9:24	고린도 전서 1:31, 고린도 후서 10:17, 출애굽기 34:6, 시편 89:14, 시편 99:4, 호세아 6:6, 미가 6:8, 미가 7:18
9:25	아모스 3:1-2
9:26	이사야 19:1, 에스겔 29:2, 이사야 1:1, 예레미야 27:2-3, 에스겔 32:29, 오바댜 1:1, 예레미야 49:1, 에스겔 25:2, 이사야 15:1, 예레미야 48:1, 예레미야 25:17, 예레미야 25:23, 예레미야 49:32, 레위기 26:41, 예레미야 4:4
10:2	레위기 18:3, 레위기 18:30, 레위기 20:23, 신명기 12:30, 이사야 47:13
10:3	이사야 40:20, 이사야 44:14-15, 이사야 45:20, 하박국 2:18
10:4	시편 115:4, 이사야 40:19, 이사야 41:7
10:5	하박국 2:19, 이사야 46:7, 이사야 41:23, 이사야 44:9, 고린도 전서 8:4
10:6	출애굽기 15:11, 사무엘하 7:22, 시편 86:8
10:7	시편 22:28, 시편 89:6, 다니엘 4:35
10:8	예레미야 51:17, 하박국 2:18, 이사야 44:19
10:9	열왕기상 10:22
10:10	여호수아 3:10, 다니엘 6:26, 다니엘 4:3, 하박국 1:12, 요한 계시록 15:3, 나훔 1:5
10:11	이사야 2:18, 예레미야 51:17-18, 스바냐 2:11
10:12	잠언 3:19, 이사야 45:18, 시편 136:3, 시편 136:5, 이사야 40:22, 예레미야 51:15-16
10:13	욥기 37:2, 욥기 38:34, 욥기 36:27, 시편 135:7, 창세기 8:1, 출애굽기 14:21, 민수기 11:31, 요나 1:4
10:14	이사야 42:17, 이사야 44:11, 예레미야 51:17, 하박국 2:18-19
10:15	이사야 41:29
10:16	신명기 32:9, 시편 135:4, 이사야 47:4
10:18	신명기 28:63, 예레미야 16:13
10:19	예레미야 8:21
10:20	예레미야 4:20, 예레미야 31:15
10:21	예레미야 5:31, 예레미야 2:8, 예레미야 8:9, 예레미야 23:1, 에스겔 34:5-6
10:22	예레미야 1:15, 예레미야 4:6, 예레미야 6:22, 하박국 1:6, 예레미야 9:11
10:23	시편 17:5, 시편 37:23, 잠언 16:3, 잠언 20:24
10:24	시편 6:1, 시편 38:1, 예레미야 30:11
10:25	이사야 34:2, 예레미야 51:34, 이사야 10:22, 시편 79:6-7, 예레미야 8:16, 예레미야 애가 2:22
11:3	신명기 27:26, 신명기 28:15
11:4	출애굽기 13:3, 신명기 4:20, 출애굽기 24:3, 레위기 26:3, 레위기 26:12
11:5	창세기 15:18, 출애굽기 3:8, 레위기 20:24, 신명기 6:3
11:7	예레미야 7:13, 예레미야 25:4, 예레미야 35:15
11:8	이사야 65:2, 예레미야 7:24, 예레미야 7:26, 에스겔 20:8, 스가랴 7:11-12
11:10	사사기 2:11, 사사기 2:17, 사무엘상 8:8, 열왕기하 22:17, 역대기하 28:22-23, 신명기 31:16, 열왕기하 17:6-7, 호세아 6:7
11:11	열왕기하 22:16, 예레미야 6:19, 에스겔 7:5, 이사야 1:15, 예레미야 14:12, 에스겔 8:18, 미가 3:4
11:12	신명기 32:37-38, 예레미야 2:28
11:13	예레미야 7:9-10
11:14	예레미야 7:16, 예레미야 14:11
11:17	이사야 5:2, 예레미야 2:21, 예레미야 19:5, 예레미야 19:15
11:19	예레미야 18:18
11:20	역대기상 28:9, 예레미야 17:10, 예레미야 20:12
11:21	예레미야 1:1, 이사야 30:10, 아모스 2:12, 아모스 7:16
11:22	역대기하 36:17, 예레미야 애가 2:21, 예레미야 18:21
11:23	여호수아 21:8, 여호수아 21:18
12:1	창세기 18:25, 욥기 12:6, 욥기 21:7, 시편 73:3, 예레미야 5:28
12:2	이사야 29:13
12:3	시편 139:1-2, 열왕기하 20:3, 시편 17:3, 예레미야 11:20
12:4	예레미야 14:6, 예레미야 23:10
12:5	예레미야 4:13
12:6	예레미야 9:4
12:7	누가복음 13:35, 출애굽기 19:5, 이사야 47:6, 예레미야 애가 2:1
12:9	열왕기하 24:2, 에스겔 16:37, 이사야 56:9, 예레미야 7:33
12:10	시편 80:8, 이사야 5:1, 이사야 5:7, 예레미야 6:3, 이사야 63:18, 예레미야 3:19
12:11	예레미야 9:11, 예레미야 10:22, 이사야 42:24-25
12:12	레위기 26:33, 예레미야 15:2
12:13	레위기 26:16, 미가 6:15
12:14	시편 79:4, 예레미야 48:26, 에스겔 25:3, 스가랴 1:15, 스가랴 2:8, 예레미야 48:2, 예레미야 49:2
12:17	이사야 60:12
13:9	레위기 26:19, 스바냐 3:11
13:10	역대기하 36:15-16, 예레미야 6:28
13:11	출애굽기 19:5, 신명기 26:18, 시편 135:4, 예레미야 33:9, 예레미야 6:17
13:13	이사야 29:9, 이사야 51:17, 예레미야 25:27
13:14	예레미야 6:21, 에스겔 5:10, 에스겔 7:4, 에스겔 24:14
13:16	이사야 59:9
13:17	시편 100:3, 예레미야 9:1
13:18	열왕기하 24:12, 예레미야 22:24, 예레미야 22:26
13:19	신명기 28:64
13:20	예레미야 6:22, 에스겔 34:8
13:21	이사야 39:1-2, 예레미야 6:24, 미가 4:9
13:22	예레미야 5:19, 예레미야 16:10-11, 에스겔 16:37
13:23	잠언 27:22
13:24	레위기 26:33, 신명기 28:64
13:25	예레미야 2:32, 신명기 32:37-38, 이사야 28:15, 예레미야 10:14
13:26	예레미야 애가 1:8, 에스겔 16:37, 에스겔 23:29
13:27	예레미야 2:20, 에스겔 16:15, 이사야 65:7, 에스겔 6:13, 에스겔 24:13
14:1	신명기 28:24
14:2	요엘 1:10
14:4	레위기 26:20, 신명기 28:23
14:6	예레미야 12:4, 요엘 1:18
14:7	여호수아 7:9, 시편 25:11, 시편 115:1-2, 에스라 9:6, 느헤미야 9:33, 다니엘 9:5, 다니엘 9:8
14:8	시편 106:8, 시편 106:21, 이사야 45:15
14:9	출애굽기 29:45, 신명기 23:14, 다니엘 9:19
14:10	예레미야 2:23, 예레미야 2:25, 예레미야 6:20, 호세아 8:13
14:11	예레미야 7:16, 예레미야 11:14
14:12	이사야 1:15, 이사야 58:3, 예레미야 11:11, 에스겔 8:18, 이사야 1:11, 예레미야 9:16, 에스겔 5:12
14:13	예레미야 4:10, 예레미야 5:31, 예레미야 6:13-14, 예레미야 23:16-17, 예레미야 27:8-10, 에스겔 13:10, 미가 3:11
14:14	예레미야 23:25-26, 예레미야 29:21, 예레미야 23:21, 예레미야 27:15, 예레미야 애가 2:14
14:15	예레미야 5:12-13, 예레미야 23:15, 에스겔 12:24, 에스겔 13:9
14:16	시편 79:2-3, 예레미야 9:22, 예레미야 4:18
14:17	예레미야 8:18, 예레미야 8:21, 예레미야 9:1, 예레미야 애가 1:15
14:18	에스겔 7:15, 예레미야 애가 5:10, 신명기 28:36
14:19	예레미야 12:8, 예레미야 애가 5:22, 역대기하 36:15-16, 예레미야 8:15
14:20	에스라 9:7, 다니엘 9:5, 다니엘 9:8
14:21	에스겔 36:22, 다니엘 9:15, 출애굽기 32:13, 레위기 26:41-42, 시편 106:43-45
14:22	신명기 28:12, 이사야 30:23, 요엘 2:23
15:1	출애굽기 32:11, 사무엘상 7:9, 시편 99:6, 시편 106:23
15:2	에스겔 5:2, 에스겔 12:11
15:3	에스겔 14:21, 신명기 28:26, 예레미야 7:33
15:4	열왕기하 21:11, 열왕기하 23:26, 열왕기하 24:3-4, 신명기 28:15, 신명기 28:25, 예레미야 24:9, 에스겔 23:46
15:6	예레미야 2:13, 이사야 1:4, 스바냐 1:4
15:7	신명기 28:15, 신명기 28:18, 예레미야 9:21, 에스겔 24:21, 예레미야 5:3
15:9	예레미야 44:27, 에스겔 5:12
15:10	예레미야 20:14
15:13	예레미야 20:5
15:14	레위기 26:38, 예레미야 16:13, 신명기 32:22, 이사야 42:24-25, 예레미야 17:4
15:15	예레미야 11:20, 예레미야 12:3, 예레미야 17:18, 예레미야 37:15, 시편 69:7
15:16	에스겔 3:1-3, 요한 계시록 10:9-10
15:17	시편 1:1, 예레미야 20:8
15:20	예레미야 1:18, 에스겔 3:9, 예레미야 20:11
16:4	예레미야 15:2, 시편 79:2-3, 이사야 5:25, 예레미야 7:33, 예레미야 9:22, 예레미야 36:30, 에스겔 5:12
16:5	에스겔 24:16-17, 신명기 31:17, 이사야 27:11, 이사야 63:10
16:9	이사야 24:7-8, 예레미야 7:34, 요한 계시록 18:23
16:10	예레미야 5:19
16:11	사사기 2:12, 예레미야 8:1-2, 다니엘 9:11, 아모스 2:4
16:12	예레미야 7:26, 느헤미야 9:29, 예레미야 6:28
16:13	역대기하 7:20, 예레미야 15:14, 예레미야 17:4, 신명기 4:27-28, 신명기 28:36
16:14	출애굽기 20:2, 예레미야 23:7-8
16:15	신명기 30:1-3, 예레미야 3:18, 예레미야 24:6, 예레미야 30:3, 예레미야 32:37, 아모스 9:14
16:18	이사야 40:2, 레위기 26:30, 시편 106:38
16:19	예레미야 17:17, 예레미야 10:5, 예레미야 10:14
16:20	시편 115:4, 예레미야 2:11, 고린도 전서 8:4
17:2	사사기 3:7, 역대기하 24:18, 역대기하 33:1, 역대기하 33:3, 이사야 1:29, 에스겔 6:13
17:3	열왕기하 24:11, 열왕기하 24:13, 예레미야 15:13, 레위기 26:30, 에스겔 6:3
17:4	예레미야 애가 5:2, 신명기 28:48, 예레미야 16:13, 이사야 5:25, 예레미야 15:14
17:5	이사야 30:1-2, 열왕기하 16:7
17:7	시편 34:8, 시편 146:5, 이사야 26:3
17:8	시편 1:3, 시편 92:12-13
17:9	창세기 6:5, 창세기 8:21, 잠언 28:26
17:10	사무엘상 16:7, 역대기상 28:9, 잠언 17:3, 잠언 21:2, 로마서 2:6, 갈라디아서 6:7, 요한 계시록 2:23, 요한 계시록 22:12
17:11	잠언 28:20, 이사야 1:23, 야고보서 5:4
17:12	역대기하 2:5, 이사야 6:1
17:13	시편 73:27, 이사야 1:28, 예레미야 2:13, 요한 계시록 22:1
17:14	예레미야 15:20
17:15	이사야 5:19, 베드로 후서 3:4
17:18	예레미야 15:15, 예레미야 20:11, 예레미야 18:23
17:19	예레미야 7:2
17:21	느헤미야 13:19
17:22	출애굽기 20:9-10, 레위기 23:3, 출애굽기 31:13
17:23	이사야 48:4, 에스겔 20:13
17:24	신명기 5:12-14
17:25	시편 132:11, 예레미야 22:4
17:26	예레미야 32:44, 예레미야 33:13, 레위기 1:3, 에스라 3:3, 레위기 2:1-2, 시편 107:22, 시편 116:17, 예레미야 33:10-11
17:27	열왕기하 25:9-10, 예레미야 39:8, 열왕기하 22:16-17, 예레미야 애가 4:11
18:2	예레미야 19:1
18:6	로마서 9:20-21
18:7	예레미야 1:10, 예레미야 12:14, 예레미야 25:9, 예레미야 45:4
18:8	열왕기상 8:33-34, 시편 106:45, 예레미야 7:3, 예레미야 26:3, 에스겔 18:21, 요엘 2:13, 요나 3:5, 요나 3:10
18:11	이사야 1:16, 에스겔 18:23
18:12	예레미야 2:25, 신명기 29:19-20, 예레미야 7:24
18:13	예레미야 2:13
18:15	예레미야 2:19, 예레미야 3:21, 예레미야 10:14-15, 예레미야 6:16
18:16	레위기 26:33, 에스겔 6:14, 열왕기상 9:8, 예레미야 19:8, 예레미야 애가 2:15, 미가 6:16, 신명기 28:37
18:17	신명기 31:17
18:18	예레미야 11:19
18:20	시편 35:7
18:21	예레미야 12:3, 예레미야 애가 5:3, 역대기하 36:17
18:22	시편 38:12
18:23	예레미야 11:19-20, 예레미야 15:15, 시편 35:4
19:1	예레미야 18:2
19:2	여호수아 15:8, 여호수아 15:12, 역대기하 28:1, 역대기하 28:3, 예레미야 7:31
19:4	열왕기하 22:16-17, 이사야 65:11, 역대기하 33:1, 역대기하 33:4, 열왕기하 21:16, 이사야 59:7, 예레미야 2:34, 예레미야 애가 4:13, 마태복음 23:34-35
19:5	역대기하 28:1, 역대기하 28:3, 역대기하 33:1, 역대기하 33:6, 이사야 57:5, 레위기 18:21, 예레미야 7:31, 예레미야 32:35
19:6	예레미야 7:32
19:7	신명기 28:25-26, 시편 79:2, 예레미야 7:33, 예레미야 16:4
19:8	열왕기상 9:8, 예레미야 18:16, 예레미야 애가 2:15
19:9	레위기 26:29, 신명기 28:53, 예레미야 애가 2:20, 예레미야 애가 4:10, 에스겔 5:10
19:11	예레미야 7:32
19:13	시편 79:1, 예레미야 8:1-2, 스바냐 1:4-5, 예레미야 7:18, 예레미야 32:29
19:15	느헤미야 9:17, 느헤미야 9:29, 스가랴 7:12
20:2	역대기하 16:10
20:3	예레미야 6:25
20:4	신명기 28:32, 예레미야 25:9, 예레미야 39:9
20:5	열왕기하 20:17, 열왕기하 24:11, 열왕기하 24:13, 열왕기하 25:13-15, 예레미야 애가 1:10, 역대기하 36:10, 예레미야 15:13
20:6	예레미야 14:14, 예레미야 28:15, 예레미야 29:21
20:7	에스겔 3:14, 미가 3:8, 시편 22:7, 예레미야 15:10, 예레미야 15:15
20:8	역대기하 36:16, 예레미야 6:10
20:9	열왕기상 19:2, 열왕기상 19:4, 요나 1:3, 예레미야 6:11, 아모스 3:8, 사도행전 4:19-20
20:10	시편 31:13, 시편 38:16
20:11	예레미야 1:8, 로마서 8:31, 시편 27:2, 예레미야 15:15, 예레미야 15:20, 예레미야 17:18, 시편 6:10
20:12	예레미야 17:10, 예레미야 11:20, 베드로 전서 2:23, 시편 59:10, 예레미야 17:18
20:14	욥기 3:3, 예레미야 15:10
20:17	욥기 10:18
20:18	욥기 3:20
21:1	열왕기하 24:18, 역대기상 3:15, 역대기하 36:9-10, 예레미야 38:1, 예레미야 29:25, 예레미야 37:3, 예레미야 52:24, 예레미야 52:27
21:2	열왕기하 25:1, 예레미야 32:28, 예레미야 39:1, 사무엘상 7:10, 역대기하 14:11, 이사야 37:36-37
21:4	예레미야 32:5
21:5	이사야 5:25, 이사야 63:10, 예레미야 애가 2:5
21:6	신명기 28:21-22, 에스겔 7:15
21:7	열왕기하 25:6-7, 예레미야 37:17, 예레미야 39:5-7, 예레미야 52:9-11, 에스겔 17:20, 신명기 28:49-50, 역대기하 36:17
21:9	예레미야 27:12-13, 예레미야 38:2, 예레미야 38:17
21:10	예레미야 44:11, 예레미야 38:3, 역대기하 36:17, 역대기하 36:19, 예레미야 17:27, 예레미야 34:2, 예레미야 37:10, 예레미야 39:8
21:12	이사야 1:17, 예레미야 22:3, 에스겔 22:29, 미가 2:2, 신명기 32:22, 이사야 1:31, 예레미야 7:20, 예레미야 7:5-7
21:14	예레미야 5:9, 예레미야 9:9, 역대기하 36:17, 역대기하 36:19, 예레미야 52:12-13
22:3	레위기 19:15, 이사야 1:17, 에스겔 22:7, 미가 2:2, 열왕기하 24:3-4, 예레미야 7:6-7
22:4	열왕기상 2:12, 예레미야 17:24-25
22:5	예레미야 39:8, 미가 3:12
22:6	이사야 6:11, 예레미야 7:34
22:7	에스겔 9:1, 예레미야 21:14
22:8	신명기 29:24-26, 열왕기상 9:8-9, 예레미야 애가 2:15
22:9	열왕기하 22:16-17
22:11	열왕기하 23:29-30, 역대기상 3:15, 역대기하 36:1
22:12	열왕기하 23:34, 역대기하 36:4
22:13	레위기 19:13, 미가 3:9-10
22:15	열왕기하 22:1-2, 열왕기하 23:23, 열왕기하 23:25
22:18	열왕기하 23:34, 역대기하 36:4
22:19	예레미야 36:30, 역대기하 36:5-6
22:20	신명기 32:49, 열왕기하 24:7
22:21	예레미야 2:31, 예레미야 6:16, 신명기 9:7, 사사기 2:11
22:22	예레미야 23:1, 에스겔 34:2
22:23	예레미야 22:6, 이사야 2:12-13, 예레미야 4:31, 예레미야 6:24
22:24	열왕기하 23:34, 열왕기하 24:6, 예레미야 22:28, 예레미야 37:1, 마태복음 1:11
22:25	열왕기하 24:12, 열왕기하 24:15, 역대기하 36:9-10, 예레미야 24:1, 예레미야 29:1-2
22:27	예레미야 52:31-34
22:28	역대기상 3:17-18
22:30	역대기하 36:9-10, 예레미야 36:30, 마태복음 1:12
23:1	예레미야 10:21, 예레미야 50:6, 에스겔 34:2
23:2	에스겔 34:5
23:3	이사야 11:11, 이사야 35:10, 예레미야 29:14, 예레미야 31:8, 예레미야 50:19, 에스겔 34:14, 미가 2:12, 신명기 30:3, 신명기 30:5, 아모스 9:14, 스가랴 10:8
23:4	예레미야 3:15, 요한복음 21:15, 사도행전 20:28
23:5	이사야 11:1, 이사야 53:2, 예레미야 33:15-16, 스가랴 3:8, 마태복음 2:23, 누가복음 1:32-33, 이사야 9:7, 이사야 11:3-4, 이사야 32:1
23:6	스가랴 10:6, 신명기 33:28, 예레미야 32:37, 스가랴 14:11, 이사야 54:17
23:7	예레미야 16:14-15
23:8	이사야 43:5, 에스겔 34:13, 스바냐 3:20
23:10	예레미야 3:8-9, 예레미야 5:7, 예레미야 13:27, 에스겔 22:11, 이사야 24:4, 요엘 1:10, 예레미야 12:4
23:11	이사야 28:7, 예레미야 5:31, 예레미야 6:13, 에스겔 22:25, 스바냐 3:4, 역대기하 33:1, 역대기하 33:5, 역대기하 36:14, 예레미야 7:11, 에스겔 8:10-11, 에스겔 23:39
23:12	예레미야 13:16
23:13	에스겔 16:46
23:14	예레미야 29:21, 예레미야 29:23, 예레미야 23:26, 이사야 3:9, 창세기 18:20, 신명기 32:32, 이사야 1:10, 유다서 1:7
23:15	예레미야 8:14, 예레미야 9:15
23:16	예레미야 27:9, 예레미야 29:8, 예레미야 애가 2:14, 예레미야 14:14, 에스겔 13:3, 에스겔 22:28
23:17	예레미야 4:10, 예레미야 6:13-14, 예레미야 8:11, 에스겔 13:10, 미가 3:11
23:19	예레미야 25:32, 예레미야 30:23-24
23:21	예레미야 14:14, 예레미야 27:15, 예레미야 29:8-9
23:22	예레미야 25:4-5
23:24	창세기 16:7, 창세기 16:13, 잠언 15:3, 아모스 9:2, 히브리서 4:13, 시편 139:7
23:25	신명기 18:20, 예레미야 27:9, 예레미야 29:21, 예레미야 29:23
23:26	예레미야 14:14
23:27	사사기 3:7, 열왕기하 21:1, 열왕기하 21:3
23:29	예레미야 5:14, 히브리서 4:12
23:30	신명기 18:20, 예레미야 14:15, 에스겔 13:2-3
23:31	에스겔 13:7
23:32	스바냐 3:4, 예레미야 7:8, 예레미야 애가 2:14
23:33	예레미야 12:7
23:40	예레미야 24:9, 예레미야 42:18, 예레미야 애가 5:20, 다니엘 9:16
24:1	열왕기하 24:6, 역대기상 3:16, 예레미야 22:24, 열왕기하 24:15-16, 예레미야 29:1-2
24:3	예레미야 24:8
24:6	에스라 1:3, 예레미야 12:15, 예레미야 25:11, 예레미야 29:10, 에스겔 36:24, 예레미야 1:10, 예레미야 30:18, 예레미야 32:41
24:7	신명기 30:6, 예레미야 31:33, 에스겔 11:19, 예레미야 30:22, 예레미야 32:38, 스가랴 8:8, 예레미야 29:13
24:8	열왕기하 25:6-7, 에스겔 12:12-13, 예레미야 44:1, 예레미야 46:13, 예레미야 29:17
24:9	예레미야 15:4, 예레미야 34:17, 예레미야 26:4, 예레미야 26:6, 예레미야 29:22, 신명기 28:64, 예레미야 29:18
24:10	레위기 26:33, 예레미야 9:16, 신명기 28:59, 예레미야 15:2, 에스겔 7:15
25:1	열왕기하 24:1, 예레미야 36:1, 예레미야 46:2, 다니엘 1:1
25:3	예레미야 1:2, 예레미야 7:13, 예레미야 13:10
25:4	예레미야 29:19
25:5	열왕기하 17:13, 이사야 55:7, 예레미야 18:11, 예레미야 35:15, 에스겔 18:30, 에스겔 33:11
25:7	신명기 32:21, 느헤미야 9:26
25:9	레위기 26:25, 이사야 5:26, 예레미야 1:15, 예레미야 27:6, 예레미야 43:10, 신명기 28:49-50, 예레미야 5:15, 에스겔 7:24, 에스겔 26:7, 에스겔 29:19, 하박국 1:6
25:10	이사야 24:7, 에스겔 26:13, 예레미야 7:34
25:11	역대기하 36:20-21, 다니엘 9:2, 스가랴 1:12, 스가랴 7:5
25:12	신명기 30:3, 에스라 1:1-2, 예레미야 29:10, 이사야 47:1, 예레미야 51:1, 다니엘 5:26, 다니엘 5:30, 이사야 13:1, 이사야 13:19, 이사야 14:4, 이사야 14:23
25:14	예레미야 50:9, 예레미야 51:27, 이사야 14:2, 하박국 2:8, 시편 137:8, 예레미야 50:29, 예레미야 51:6, 예레미야 51:24, 요한 계시록 18:6
25:16	예레미야 51:7, 예레미야 애가 4:21, 에스겔 23:32-34, 나훔 3:7, 나훔 3:11
25:17	예레미야 1:10
25:18	이사야 51:17, 예레미야 24:9
25:19	예레미야 46:2
25:20	예레미야 47:1, 예레미야 47:5
25:21	예레미야 49:17, 예레미야 애가 4:21, 예레미야 48:1, 예레미야 49:1
25:22	예레미야 27:2-3, 예레미야 47:4
25:23	예레미야 49:8, 예레미야 9:25-26, 예레미야 49:32
25:24	예레미야 49:31-32
25:25	예레미야 49:34, 예레미야 51:11
25:26	예레미야 51:41
25:27	이사야 63:6, 하박국 2:16
25:29	열왕기상 9:7, 예레미야 7:12, 예레미야 7:14, 다니엘 9:18, 호세아 12:2, 미가 6:2, 예레미야 49:12, 오바댜 1:16
25:31	요엘 3:2
25:32	이사야 34:2-3, 예레미야 25:17, 스바냐 3:8
25:38	호세아 5:14
26:1	열왕기하 23:34, 역대기하 36:4, 예레미야 25:1, 예레미야 35:1, 예레미야 36:1
26:3	이사야 55:7, 예레미야 18:7-8, 예레미야 36:3, 에스겔 18:27
26:5	열왕기하 17:13-14, 예레미야 7:12-14, 예레미야 25:3
26:6	시편 78:60, 예레미야 24:9
26:7	예레미야 26:2
26:10	예레미야 36:10
26:11	예레미야 18:19-20, 예레미야 38:4
26:12	예레미야 1:17
26:13	예레미야 7:3, 예레미야 36:3, 에스겔 18:32, 요나 3:9
26:18	역대기하 29:1, 미가 1:1, 시편 79:1, 예레미야 9:11, 미가 3:12
26:19	역대기하 32:26
26:20	여호수아 15:20, 여호수아 15:60, 여호수아 18:11, 여호수아 18:14, 사무엘상 7:2
26:21	열왕기하 23:34, 역대기하 36:5, 역대기하 16:10
26:22	예레미야 36:11-12
26:23	예레미야 2:30
26:24	열왕기하 22:10, 열왕기하 22:12-13, 예레미야 39:13-14, 예레미야 40:5, 열왕기상 18:4
27:3	에스겔 25:12-13, 오바댜 1:1, 예레미야 48:1, 에스겔 25:8-9, 예레미야 49:1-2, 에스겔 25:2, 이사야 23:1, 예레미야 47:4, 에스겔 26:3, 이사야 23:4, 에스겔 28:21, 요엘 3:4
27:5	다니엘 4:17
27:6	예레미야 25:9, 예레미야 28:14, 예레미야 43:10, 다니엘 2:37-38
27:7	시편 137:8, 예레미야 50:14, 예레미야 50:27, 다니엘 5:26, 다니엘 5:30, 예레미야 25:12, 예레미야 25:14, 예레미야 51:11
27:8	에스겔 26:7-8
27:12	열왕기하 24:17, 역대기상 3:15, 예레미야 37:1, 예레미야 38:2, 예레미야 38:20
27:13	열왕기하 25:7, 열왕기하 25:3, 예레미야 21:9, 에스겔 14:21
27:14	예레미야 28:1-2, 예레미야 28:11, 예레미야 37:19, 예레미야 14:14, 예레미야 23:21, 예레미야 28:15, 예레미야 29:8-9, 에스겔 13:6
27:15	예레미야 20:6, 예레미야 29:21, 에스겔 13:3
27:16	열왕기하 24:11, 열왕기하 24:13, 역대기하 36:7, 예레미야 28:1-3, 다니엘 1:1-2, 예레미야 14:13
27:17	예레미야 27:11, 예레미야 38:17
27:19	열왕기상 7:15, 열왕기하 25:17, 역대기하 4:11-12, 예레미야 52:21, 열왕기상 7:23, 열왕기상 7:27, 열왕기하 25:16, 역대기하 4:11, 역대기하 4:14
27:20	열왕기하 24:14-15, 역대기하 36:10, 예레미야 24:1, 다니엘 1:2-3
27:22	열왕기하 25:13-14, 역대기하 36:18, 예레미야 52:17-18, 다니엘 5:3, 에스라 1:7, 에스라 5:14
28:1	열왕기하 24:17, 역대기하 36:10, 여호수아 11:19, 사무엘하 21:2
28:2	예레미야 27:4, 예레미야 27:8
28:3	열왕기하 24:11, 열왕기하 24:13, 예레미야 27:16, 다니엘 1:2
28:4	열왕기하 23:36, 열왕기하 24:6, 열왕기하 24:8, 열왕기하 25:27, 예레미야 37:1, 열왕기하 24:12, 열왕기하 24:14, 예레미야 24:1
28:10	예레미야 27:2
28:11	예레미야 28:4
28:13	예레미야 27:2
28:14	신명기 28:48, 예레미야 5:19, 예레미야 27:6, 다니엘 2:37-38
28:15	예레미야 28:1, 예레미야 14:14, 예레미야 23:21, 예레미야 27:15, 에스겔 13:3
28:16	신명기 13:5, 신명기 18:20, 예레미야 29:32
29:2	열왕기하 24:8, 예레미야 22:24, 예레미야 22:26, 열왕기하 24:15-16, 예레미야 24:1
29:3	열왕기하 24:18, 열왕기하 22:8, 예레미야 26:24, 예레미야 39:13-14, 에스겔 8:11
29:7	디모데 전서 2:1-2
29:8	예레미야 14:14, 예레미야 27:14
29:9	예레미야 23:21, 예레미야 28:15
29:10	역대기하 36:20-21, 에스라 1:1-3, 다니엘 9:2, 스가랴 1:12, 신명기 30:3, 에스라 2:1, 예레미야 24:6
29:11	스바냐 3:15, 예레미야 31:17
29:12	다니엘 9:3
29:13	레위기 26:40, 신명기 4:29, 신명기 30:1-4, 열왕기상 8:47-48, 예레미야 24:7
29:14	이사야 55:6, 이사야 49:25, 예레미야 30:3, 에스겔 39:28, 시편 126:1, 호세아 6:11, 아모스 9:14, 스바냐 3:20
29:16	예레미야 28:1
29:17	예레미야 24:10, 예레미야 24:2, 예레미야 24:8
29:18	레위기 26:33, 신명기 28:25, 예레미야 34:17, 열왕기상 9:8, 역대기하 29:8, 예레미야 25:9, 예레미야 애가 2:15, 예레미야 24:9
29:19	예레미야 7:13, 예레미야 6:19
29:21	예레미야 14:14, 예레미야 29:8, 예레미야 애가 2:14
29:23	예레미야 23:14, 예레미야 7:9-10, 예레미야 27:15, 예레미야 16:17, 예레미야 23:24
29:24	예레미야 29:31-32
29:25	열왕기하 25:18, 열왕기하 25:21, 예레미야 21:1-2, 예레미야 37:3, 예레미야 52:24, 예레미야 52:27
29:26	예레미야 20:2
29:27	예레미야 1:1, 예레미야 43:2
29:28	예레미야 29:5
29:29	열왕기하 25:18, 열왕기하 25:21
29:31	예레미야 14:14, 예레미야 28:15-16, 에스겔 13:8-9
30:3	신명기 30:3, 에스겔 39:25, 에스라 2:1, 예레미야 29:14, 예레미야 32:44, 에스겔 20:42, 아모스 9:14
30:6	예레미야 4:31, 미가 4:9
30:7	요엘 2:11, 스바냐 1:14
30:9	에스겔 34:23, 에스겔 37:24, 호세아 3:5
30:10	이사야 41:13, 이사야 49:25, 예레미야 3:18, 예레미야 33:16, 에스겔 34:25, 호세아 2:18, 미가 4:4
30:11	예레미야 50:29, 예레미야 51:24, 레위기 26:44, 느헤미야 9:31, 예레미야 애가 3:22, 아모스 9:8, 출애굽기 34:6-7, 예레미야 46:27-28
30:12	역대기하 36:15-16, 이사야 6:10, 예레미야 8:21-22
30:14	예레미야 애가 1:2, 예레미야 애가 1:19, 예레미야 5:6, 예레미야 애가 2:5
30:15	역대기하 36:14
30:16	이사야 41:11, 예레미야 25:12, 예레미야 51:29, 예레미야 51:56, 미가 5:9, 스가랴 2:8-9
30:17	시편 102:13, 예레미야 33:6-7, 예레미야 애가 2:15
30:18	시편 85:1, 예레미야 24:6, 예레미야 29:10, 미가 4:8
30:19	에스라 3:12, 느헤미야 8:17, 이사야 35:10, 신명기 30:5, 이사야 27:6, 스가랴 10:8, 이사야 60:22, 미가 4:7
30:20	이사야 1:26, 이사야 49:26, 예레미야 50:18
30:22	호세아 2:23, 예레미야 31:1, 에스겔 11:20, 에스겔 36:28
30:23	예레미야 25:32
30:24	예레미야 4:28, 예레미야 23:20
31:1	레위기 26:12, 예레미야 30:22, 예레미야 31:33
31:3	신명기 7:8
31:4	예레미야 33:7, 아모스 9:11, 예레미야 30:18-19
31:5	아모스 9:14, 미가 4:4, 신명기 30:9, 이사야 65:21-22
31:6	이사야 2:3, 예레미야 50:4-5
31:7	신명기 32:43, 이사야 44:23, 이사야 1:9, 예레미야 23:3, 요엘 2:32
31:8	이사야 43:6, 예레미야 3:12, 신명기 30:4, 에스겔 20:34, 에스겔 34:12, 이사야 35:6, 이사야 42:16, 에스라 2:1, 에스라 2:64
31:9	예레미야 50:4, 이사야 35:7, 이사야 49:10, 창세기 48:14, 출애굽기 4:22
31:10	이사야 11:11, 이사야 42:10, 이사야 40:11, 에스겔 34:11-13, 미가 2:12
31:11	이사야 44:23, 이사야 48:20, 이사야 49:25
31:12	에스라 3:13, 시편 126:1, 이사야 51:11, 요엘 3:18, 이사야 65:10, 이사야 58:11, 이사야 35:10
31:13	스가랴 8:4, 에스라 3:12, 이사야 51:3, 이사야 65:19
31:14	신명기 30:9, 이사야 63:7
31:15	여호수아 18:21, 여호수아 18:25, 예레미야 40:1, 예레미야 애가 1:16, 마태복음 2:16-18
31:16	에스라 1:5, 예레미야 23:3, 에스겔 11:17, 호세아 1:11
31:17	예레미야 29:11, 예레미야 46:27
31:19	신명기 30:1-3, 에스라 9:6
31:20	예레미야 31:9, 호세아 14:4, 호세아 11:8, 신명기 32:36, 미가 7:18
31:21	이사야 62:10, 이사야 35:8
31:23	이사야 1:26, 스가랴 8:3
31:24	예레미야 33:12, 에스겔 36:10-11
31:25	시편 107:9
31:27	신명기 30:9, 에스겔 36:9, 호세아 2:23
31:28	예레미야 44:27, 예레미야 45:4, 시편 102:16, 시편 147:2, 예레미야 24:6
31:29	에스겔 18:2-4
31:31	마태복음 26:27-28, 누가복음 22:20, 고린도 전서 11:25, 히브리서 8:8-12
31:32	출애굽기 19:5, 에스겔 16:59
31:33	에스겔 11:19, 히브리서 10:16, 예레미야 24:7, 예레미야 30:22
31:34	이사야 54:13, 요한복음 17:3, 이사야 11:9, 하박국 2:14, 예레미야 33:8, 예레미야 50:20, 마태복음 26:27-28, 히브리서 8:10-12, 히브리서 9:15, 히브리서 10:17
31:35	이사야 51:15
31:36	이사야 54:10, 예레미야 33:20-21
31:37	예레미야 30:11
31:38	느헤미야 3:1, 스가랴 14:10, 역대기하 26:9, 느헤미야 12:27, 이사야 44:28, 예레미야 30:18
31:39	스가랴 1:16
31:40	사무엘하 15:23, 열왕기하 23:6, 요한복음 18:1, 느헤미야 3:28, 요엘 3:17
32:1	예레미야 25:1
32:2	느헤미야 3:25, 예레미야 33:1, 예레미야 38:28
32:3	예레미야 37:18, 예레미야 37:21, 예레미야 34:2-3, 예레미야 37:8, 예레미야 37:17
32:4	열왕기하 25:6-7, 예레미야 38:17-18, 예레미야 39:5, 에스겔 12:13
32:5	예레미야 21:4, 에스겔 17:15
32:7	여호수아 21:8, 여호수아 21:18, 예레미야 1:1, 레위기 25:23-24
32:9	창세기 23:16
32:10	예레미야 32:44, 룻기 4:9
32:12	예레미야 33:1, 예레미야 51:59, 예레미야 36:4, 예레미야 36:26
32:15	아모스 9:14, 스가랴 3:10
32:17	이사야 40:26, 요한 계시록 4:11
32:18	출애굽기 34:6-7, 민수기 14:18
32:19	이사야 28:29, 잠언 15:3, 히브리서 4:13, 전도서 12:14, 예레미야 17:10, 로마서 2:6
32:20	출애굽기 7:3, 출애굽기 7:5, 출애굽기 9:15-16, 신명기 4:34, 사무엘하 7:23, 이사야 63:12
32:21	출애굽기 6:1, 출애굽기 6:6, 출애굽기 15:16, 신명기 26:8
32:22	창세기 13:14-15, 창세기 26:3, 출애굽기 3:8
32:23	신명기 28:15, 여호수아 23:16
32:24	신명기 28:52, 열왕기하 25:1, 예레미야 33:4, 에스겔 4:1-2, 레위기 26:31, 레위기 26:33, 예레미야 14:12, 예레미야 15:2
32:28	열왕기하 25:4, 예레미야 20:5
32:29	열왕기하 25:9-10, 역대기하 36:17, 역대기하 36:19, 예레미야 애가 4:11, 예레미야 7:18, 예레미야 19:13, 예레미야 44:25
32:30	신명기 9:7, 열왕기하 17:9
32:31	열왕기상 11:7, 열왕기하 21:1, 열왕기하 21:4, 열왕기하 23:27, 열왕기하 24:3-4
32:32	열왕기상 11:9-10, 열왕기하 23:26, 역대기상 10:13, 에스겔 22:6, 미가 3:5, 미가 3:11
32:33	역대기하 29:6, 예레미야 2:27, 예레미야 25:3, 예레미야 35:15
32:34	열왕기하 21:1, 열왕기하 21:4, 예레미야 23:11, 에스겔 8:5-6
32:35	역대기하 28:1, 역대기하 28:3, 역대기하 33:1, 역대기하 33:6, 예레미야 7:31, 여호수아 15:8, 여호수아 15:12, 레위기 18:21, 신명기 18:10, 신명기 18:12
32:37	신명기 30:3, 예레미야 29:14, 에스겔 37:21, 예레미야 23:3, 예레미야 23:6, 예레미야 33:16, 에스겔 34:25
32:38	예레미야 31:33, 미가 4:5
32:39	에스겔 11:19, 신명기 5:29
32:40	이사야 55:3, 이사야 61:8, 에스겔 39:29, 에스겔 36:26
32:41	이사야 65:19, 스바냐 3:17, 이사야 58:11, 예레미야 24:6, 아모스 9:15
32:42	예레미야 31:28, 스가랴 8:14-15
32:43	에스겔 37:14
32:44	예레미야 31:23, 예레미야 17:26, 예레미야 33:13, 예레미야 32:10, 예레미야 32:25, 시편 126:1
33:1	느헤미야 3:25, 예레미야 32:2, 예레미야 37:21, 예레미야 38:28
33:3	이사야 48:6
33:4	신명기 28:52, 예레미야 32:24
33:6	이사야 30:26, 예레미야 30:17, 이사야 54:13
33:7	신명기 30:3, 예레미야 30:3, 예레미야 24:6
33:8	이사야 40:2, 스가랴 13:1, 시편 85:2, 이사야 43:25, 예레미야 31:34, 미가 7:18
33:9	이사야 62:3, 이사야 62:7, 느헤미야 6:15-16, 미가 7:17
33:11	예레미야 31:12, 스가랴 9:17, 역대기하 5:13, 에스라 3:11, 시편 106:1, 이사야 12:4, 미가 7:18, 레위기 7:12, 시편 107:22
33:12	이사야 65:10, 예레미야 32:43
33:13	예레미야 17:26, 예레미야 32:44
33:14	예레미야 29:10
33:15	이사야 53:2, 스가랴 6:12, 요한 계시록 22:16, 이사야 11:1, 이사야 11:4, 예레미야 23:5, 히브리서 1:9
33:16	이사야 45:17, 에스겔 28:26, 예레미야 23:6
33:17	사무엘하 7:16-17, 열왕기상 2:4, 시편 89:20, 시편 89:29, 이사야 9:7, 누가복음 1:32-33
33:20	창세기 1:16, 이사야 54:10, 예레미야 31:35-37
33:21	사무엘하 7:16-17, 사무엘하 23:5, 시편 89:34-35, 시편 132:11, 이사야 55:3, 이사야 9:6, 누가복음 1:32-33, 신명기 21:5
33:25	창세기 1:16, 시편 104:19, 예레미야 31:35-36
33:26	에스라 2:1, 에스라 2:70, 이사야 14:1, 예레미야 31:20
34:1	열왕기하 25:1, 예레미야 32:2, 예레미야 39:1, 예레미야 52:4
34:2	역대기하 36:11, 예레미야 37:1, 예레미야 21:10, 예레미야 32:28-29, 예레미야 39:8
34:3	예레미야 37:17, 예레미야 39:5, 열왕기하 25:6-7, 에스겔 12:13
34:5	에스겔 17:16
34:7	예레미야 4:5, 미가 1:13, 여호수아 15:20, 여호수아 15:35
34:8	출애굽기 21:2
34:13	출애굽기 13:3, 출애굽기 24:7
34:14	출애굽기 21:2, 레위기 25:10, 레위기 25:39-42, 신명기 15:12
34:16	레위기 19:12
34:17	출애굽기 21:2, 레위기 25:10, 열왕기하 25:3, 예레미야 21:7, 예레미야 15:2, 예레미야 15:4, 예레미야 29:18
34:18	창세기 15:10, 창세기 15:17
34:20	신명기 28:26, 시편 79:2, 예레미야 16:4
34:21	예레미야 37:5, 열왕기하 25:6-7, 예레미야 애가 4:20
34:22	열왕기하 25:9-10, 예레미야 32:29, 예레미야 39:8, 레위기 26:33, 예레미야 44:2
35:1	열왕기하 23:34, 역대기하 36:5, 다니엘 1:1
35:2	열왕기하 10:15, 역대기상 2:55
35:6	열왕기하 10:15
35:11	역대기하 36:5-6, 다니엘 1:1
35:13	예레미야 32:33
35:14	예레미야 35:8, 역대기하 36:15-16, 느헤미야 9:26, 느헤미야 9:30, 예레미야 25:3
35:15	예레미야 7:24-25, 이사야 1:16, 예레미야 25:5, 에스겔 18:30, 호세아 14:1, 예레미야 7:5-7
35:16	예레미야 35:8
35:17	신명기 28:15, 신명기 29:26-27, 여호수아 23:15-16, 열왕기하 23:27, 이사야 65:12, 이사야 66:4, 예레미야 7:13-14
36:1	열왕기하 23:36, 예레미야 25:1
36:2	예레미야 4:16, 예레미야 32:30, 예레미야 1:5, 예레미야 25:9, 예레미야 1:1-2, 예레미야 25:3
36:3	이사야 55:7, 에스겔 33:11, 미가 7:18
36:4	예레미야 32:12, 예레미야 45:2-5, 예레미야 45:1
36:8	예레미야 7:1-2
36:9	열왕기하 23:36, 역대기하 20:2-3, 에스더 4:15-16
36:10	예레미야 26:10, 열왕기하 22:8, 역대기하 34:20-21, 예레미야 26:24, 예레미야 39:13-14, 에스겔 8:11, 예레미야 36:25
36:12	예레미야 36:20, 열왕기하 22:14, 예레미야 26:22, 예레미야 36:25
36:19	예레미야 36:26
36:21	예레미야 36:14
36:25	열왕기하 24:8, 예레미야 36:12, 예레미야 36:10
36:26	예레미야 1:19
36:27	예레미야 36:2
36:28	예레미야 36:23
36:29	예레미야 25:8-9
36:30	열왕기하 24:6, 열왕기하 24:8, 열왕기하 24:15, 역대기하 36:9-10, 예레미야 22:24, 예레미야 22:30, 예레미야 22:18-19
36:31	역대기하 36:15-16, 신명기 28:15, 예레미야 19:15
36:32	예레미야 36:2, 예레미야 36:4, 예레미야 36:23
37:1	열왕기하 24:17-19, 역대기상 3:15, 열왕기하 24:12, 예레미야 22:24, 역대기하 36:10-12
37:3	예레미야 38:1, 예레미야 38:4, 열왕기하 25:18, 열왕기하 25:21, 예레미야 21:1-2, 예레미야 29:25
37:4	예레미야 37:15
37:5	에스겔 17:15, 예레미야 34:21
37:7	예레미야 17:5, 예레미야 애가 4:17, 에스겔 17:17
37:8	예레미야 32:29, 예레미야 34:22, 예레미야 39:8
37:10	예레미야 21:4
37:11	예레미야 34:21
37:12	예레미야 1:1
37:15	예레미야 26:11, 예레미야 38:4, 예레미야 20:2, 히브리서 11:32, 히브리서 11:36
37:17	예레미야 38:14, 예레미야 21:7, 예레미야 24:8, 예레미야 34:21, 에스겔 12:12-13
37:19	예레미야 14:13, 예레미야 23:16-17, 예레미야 27:14, 예레미야 28:1-2, 예레미야 애가 2:14
37:20	예레미야 37:15, 예레미야 26:15, 예레미야 38:8-9
37:21	느헤미야 3:25, 예레미야 32:2, 예레미야 33:1, 예레미야 38:13, 예레미야 38:28, 열왕기하 25:3, 예레미야 38:9, 열왕기상 17:6
38:1	예레미야 37:3, 예레미야 21:1-2
38:2	예레미야 27:13, 예레미야 29:18, 에스겔 7:15, 예레미야 21:8-10
38:3	열왕기하 25:1-2, 역대기하 36:17
38:4	예레미야 26:11
38:6	예레미야 33:1, 예레미야 37:21, 예레미야 38:28
38:7	예레미야 39:16, 예레미야 37:13
38:9	예레미야 52:6
38:11	열왕기하 20:13
38:13	예레미야 37:21
38:17	예레미야 21:9, 예레미야 27:12
38:18	열왕기하 25:8-9, 열왕기하 25:6, 예레미야 39:5
38:22	예레미야 39:3, 예레미야 애가 1:2
38:23	열왕기하 25:7, 예레미야 52:8, 예레미야 52:13
38:25	예레미야 38:4
38:26	예레미야 37:15
38:28	예레미야 15:20, 예레미야 32:2, 예레미야 33:1, 예레미야 37:21, 예레미야 39:13-14, 열왕기하 25:8-9, 역대기하 36:17
39:1	열왕기하 25:1-2, 예레미야 52:4-5, 에스겔 24:1-2
39:2	열왕기하 25:3-4, 예레미야 52:6-7, 에스겔 33:21
39:3	예레미야 1:15
39:4	신명기 28:25, 열왕기하 25:4-7, 예레미야 52:7-11
39:5	예레미야 32:4, 예레미야 38:18, 열왕기하 17:24, 열왕기하 23:31, 열왕기하 23:33
39:6	예레미야 21:7, 예레미야 34:18-20
39:7	에스겔 12:13
39:8	이사야 5:9, 예레미야 38:18, 열왕기하 25:9-11, 역대기하 36:17, 역대기하 36:19, 느헤미야 1:3, 예레미야 52:13-15
39:9	열왕기하 25:20, 예레미야 40:1, 예레미야 52:12
39:10	열왕기하 25:12, 예레미야 52:16
39:12	예레미야 40:2, 예레미야 40:4
39:14	예레미야 38:28, 열왕기하 22:8, 역대기하 34:20-21, 예레미야 26:24, 열왕기하 25:22, 예레미야 40:5, 예레미야 41:2
39:15	예레미야 32:2, 예레미야 37:21
39:16	예레미야 38:7
39:18	시편 37:39-40, 예레미야 17:7, 예레미야 45:2, 예레미야 45:5
40:1	예레미야 39:9, 예레미야 52:12-13, 여호수아 18:21, 여호수아 18:25
40:3	예레미야 50:7
40:4	예레미야 39:11-12
40:5	열왕기하 22:8, 열왕기하 22:12-13, 예레미야 26:24, 열왕기하 25:22, 예레미야 39:13-14, 예레미야 41:2
40:6	사사기 20:1, 열왕기상 15:22
40:7	열왕기하 25:22, 예레미야 39:10
40:8	열왕기하 25:23, 열왕기하 25:25, 예레미야 41:11, 예레미야 41:16, 예레미야 43:2, 예레미야 42:1-2
40:9	열왕기하 25:24, 예레미야 27:11
40:10	예레미야 39:10
40:14	예레미야 41:10, 예레미야 41:2
40:16	열왕기하 25:22
41:1	열왕기하 25:23, 예레미야 40:14, 열왕기하 25:25
41:5	열왕기상 12:1, 여호수아 18:1, 열왕기상 16:23-24, 레위기 19:27-28, 신명기 14:1, 레위기 2:1
41:9	열왕기상 15:22, 역대기하 16:6
41:10	예레미야 40:12, 예레미야 40:7, 예레미야 40:14
41:11	예레미야 40:13, 예레미야 43:2
41:14	예레미야 40:6
41:16	예레미야 41:2
41:17	열왕기하 25:26, 예레미야 42:14, 예레미야 43:7, 창세기 35:19
41:18	예레미야 41:2
42:1	예레미야 40:13-14
42:2	신명기 28:62
42:8	예레미야 41:16
42:10	신명기 32:36, 예레미야 18:7-8, 미가 7:18
42:11	예레미야 41:17-18
42:12	출애굽기 34:6
42:14	예레미야 43:4, 예레미야 43:7
42:16	신명기 28:45, 예레미야 44:12-14, 예레미야 44:27-28
42:18	열왕기하 25:8-10, 역대기하 34:24-25, 역대기하 36:16-17, 예레미야 애가 2:4, 예레미야 29:18
42:20	예레미야 42:1-2
42:21	역대기하 24:19, 느헤미야 9:26, 스가랴 7:11
42:22	예레미야 43:10-11
43:2	예레미야 41:16, 예레미야 42:1-3
43:3	예레미야 36:4, 예레미야 45:1, 예레미야 38:4, 예레미야 38:6
43:5	예레미야 40:11-12
43:6	예레미야 39:10, 열왕기하 22:8, 역대기하 34:20-21, 예레미야 26:24, 열왕기하 25:22
43:7	예레미야 2:14, 예레미야 2:16, 예레미야 44:1, 에스겔 30:4, 에스겔 30:18
43:10	예레미야 25:9, 예레미야 27:6, 에스겔 29:19-20, 다니엘 2:21, 다니엘 5:18
43:11	예레미야 25:17, 예레미야 25:19, 예레미야 46:13, 에스겔 29:19, 에스겔 30:4, 에스겔 30:18, 예레미야 44:13, 에스겔 5:12
43:12	예레미야 46:25
44:1	예레미야 43:4, 예레미야 43:7, 에스겔 29:10, 에스겔 30:6, 에스겔 30:18, 예레미야 46:14, 에스겔 30:16, 에스겔 29:14, 에스겔 30:14
44:2	열왕기하 25:9-10, 예레미야 39:8, 예레미야 애가 1:1
44:3	신명기 13:6-9, 신명기 32:17, 예레미야 19:4, 예레미야 11:17
44:4	역대기하 36:15-16, 이사야 65:2, 예레미야 7:24-26, 예레미야 35:15
44:5	예레미야 19:13
44:6	이사야 6:11, 예레미야 39:8
44:8	열왕기상 9:7, 예레미야 24:9, 예레미야 42:18
44:9	열왕기하 21:19-20, 열왕기하 24:8-9, 열왕기상 11:1-3, 예레미야 44:19
44:10	예레미야 36:22-24, 신명기 6:1-2
44:12	에스겔 30:13, 예레미야 42:17-18
44:13	예레미야 21:9, 예레미야 42:22, 예레미야 43:11
44:15	예레미야 43:4, 예레미야 43:7, 예레미야 44:1
44:17	예레미야 7:18
44:21	예레미야 11:13, 에스겔 16:24-25
44:22	열왕기상 9:8-9, 예레미야 애가 2:15, 에스겔 33:29
44:23	역대기하 36:15-16, 다니엘 9:11
44:25	예레미야 7:18, 예레미야 44:15, 예레미야 44:17
44:26	이사야 48:1-2, 예레미야 5:2, 에스겔 20:39
44:27	예레미야 1:10, 예레미야 44:12
44:28	레위기 26:44, 이사야 27:13, 예레미야 44:14
44:30	열왕기하 25:7, 예레미야 34:21, 예레미야 39:5
45:1	예레미야 25:1, 예레미야 36:1, 예레미야 32:12, 예레미야 43:3, 예레미야 36:4, 예레미야 36:32
45:4	이사야 5:5, 예레미야 1:1, 예레미야 1:10
45:5	이사야 66:16, 예레미야 25:17, 예레미야 25:26, 스바냐 3:8, 예레미야 21:9, 예레미야 39:18, 예레미야 43:6
46:1	예레미야 1:10
46:2	예레미야 25:15, 예레미야 25:19, 에스겔 29:2, 에스겔 32:2, 열왕기하 23:36, 예레미야 25:1, 예레미야 36:1, 역대기하 35:20
46:6	열왕기하 24:7
46:8	에스겔 29:3, 에스겔 32:2
46:9	에스겔 27:2, 에스겔 27:10, 이사야 66:19, 창세기 10:6, 창세기 10:13, 에스겔 30:4-5
46:10	열왕기하 24:7
46:11	창세기 37:25, 예레미야 8:22, 에스겔 30:21
46:12	에스겔 32:9
46:13	예레미야 43:10, 에스겔 29:19, 에스겔 30:10
46:14	예레미야 44:1, 에스겔 29:10, 에스겔 30:6, 예레미야 43:4, 예레미야 43:7, 에스겔 30:18
46:17	에스겔 29:3
46:18	여호수아 19:17, 여호수아 19:22, 사사기 4:6, 시편 89:12, 열왕기상 18:42
46:19	에스겔 32:15
46:21	예레미야 46:5, 예레미야 46:15
46:24	에스겔 30:10
46:25	에스겔 30:14, 나훔 3:8, 출애굽기 12:12, 이사야 19:1, 예레미야 43:12-13, 예레미야 17:5, 예레미야 42:14
46:26	예레미야 43:10-11, 에스겔 32:11, 에스겔 29:13-14
46:27	이사야 41:13, 이사야 43:1-2, 이사야 44:2, 이사야 11:11, 예레미야 50:19, 에스겔 39:27, 아모스 9:14, 스바냐 3:20, 예레미야 23:3, 예레미야 23:6, 예레미야 30:10-11
46:28	예레미야 25:9, 예레미야 5:10, 아모스 9:8, 예레미야 10:24
47:1	예레미야 25:17, 예레미야 25:20, 에스겔 25:15-16, 아모스 1:6, 스바냐 2:4, 스가랴 9:5-6
47:4	예레미야 25:17, 예레미야 25:20, 아모스 1:8, 스바냐 2:5, 에스겔 26:2, 아모스 1:9-10, 이사야 23:1, 이사야 23:4, 예레미야 25:17, 예레미야 25:22, 예레미야 27:2-3, 에스겔 28:21, 요엘 3:4, 창세기 10:13-14, 신명기 2:23
47:5	스바냐 2:4, 신명기 14:1, 예레미야 16:6
47:6	신명기 32:41
47:7	에스겔 25:16
48:1	창세기 19:36-37, 이사야 15:1, 민수기 32:37-38, 여호수아 13:15, 여호수아 13:19, 에스겔 25:9, 이사야 15:2
48:2	민수기 32:37, 이사야 16:8
48:3	이사야 15:5, 예레미야 48:34
48:5	이사야 15:5
48:7	민수기 21:29, 열왕기상 11:7
48:8	에스겔 25:9
48:9	스바냐 2:9
48:13	열왕기상 12:28-29, 호세아 10:15, 아모스 5:5
48:14	이사야 16:6
48:15	예레미야 48:8, 이사야 34:2, 시편 24:8
48:16	에스겔 25:11
48:18	민수기 21:30, 여호수아 13:15, 여호수아 13:17, 이사야 15:2, 예레미야 48:8
48:19	민수기 32:34, 신명기 2:36
48:20	민수기 21:13, 여호수아 13:8-9
48:21	스바냐 2:9, 민수기 21:23, 이사야 15:4, 여호수아 13:15, 여호수아 13:18
48:22	민수기 32:34, 민수기 32:3-4
48:23	민수기 32:37, 예레미야 48:1, 민수기 32:37-38, 여호수아 13:15, 여호수아 13:17, 에스겔 25:9
48:24	아모스 2:2
48:26	예레미야 25:15-16, 예레미야 48:42
48:27	예레미야 애가 2:15, 스바냐 2:8
48:29	이사야 16:6, 이사야 25:10-11, 스바냐 2:9-10
48:31	열왕기하 3:24-25, 이사야 16:7
48:32	민수기 32:37-38, 여호수아 13:15, 여호수아 13:19, 민수기 21:32, 민수기 32:34-35, 여호수아 21:8, 여호수아 21:39, 이사야 16:8-9, 예레미야 48:8
48:33	예레미야 25:10, 이사야 16:10
48:34	민수기 21:25, 여호수아 13:15, 여호수아 13:17, 민수기 32:37, 이사야 16:9, 민수기 21:23, 예레미야 48:2-3, 이사야 15:4-6
48:36	이사야 16:11
48:37	예레미야 16:6, 레위기 19:28, 창세기 37:34, 이사야 15:2-3
48:40	예레미야 애가 4:19, 하박국 1:8, 예레미야 49:22
48:42	예레미야 30:11, 예레미야 48:29
48:45	민수기 21:26, 민수기 21:28, 민수기 24:17, 아모스 2:2
48:46	민수기 21:29, 열왕기상 11:7, 예레미야 48:7
48:47	에스겔 25:11
49:1	창세기 19:36, 창세기 19:38, 신명기 2:19, 역대기하 20:1, 열왕기상 11:5, 스바냐 1:4-5, 아모스 1:13
49:2	신명기 3:11, 여호수아 13:24-25, 에스겔 25:5, 아모스 1:14, 에스겔 21:19-20, 이사야 14:2, 예레미야 50:19, 스바냐 2:9
49:3	아모스 1:13, 아모스 1:15
49:7	창세기 36:10-11, 에스겔 25:13, 아모스 1:12, 오바댜 1:8
49:8	이사야 21:13, 예레미야 25:17, 예레미야 25:23
49:9	오바댜 1:5
49:10	오바댜 1:6, 오바댜 1:9, 말라기 1:3-4
49:12	예레미야 25:27-28, 예레미야 애가 4:21, 오바댜 1:16
49:13	이사야 34:6, 이사야 63:1, 예레미야 49:22, 아모스 1:12, 오바댜 1:18, 말라기 1:3
49:14	오바댜 1:1
49:15	오바댜 1:2-4
49:17	예레미야 49:13
49:18	창세기 19:24-25, 이사야 34:6, 이사야 34:10
49:19	예레미야 4:7, 시편 76:7, 예레미야 50:44-46, 나훔 1:6
49:20	오바댜 1:9, 말라기 1:4
49:21	열왕기상 9:26
49:22	예레미야 4:13, 예레미야 48:40, 예레미야 49:13
49:23	이사야 17:1, 아모스 1:3, 민수기 13:21, 열왕기하 17:24, 스가랴 9:1-2
49:27	아모스 1:4
49:28	창세기 25:13, 이사야 42:11, 이사야 60:7, 에스겔 27:21
49:32	예레미야 9:25-26, 예레미야 25:17, 예레미야 25:23
49:34	열왕기하 24:18, 창세기 10:22, 이사야 21:2, 예레미야 25:17, 예레미야 25:25, 에스겔 32:24, 다니엘 8:2, 사도행전 2:8-9
49:35	이사야 22:6
49:38	예레미야 25:17, 예레미야 25:25
50:1	이사야 13:1
50:2	예레미야 51:8, 요한 계시록 14:8, 이사야 46:1, 예레미야 51:44
50:3	이사야 13:17, 예레미야 51:11, 예레미야 51:48
50:4	이사야 11:12, 예레미야 3:18, 호세아 1:11, 예레미야 31:8-9, 호세아 3:5
50:5	이사야 35:10, 예레미야 31:31
50:6	이사야 53:6, 예레미야 10:21, 예레미야 23:2, 에스겔 34:2, 에스겔 34:6
50:7	시편 79:6-7
50:8	이사야 48:20, 예레미야 51:6, 예레미야 51:45, 스가랴 2:7, 고린도 후서 6:17, 요한 계시록 18:2, 요한 계시록 18:4
50:9	이사야 21:2, 예레미야 51:11, 예레미야 51:27-28, 예레미야 51:48, 다니엘 5:28, 다니엘 5:30, 이사야 13:17-18
50:10	예레미야 25:12, 예레미야 27:6-7, 요한 계시록 17:16
50:11	이사야 14:4-6, 이사야 47:6, 예레미야 30:16, 예레미야 애가 1:21
50:12	이사야 47:8, 이사야 13:20-21
50:13	스가랴 1:15, 예레미야 25:12, 예레미야 51:37
50:14	이사야 13:18, 예레미야 51:11, 예레미야 51:35-36
50:15	예레미야 51:58, 예레미야 51:6, 예레미야 51:11, 시편 137:8, 요한 계시록 18:6
50:16	예레미야 51:23, 이사야 13:14, 예레미야 51:9
50:17	예레미야 23:1, 예레미야 50:6, 에스겔 34:5, 예레미야 2:15, 열왕기하 17:6, 이사야 8:7, 열왕기하 25:1, 역대기하 36:17, 예레미야 4:7
50:18	열왕기하 19:35, 이사야 14:25, 스바냐 2:13
50:19	이사야 11:16, 이사야 65:10, 예레미야 23:3, 예레미야 33:7, 에스겔 34:14, 미가 2:12, 미가 7:14, 예레미야 31:6, 오바댜 1:19
50:20	이사야 44:22, 예레미야 31:34, 미가 7:19
50:21	에스겔 23:22-23
50:23	이사야 14:5-6, 예레미야 51:20, 예레미야 51:41, 요한 계시록 18:15-16
50:24	예레미야 51:31, 다니엘 5:30, 요한 계시록 18:8
50:25	이사야 13:5, 예레미야 51:11
50:26	예레미야 51:27, 예레미야 50:10, 이사야 14:22-23
50:27	이사야 34:6-7, 에스겔 39:18
50:28	시편 94:1, 예레미야 51:11
50:29	예레미야 50:14, 시편 137:8, 예레미야 51:56, 예레미야 애가 3:64, 요한 계시록 18:6, 이사야 14:13
50:30	이사야 13:17-18
50:31	이사야 14:13, 다니엘 4:30, 예레미야 51:25
50:32	예레미야 51:26
50:33	이사야 47:6, 이사야 14:17
50:34	이사야 41:14, 요한 계시록 18:8, 이사야 47:4, 예레미야 애가 3:59, 이사야 14:3-4, 예레미야 51:24
50:35	이사야 47:13, 예레미야 51:57, 다니엘 5:7
50:36	예레미야 51:30
50:37	이사야 13:8, 이사야 45:3
50:38	이사야 44:27, 예레미야 51:36-37, 요한 계시록 16:12, 이사야 46:1, 예레미야 51:44, 예레미야 51:52, 다니엘 5:1, 다니엘 5:4
50:39	이사야 13:20-21, 예레미야 51:37, 요한 계시록 18:2, 예레미야 25:12, 예레미야 51:43, 예레미야 51:64
50:40	이사야 13:19, 창세기 19:24-25, 유다서 1:7, 예레미야 51:26
50:41	이사야 45:1, 예레미야 51:11, 예레미야 51:27-28, 이사야 13:5, 이사야 13:17
50:42	예레미야 50:9, 시편 137:8, 이사야 13:17-18, 예레미야 51:42, 예레미야 51:27
50:43	예레미야 51:31, 다니엘 5:6
50:44	이사야 41:25, 예레미야 49:19-21
50:45	예레미야 51:11, 이사야 13:1, 이사야 13:20, 예레미야 51:43
50:46	요한 계시록 18:9
51:1	예레미야 50:9
51:2	예레미야 50:14, 예레미야 50:29
51:3	이사야 13:17-18, 예레미야 50:30
51:4	이사야 13:15
51:5	시편 94:14, 이사야 44:21, 예레미야 46:28, 스가랴 2:12
51:6	예레미야 50:8, 스가랴 2:7, 요한 계시록 18:4, 예레미야 25:12, 예레미야 25:14, 예레미야 50:15
51:7	요한 계시록 17:1-2, 요한 계시록 18:3, 예레미야 25:15-16
51:8	이사야 21:9, 이사야 47:9, 요한 계시록 14:8, 요한 계시록 18:2, 요한 계시록 18:9
51:9	이사야 13:14, 요한 계시록 18:4-5
51:10	미가 7:9, 예레미야 50:28
51:11	예레미야 50:14, 이사야 13:17, 이사야 45:1
51:12	이사야 13:2, 요한 계시록 17:17
51:13	요한 계시록 17:1, 요한 계시록 17:15, 이사야 45:3, 예레미야 50:37, 하박국 2:9, 요한 계시록 18:11-12, 요한 계시록 18:19
51:14	예레미야 50:15
51:15	시편 93:1, 시편 104:24, 시편 136:5, 잠언 3:19, 이사야 40:22, 예레미야 10:12-16
51:16	시편 135:7
51:17	이사야 44:11, 하박국 2:19
51:18	이사야 41:29, 예레미야 14:22
51:19	신명기 32:9, 이사야 47:4
51:24	시편 137:8
51:25	예레미야 50:31, 예레미야 25:9
51:26	예레미야 50:13, 예레미야 50:40, 요한 계시록 18:21
51:27	이사야 13:2, 예레미야 51:12, 창세기 8:4, 창세기 10:2-3, 예레미야 50:41
51:28	이사야 13:17, 다니엘 5:30-31
51:29	이사야 13:13, 이사야 13:19, 예레미야 50:13, 예레미야 50:39-40
51:30	이사야 13:7, 예레미야 50:37, 시편 107:16, 이사야 45:2
51:31	이사야 47:11, 예레미야 50:24, 예레미야 50:43
51:32	이사야 44:27, 예레미야 50:38, 요한 계시록 16:12
51:34	역대기하 36:17-18, 예레미야 50:17, 예레미야 51:44
51:35	시편 137:8, 예레미야 50:29
51:36	예레미야 50:34, 신명기 32:35, 이사야 44:27, 예레미야 50:38
51:37	예레미야 25:12, 예레미야 50:15, 이사야 13:19, 이사야 13:22, 예레미야 50:13, 예레미야 50:39
51:39	다니엘 5:1, 다니엘 5:4, 예레미야 25:17, 예레미야 25:27, 예레미야 51:57
51:41	예레미야 25:17, 예레미야 25:26, 이사야 13:19, 예레미야 49:25, 다니엘 4:30
51:43	이사야 13:1, 이사야 13:20, 예레미야 50:39
51:44	이사야 46:1, 예레미야 50:2, 역대기하 36:7, 에스라 1:7, 예레미야 51:34, 다니엘 1:1-2, 예레미야 51:58
51:45	이사야 48:20, 요한 계시록 18:4, 이사야 13:13, 예레미야 51:6, 스가랴 2:7
51:47	이사야 13:15, 다니엘 5:30
51:48	이사야 44:23, 이사야 48:20, 이사야 49:13, 요한 계시록 18:20, 예레미야 50:3, 예레미야 50:41
51:49	예레미야 50:17, 예레미야 51:24
51:50	예레미야 50:8, 요한 계시록 18:4, 에스라 1:3, 시편 137:5
51:51	시편 79:1, 예레미야 애가 1:10
51:52	이사야 13:15
51:53	이사야 14:13, 다니엘 4:30, 예레미야 50:10
51:54	이사야 13:6, 예레미야 50:22-23
51:56	이사야 21:2, 예레미야 50:36, 신명기 32:35, 시편 94:1, 이사야 34:8, 예레미야 50:29, 요한 계시록 18:5, 시편 137:8
51:57	예레미야 25:27, 예레미야 51:39
51:58	예레미야 50:15, 예레미야 51:44, 하박국 2:13
51:59	예레미야 32:12, 예레미야 36:4, 예레미야 45:1
51:62	이사야 13:1, 이사야 13:20, 이사야 14:23, 예레미야 50:3, 예레미야 50:39, 예레미야 51:29, 예레미야 51:37
51:64	요한 계시록 18:21, 예레미야 51:58
52:1	열왕기하 24:17-20, 역대기하 36:11-12, 열왕기하 23:31
52:2	열왕기하 24:1, 역대기하 36:5
52:3	레위기 26:33, 신명기 31:16-17, 역대기하 36:11, 역대기하 36:13, 에스겔 17:15
52:4	신명기 28:52, 열왕기하 25:1-2, 이사야 29:3, 예레미야 39:1, 에스겔 4:1-2, 에스겔 21:21-22
52:6	예레미야 39:2, 신명기 28:53-57, 열왕기하 25:3-7, 이사야 3:1, 에스겔 4:16
52:7	예레미야 39:4-7
52:8	예레미야 24:8, 예레미야 34:21, 예레미야 37:17, 예레미야 38:18
52:11	에스겔 12:13
52:12	열왕기하 25:8-10
52:13	열왕기상 9:8, 역대기하 36:17, 역대기하 36:19, 시편 74:8, 시편 79:1, 예레미야 26:18, 예레미야 애가 2:7, 에스겔 24:21
52:14	예레미야 39:8
52:15	열왕기하 25:11-12, 예레미야 39:9-10
52:16	열왕기하 25:22
52:17	열왕기상 7:15, 열왕기상 7:21, 열왕기상 7:27, 열왕기상 7:23, 역대기하 4:11-15, 열왕기하 25:13-16, 예레미야 27:19, 예레미야 27:22
52:18	열왕기상 7:45, 역대기하 4:19, 역대기하 4:22
52:19	열왕기상 7:50, 열왕기상 7:48-49, 역대기하 24:14, 역대기하 36:18
52:20	열왕기상 7:23, 열왕기상 7:25
52:21	열왕기상 7:15-20
52:22	역대기하 3:15
52:23	역대기하 3:16, 역대기하 4:13
52:24	역대기상 6:14, 에스라 7:1, 예레미야 21:1-2, 예레미야 29:25, 열왕기하 25:18-21
52:27	열왕기하 25:6, 예레미야 52:10, 레위기 18:25, 레위기 26:33, 신명기 28:36, 이사야 24:3, 예레미야 25:9
52:28	열왕기하 24:12, 열왕기하 24:14
52:29	예레미야 32:1
52:30	예레미야 6:9
52:31	열왕기하 24:8, 예레미야 24:1, 예레미야 37:1, 마태복음 1:11, 열왕기하 25:27-30
