1:1	창세기 22:18, 역대기상 17:11, 마태복음 9:27, 누가복음 1:32-33
1:2	창세기 11:26, 창세기 21:3, 창세기 25:26, 역대기상 1:34, 창세기 29:35, 창세기 35:23-26
1:3	창세기 38:6, 역대기상 2:4, 창세기 38:29-30, 창세기 46:12, 룻기 4:18-22, 역대기상 2:9
1:4	민수기 1:4, 민수기 1:7, 민수기 2:3, 역대기상 2:10-11
1:5	여호수아 2:1, 룻기 2:1, 룻기 1:3-4, 룻기 4:13, 룻기 4:17, 사무엘상 16:1, 역대기상 2:12
1:6	사무엘하 5:4, 사무엘상 16:11-13, 역대기상 2:13, 역대기상 2:15, 사무엘하 23:8, 사무엘하 23:39, 사무엘하 12:24, 역대기상 3:5
1:7	열왕기상 11:43, 열왕기상 14:31, 역대기상 3:10-19, 역대기하 14:1
1:8	열왕기상 15:24, 역대기하 21:1, 역대기하 26:1, 역대기하 26:3
1:9	열왕기하 15:32, 열왕기하 15:38, 열왕기하 18:1
1:10	열왕기하 20:21, 열왕기하 21:18-19, 역대기하 33:20, 열왕기하 21:24
1:11	열왕기하 24:12, 열왕기하 24:15, 역대기하 36:9-10, 예레미야 29:1, 열왕기하 23:34, 열왕기하 24:6, 열왕기하 24:8, 역대기상 3:15-16
1:12	에스라 3:2, 느헤미야 12:1
1:16	마태복음 13:55, 마가복음 6:3, 누가복음 3:23-38
1:17	열왕기하 24:12, 열왕기하 24:15, 역대기하 36:9-10
1:18	누가복음 1:26-27, 누가복음 1:35
1:19	신명기 24:1
1:20	누가복음 1:35
1:21	마태복음 1:25, 누가복음 1:31, 누가복음 2:30, 요한복음 1:29, 사도행전 4:12, 사도행전 5:31, 에베소서 1:7, 히브리서 7:25, 베드로 전서 2:24
1:23	이사야 7:14, 이사야 8:8, 이사야 8:10
1:25	누가복음 2:7, 누가복음 2:21
2:1	누가복음 1:5, 미가 5:2, 누가복음 2:4
2:2	사무엘상 16:1, 사무엘상 16:13, 마태복음 27:37
2:5	요한복음 7:42
2:6	사무엘하 5:2, 미가 5:2
2:9	마태복음 2:2
2:12	마태복음 2:22
2:13	마태복음 1:20, 마태복음 2:19
2:15	호세아 11:1
2:16	마태복음 2:7
2:17	예레미야 1:1
2:18	창세기 29:10, 창세기 35:19, 예레미야 31:15
2:19	마태복음 1:20
2:22	마태복음 2:12, 마가복음 1:9, 누가복음 2:39
2:23	요한복음 1:45, 이사야 11:1, 이사야 53:2, 예레미야 23:5, 스가랴 3:8
3:1	요한복음 1:6, 마가복음 1:3-4, 누가복음 3:3-6
3:2	마태복음 4:17
3:3	이사야 1:1, 마가복음 1:2, 요한복음 1:23, 이사야 40:3
3:4	열왕기하 1:8, 레위기 11:21-22, 마가복음 1:6
3:5	마가복음 1:5
3:6	마가복음 1:9
3:7	마태복음 9:14, 마태복음 23:2, 누가복음 7:30, 누가복음 11:42, 마가복음 12:18, 사도행전 5:17, 마태복음 12:34, 마태복음 23:33, 누가복음 3:7-9, 누가복음 21:23
3:9	요한복음 8:33, 요한복음 8:39
3:10	마태복음 7:19, 누가복음 13:6-9, 요한복음 15:6
3:11	사도행전 19:4, 마태복음 11:2-3, 요한복음 1:15, 요한복음 1:27, 마가복음 1:7-8, 요한복음 1:33, 사도행전 1:4-5, 사도행전 2:1, 사도행전 2:4, 고린도 전서 12:13, 누가복음 3:16-17
3:12	말라기 4:1
3:13	마가복음 1:9
3:16	누가복음 3:21, 이사야 11:2, 마가복음 1:10-11, 누가복음 4:18, 요한복음 1:32
3:17	요한복음 12:28, 시편 2:7, 누가복음 9:35, 이사야 42:1, 마태복음 12:18, 마태복음 17:5, 누가복음 3:22, 베드로 후서 1:17-18
4:1	마가복음 1:12-13, 누가복음 4:1-4, 요한복음 8:44, 히브리서 2:14, 히브리서 4:15, 유다서 1:9
4:3	데살로니가 전서 3:5
4:4	신명기 8:3, 이사야 55:1-2, 누가복음 4:4, 요한복음 4:34
4:5	느헤미야 11:1, 이사야 52:1, 누가복음 4:9-12
4:6	시편 91:11-12
4:7	신명기 6:16, 누가복음 4:12, 고린도 전서 10:9
4:8	누가복음 4:5-8
4:10	요한 계시록 22:9, 신명기 5:9, 신명기 6:13, 신명기 10:20, 누가복음 4:8
4:11	누가복음 4:13, 야고보서 4:7, 누가복음 22:43, 요한복음 1:51, 히브리서 1:7, 히브리서 1:14
4:12	마가복음 6:17-18, 누가복음 3:19-20, 마가복음 1:14, 누가복음 4:14, 요한복음 4:1, 요한복음 4:3
4:13	누가복음 4:31
4:16	요한복음 1:9, 이사야 9:1-2
4:17	마태복음 3:1-2, 마태복음 10:5-7, 마가복음 1:14-15, 누가복음 4:14
4:18	요한복음 1:42, 마태복음 16:16-17, 사도행전 15:14, 요한복음 1:35, 요한복음 1:40, 요한복음 1:44, 마가복음 1:16-18
4:19	누가복음 5:10-11
4:20	마가복음 10:28, 누가복음 18:28
4:21	마태복음 10:2, 마태복음 27:55-56, 마가복음 3:17, 마가복음 10:35, 요한복음 21:2, 마가복음 1:19-20
4:23	마태복음 9:35, 마가복음 1:39, 마가복음 6:6, 누가복음 4:16, 사도행전 13:13-14, 누가복음 9:11, 사도행전 10:37-38
4:24	마가복음 6:55, 마가복음 1:32, 사도행전 5:16, 마태복음 17:15
5:3	누가복음 6:20
5:4	이사야 61:2-3, 마태복음 11:28
5:5	디모데 전서 6:11, 디도서 3:2, 시편 37:11
5:6	이사야 55:1, 누가복음 6:21, 요한복음 6:35, 요한 계시록 7:16-17
5:7	마태복음 6:14, 마태복음 9:13, 마태복음 12:7, 마태복음 18:33, 마태복음 23:23, 누가복음 10:29-37, 야고보서 2:13
5:8	시편 24:3-4, 시편 73:1, 잠언 22:11
5:9	로마서 12:18, 데살로니가 전서 5:13, 히브리서 12:14, 야고보서 3:18, 베드로 후서 3:14
5:10	마가복음 10:29-30, 디모데 후서 3:12, 베드로 전서 2:19, 베드로 전서 3:14, 히브리서 12:2
5:11	마태복음 10:22, 요한복음 15:20, 누가복음 6:22-23, 야고보서 1:2, 베드로 전서 4:14
5:12	사도행전 5:41, 로마서 5:3, 히브리서 11:6, 역대기하 36:16, 사도행전 7:52, 히브리서 11:32, 히브리서 11:37, 야고보서 5:10
5:13	마가복음 9:50, 누가복음 14:34-35
5:14	요한복음 8:12, 요한복음 12:36, 빌립보서 2:15
5:15	마가복음 4:21, 누가복음 8:16, 누가복음 11:33
5:16	에베소서 5:8, 빌립보서 2:15, 에베소서 5:9, 요한복음 15:8, 베드로 전서 2:9, 베드로 전서 2:12
5:17	누가복음 4:21
5:18	이사야 40:8, 이사야 55:10-11, 누가복음 16:17
5:20	마태복음 15:7-9, 마태복음 23:23, 누가복음 11:42, 마태복음 18:3, 요한복음 3:5
5:21	창세기 9:6, 출애굽기 20:13, 신명기 5:17, 레위기 24:17, 신명기 16:18, 신명기 17:8-9
5:22	골로새서 3:8, 야고보서 1:19, 열왕기하 23:10, 예레미야 7:31, 마태복음 10:28, 누가복음 12:5, 요한 1서 3:15
5:23	신명기 16:16
5:24	마태복음 6:12-15, 요한 1서 4:20
5:25	누가복음 12:58-59
5:27	창세기 39:7-9, 출애굽기 20:14, 신명기 5:18, 누가복음 18:20, 로마서 13:9, 고린도 전서 6:9-10, 히브리서 13:4
5:28	사무엘하 11:2, 욥기 31:1, 신명기 5:21, 마가복음 7:20-22
5:29	누가복음 11:34, 마태복음 18:9, 마가복음 9:47
5:30	골로새서 3:5, 마태복음 18:8, 마가복음 9:43
5:31	신명기 24:1, 마태복음 19:3, 마태복음 19:8, 마가복음 10:2, 마가복음 10:4
5:32	마태복음 19:9, 마가복음 10:11-12, 누가복음 16:18, 로마서 7:3
5:33	레위기 5:4, 레위기 19:12, 시편 15:4, 민수기 30:2, 신명기 23:21, 시편 50:14, 전도서 5:4
5:34	야고보서 5:12
5:35	이사야 66:1, 시편 48:2
5:37	야고보서 5:12, 요한복음 8:44
5:38	출애굽기 21:24-25, 레위기 24:20, 신명기 19:21
5:39	잠언 24:29, 이사야 50:6, 누가복음 6:29, 로마서 12:17, 베드로 전서 2:23, 베드로 전서 3:9
5:40	고린도 전서 6:7
5:42	레위기 25:35-37, 신명기 23:19
5:43	레위기 19:18, 마가복음 12:31
5:44	잠언 25:21, 로마서 12:20, 누가복음 6:27-28, 사도행전 7:59-60, 로마서 12:14
5:45	마태복음 5:9, 에베소서 5:1, 시편 104:14-15, 누가복음 6:35, 사도행전 14:17
5:46	누가복음 6:32-33
5:48	레위기 19:2, 신명기 18:13, 누가복음 6:36, 베드로 전서 1:16
6:1	마태복음 23:5, 골로새서 3:23
6:2	마태복음 19:21, 누가복음 12:33, 요한복음 13:29, 누가복음 18:11-12
6:4	잠언 19:17, 마태복음 10:42
6:5	마태복음 15:7-8, 마가복음 12:40, 누가복음 18:11, 마태복음 6:16, 마태복음 23:5
6:6	누가복음 6:12
6:8	누가복음 12:30
6:9	누가복음 11:2-4, 출애굽기 6:3, 레위기 22:32, 시편 83:18, 에스겔 36:23, 에스겔 38:23
6:10	다니엘 2:44, 마태복음 6:33, 요한 계시록 11:15, 마태복음 26:42, 디모데 전서 2:4, 요한 계시록 4:11, 시편 37:10, 누가복음 23:43, 사도행전 24:15
6:11	시편 37:25, 잠언 30:8, 마태복음 6:34, 디모데 전서 6:8
6:12	마태복음 18:21, 마가복음 11:25, 누가복음 17:3-4
6:13	마태복음 26:41, 고린도 전서 10:13, 요한 계시록 3:10, 요한복음 17:15, 요한 1서 5:19
6:14	에베소서 4:32, 골로새서 3:13
6:15	마태복음 18:35, 야고보서 2:13
6:16	사도행전 13:2-3, 사도행전 14:23, 이사야 58:5, 누가복음 18:11-12
6:19	마태복음 13:22, 누가복음 12:20, 디모데 전서 6:9-10, 야고보서 5:3
6:20	마태복음 19:21, 마가복음 10:21, 누가복음 12:33-34, 누가복음 18:22, 디모데 전서 6:17, 베드로 전서 1:3-4
6:22	잠언 4:25, 에베소서 1:18, 누가복음 11:34-36
6:23	마태복음 20:15
6:24	마태복음 22:37, 야고보서 4:4, 출애굽기 34:14, 마태복음 13:22, 누가복음 16:13
6:25	시편 55:22, 누가복음 21:34, 빌립보서 4:6, 디모데 전서 6:8, 히브리서 13:5, 베드로 전서 5:6-7, 누가복음 12:22-28
6:26	욥기 38:41, 시편 147:9, 마태복음 10:29
6:27	시편 39:5
6:29	열왕기상 10:4-5
6:31	누가복음 10:41, 누가복음 12:29-31
6:33	시편 37:25, 말라기 3:10, 요한복음 6:27, 히브리서 13:5
6:34	출애굽기 16:4, 출애굽기 16:19
7:1	로마서 2:1, 로마서 14:13, 누가복음 6:37
7:2	마태복음 18:33-34, 야고보서 2:13, 마가복음 4:24, 누가복음 6:38, 갈라디아서 6:7
7:3	누가복음 6:41-42
7:6	잠언 9:7, 마태복음 10:14, 잠언 15:12
7:7	마태복음 21:22, 마가복음 11:24, 골로새서 4:2, 야고보서 1:5-6, 요한 1서 5:14, 누가복음 11:9-13
7:8	요한복음 14:13, 요한 1서 3:22
7:11	야고보서 1:17, 누가복음 11:13
7:12	누가복음 6:31, 로마서 13:10, 갈라디아서 5:14
7:13	누가복음 13:24
7:14	사도행전 14:22, 베드로 전서 4:18
7:15	마태복음 24:11, 베드로 후서 2:1, 요한 1서 4:1, 누가복음 6:26, 사도행전 20:29-30
7:16	누가복음 6:44
7:17	마태복음 12:33
7:18	누가복음 6:43
7:19	마태복음 3:10, 누가복음 13:6, 누가복음 13:9
7:20	마태복음 12:33
7:21	로마서 2:13, 야고보서 1:22, 야고보서 2:24, 요한 1서 2:17, 요한 1서 5:3
7:22	누가복음 6:46, 예레미야 14:14, 예레미야 27:15
7:23	누가복음 13:25-27
7:24	누가복음 6:47-49, 야고보서 1:25
7:26	예레미야 8:9, 야고보서 1:23-24
7:27	고린도 전서 3:13
7:28	마가복음 1:22, 누가복음 4:32
7:29	요한복음 7:46
8:2	마가복음 1:40-44, 누가복음 5:12-14
8:3	마태복음 10:7-8, 마가복음 1:41, 누가복음 5:13, 이사야 53:4
8:4	마태복음 9:30, 마태복음 12:15-16, 마가복음 7:35-36, 레위기 14:2, 레위기 14:3-4, 레위기 14:19-20, 누가복음 17:11-15
8:5	누가복음 7:1-9
8:10	마태복음 15:28, 마가복음 5:34, 누가복음 7:9, 사도행전 14:9-10
8:11	누가복음 13:29
8:12	누가복음 13:28
8:13	마태복음 9:29, 마태복음 15:28, 마가복음 9:23, 누가복음 7:10
8:14	고린도 전서 9:5, 마가복음 1:29-34, 누가복음 4:38-41
8:15	마가복음 5:41, 사도행전 3:7
8:17	이사야 53:4, 요한복음 1:29
8:18	마가복음 4:35, 누가복음 8:22
8:19	누가복음 9:57
8:20	누가복음 9:58, 고린도 후서 8:9
8:21	누가복음 9:59
8:22	누가복음 9:60
8:23	마가복음 4:36
8:24	마가복음 4:37-41, 누가복음 8:23-25
8:26	마태복음 14:31, 마가복음 4:40, 시편 89:9, 시편 107:29, 누가복음 8:25
8:28	마가복음 5:1-3, 누가복음 8:26-27
8:29	누가복음 4:34, 누가복음 4:41, 마가복음 1:24, 야고보서 2:19, 마가복음 5:7-10, 누가복음 8:28
8:30	마가복음 5:11-17
8:31	신명기 14:8, 누가복음 8:31-34
8:34	누가복음 8:35-37
9:1	마태복음 4:13, 마가복음 2:1
9:2	마가복음 2:3-12, 누가복음 5:18-26
9:3	요한복음 10:33, 사도행전 6:11
9:4	요한복음 2:24-25
9:5	마가복음 2:9
9:6	마가복음 2:10-11, 누가복음 5:24, 요한복음 5:8
9:9	마가복음 2:14, 누가복음 5:27-28
9:10	마가복음 2:15-17, 누가복음 5:29-32
9:11	누가복음 7:39, 누가복음 15:1-2, 누가복음 19:7
9:12	누가복음 5:31
9:13	잠언 21:3, 호세아 6:6, 마태복음 12:7
9:14	마가복음 2:18-20, 누가복음 5:33-35
9:15	마태복음 22:2, 요한복음 3:28-29, 마태복음 26:2
9:16	마가복음 2:21-22, 누가복음 5:36-39
9:18	마가복음 5:22-24, 누가복음 8:41-42, 요한복음 11:25
9:20	레위기 15:25, 마태복음 14:36, 마가복음 5:25-34, 마가복음 6:56, 누가복음 8:43-48
9:21	마태복음 14:36, 누가복음 6:19
9:22	마가복음 10:52, 누가복음 7:50, 누가복음 17:19, 누가복음 18:42, 요한복음 4:53
9:23	예레미야 9:17-18, 마가복음 5:38-43, 누가복음 8:52-56
9:24	요한복음 11:11
9:25	마가복음 9:27, 누가복음 7:14-15, 누가복음 8:55, 요한복음 11:43-44
9:27	마태복음 20:30
9:28	사도행전 14:9-10
9:30	마태복음 20:32-34, 이사야 42:2, 마태복음 12:15-16, 마가복음 1:44-45, 마가복음 7:35-36
9:32	마태복음 12:22, 누가복음 11:14
9:33	마태복음 15:31, 마태복음 7:28-29, 마가복음 2:12
9:34	마태복음 12:24, 마가복음 3:22, 누가복음 11:15
9:35	마태복음 4:23, 누가복음 9:11
9:36	마태복음 14:14, 마태복음 15:32, 마태복음 20:34, 히브리서 4:15, 민수기 27:16-17, 열왕기상 22:17, 이사야 61:1, 에스겔 34:5, 마가복음 6:34
9:37	누가복음 10:2, 요한복음 4:35
9:38	로마서 10:14
10:1	마가복음 3:14-15, 마가복음 6:7, 누가복음 9:1-2, 누가복음 10:17, 사도행전 16:16-18
10:2	마가복음 3:16-19, 누가복음 6:13-16, 사도행전 1:13, 요한복음 1:42, 사도행전 15:14, 마가복음 1:16, 요한복음 1:40, 마태복음 4:21
10:3	요한복음 1:45, 요한복음 11:16, 요한복음 20:27, 마가복음 2:14, 누가복음 5:27
10:4	시편 41:9, 마태복음 26:47, 요한복음 13:18
10:5	마가복음 6:7, 누가복음 9:1-2, 열왕기하 17:24
10:6	이사야 53:6, 에스겔 34:6, 사도행전 13:45-46
10:7	마태복음 4:17, 누가복음 10:9
10:8	누가복음 9:2, 사도행전 8:20
10:9	마가복음 6:8-9
10:10	누가복음 9:3, 민수기 18:30-31, 누가복음 10:4, 누가복음 10:7, 고린도 전서 9:7, 고린도 전서 9:14
10:11	마가복음 6:10, 누가복음 9:4
10:13	누가복음 10:5
10:14	마가복음 6:11, 누가복음 9:5, 누가복음 10:6, 누가복음 10:11, 사도행전 13:50-51, 사도행전 18:5-6
10:15	창세기 19:4-5, 베드로 후서 2:6, 유다서 1:7
10:16	누가복음 10:3, 빌립보서 2:14-15
10:17	마태복음 24:9, 사도행전 5:40, 고린도 후서 11:24, 마태복음 23:34, 마가복음 13:9, 누가복음 21:12-13
10:18	사도행전 4:8, 사도행전 24:10, 사도행전 25:23, 사도행전 26:25, 사도행전 27:23-24, 마태복음 24:14
10:19	예레미야 1:7, 마가복음 13:11, 누가복음 12:11-12, 누가복음 21:14-15
10:20	요한복음 14:26
10:21	미가 7:6, 마태복음 10:36, 마가복음 13:12-13, 누가복음 21:16, 요한복음 16:2
10:22	마태복음 24:9, 누가복음 21:17, 요한복음 15:21, 사도행전 9:15-16, 마태복음 24:13, 누가복음 21:19, 요한 계시록 2:10
10:23	마태복음 23:34, 사도행전 8:1
10:24	요한복음 13:16, 요한복음 15:20
10:25	베드로 전서 2:21, 마태복음 12:24, 마가복음 3:22, 누가복음 11:15, 요한복음 8:48
10:26	마가복음 4:22, 누가복음 8:17, 누가복음 12:2
10:27	누가복음 12:3
10:28	잠언 29:25, 요한 계시록 2:10, 누가복음 12:4-5, 히브리서 10:31
10:29	신명기 22:6-7, 누가복음 12:6-7
10:30	누가복음 21:18
10:31	마태복음 6:26
10:32	로마서 10:9, 누가복음 12:8-9, 요한 계시록 3:5
10:33	마가복음 8:38, 누가복음 9:26, 디모데 후서 2:12
10:34	누가복음 12:51-53
10:35	미가 7:6
10:37	마태복음 19:29, 누가복음 14:26
10:38	마태복음 16:24-25, 마가복음 8:34-35, 누가복음 9:23, 누가복음 14:27
10:39	누가복음 9:24, 누가복음 17:33, 요한복음 12:25
10:40	마태복음 18:5, 마태복음 25:40, 누가복음 10:16, 요한복음 12:44, 요한복음 13:20
10:41	열왕기상 17:9-10, 열왕기상 17:20-23, 열왕기하 4:8, 열왕기하 4:13-17
10:42	마태복음 25:40, 마가복음 9:41, 히브리서 6:10
11:1	마태복음 4:23, 마태복음 19:1, 누가복음 9:6
11:2	마태복음 14:3, 마가복음 6:17, 누가복음 7:18-23
11:3	마태복음 3:11, 요한복음 1:15
11:4	누가복음 7:22
11:5	이사야 35:5-6, 마태복음 8:3, 이사야 61:1, 마태복음 4:23
11:6	마가복음 6:3, 누가복음 7:23, 고린도 전서 1:23, 베드로 전서 2:7-8
11:7	마태복음 3:1, 마태복음 3:5, 누가복음 7:24-28
11:9	누가복음 1:67, 누가복음 1:76
11:10	이사야 40:3, 말라기 3:1, 마태복음 3:3, 마가복음 1:2, 누가복음 1:17, 요한복음 3:28
11:11	누가복음 7:28, 요한복음 3:3
11:12	누가복음 13:24
11:13	누가복음 16:16
11:14	말라기 4:5, 마태복음 17:10-13
11:15	마태복음 13:9, 마태복음 13:43
11:16	누가복음 7:31-35
11:18	누가복음 1:13, 누가복음 1:15
11:19	마태복음 9:10, 마가복음 2:15, 요한복음 2:2, 누가복음 5:30, 누가복음 15:2, 누가복음 19:7, 누가복음 7:34-35
11:20	요한복음 12:37-38
11:21	요나 3:5-6, 누가복음 10:13
11:22	마태복음 15:21-28, 누가복음 10:14
11:23	누가복음 4:31, 누가복음 10:15
11:24	마태복음 10:15, 누가복음 10:12
11:25	이사야 29:14, 마태복음 13:15, 누가복음 10:21, 고린도 전서 1:27
11:27	요한복음 3:35, 요한복음 1:18, 누가복음 10:22, 요한복음 6:46, 요한복음 10:15, 요한 1서 5:20
11:29	고린도 후서 10:1, 스가랴 9:9
12:1	출애굽기 12:16, 신명기 23:25, 마가복음 2:23-28, 누가복음 6:1-5
12:2	출애굽기 20:10, 출애굽기 31:15, 신명기 5:14
12:3	사무엘상 21:1-6
12:4	출애굽기 25:30, 출애굽기 40:22-23, 레위기 24:5-9
12:5	민수기 28:9, 요한복음 7:22
12:6	누가복음 11:31-32
12:7	마태복음 23:23, 호세아 6:6, 미가 6:6, 미가 6:8, 마태복음 9:13
12:8	출애굽기 34:21, 레위기 25:3-4, 레위기 25:10, 마가복음 2:27-28, 누가복음 6:5
12:10	마가복음 3:1-6, 누가복음 6:6-11, 누가복음 14:3, 요한복음 9:16
12:11	출애굽기 23:4, 신명기 22:4, 누가복음 14:5
12:15	마가복음 3:7
12:16	마태복음 8:3-4, 마가복음 3:11-12, 마가복음 7:35-36
12:18	사도행전 3:13, 마태복음 3:17, 마태복음 17:5, 이사야 61:1, 마가복음 1:10
12:19	디모데 후서 2:24
12:20	마태복음 11:28
12:21	이사야 11:10, 이사야 42:1-4, 사도행전 4:12, 로마서 15:12
12:24	마가복음 3:22-27, 누가복음 11:15-23
12:28	누가복음 11:20
12:30	마가복음 9:40, 누가복음 9:50, 누가복음 11:23
12:31	마가복음 3:28-29, 사도행전 7:51, 히브리서 6:4, 히브리서 6:6
12:32	디모데 전서 1:13, 누가복음 12:10, 히브리서 10:26
12:33	마태복음 7:17, 누가복음 6:43
12:34	마태복음 3:7, 마태복음 23:33, 마태복음 15:11
12:35	누가복음 6:45, 야고보서 3:6
12:36	전도서 12:14, 로마서 14:12
12:38	마태복음 16:1, 마가복음 8:11, 요한복음 2:18
12:39	마태복음 16:4, 누가복음 11:29-32
12:40	요나 1:17, 마태복음 16:21, 마태복음 17:23, 마태복음 27:63, 누가복음 24:46
12:41	요나 3:5, 누가복음 11:30
12:42	열왕기상 10:1, 역대기하 9:1, 마태복음 12:6, 누가복음 11:31
12:43	누가복음 11:24-26
12:45	히브리서 6:4, 히브리서 6:6, 베드로 후서 2:20
12:46	마태복음 13:55, 요한복음 2:12, 사도행전 1:14, 고린도 전서 9:5, 갈라디아서 1:19, 마가복음 3:31-35, 누가복음 8:19-21
12:49	요한복음 20:17, 히브리서 2:11
12:50	마가복음 3:35, 누가복음 8:21
13:2	마가복음 4:1
13:3	마태복음 13:34, 마가복음 4:2-9, 누가복음 8:4-8
13:4	마태복음 13:19
13:5	마태복음 13:20-21
13:7	마태복음 13:22, 마가복음 4:18-19, 누가복음 8:14
13:8	마태복음 13:23, 마가복음 4:8, 누가복음 8:8
13:9	마태복음 11:15
13:10	마가복음 4:10-11, 누가복음 8:9-10
13:11	고린도 전서 2:9-10, 에베소서 1:9-12, 에베소서 3:4, 골로새서 1:26-27, 골로새서 2:2
13:12	마태복음 25:29, 마가복음 4:25, 누가복음 8:18, 누가복음 19:26
13:13	이사야 6:10, 예레미야 5:21, 에스겔 12:2, 마가복음 4:12
13:14	요한복음 12:40, 로마서 11:8, 고린도 후서 3:14
13:15	이사야 6:9-10, 마가복음 4:12, 사도행전 28:26-27
13:16	누가복음 10:23-24
13:17	요한복음 8:56, 에베소서 3:5, 베드로 전서 1:10
13:18	마가복음 4:14, 누가복음 8:11
13:19	베드로 전서 5:8, 마가복음 4:15, 누가복음 8:12
13:20	마가복음 4:16-17, 누가복음 8:13
13:22	누가복음 12:22, 마태복음 6:21, 마가복음 4:18-19, 마가복음 10:23, 누가복음 8:14, 디모데 전서 6:9, 디모데 후서 4:10
13:23	마가복음 4:20, 누가복음 8:15
13:24	마가복음 4:26-30
13:28	마태복음 13:38-39
13:30	요한 계시록 14:15
13:31	마가복음 4:30-32, 누가복음 13:18-19
13:33	누가복음 13:21
13:34	마가복음 4:33-34
13:35	시편 78:2
13:38	마태복음 24:14, 로마서 10:18, 골로새서 1:6, 요한복음 8:44
13:40	마태복음 13:30
13:42	마태복음 13:30
13:43	사사기 5:31
13:44	빌립보서 3:7
13:46	누가복음 14:33, 빌립보서 3:8
13:48	레위기 11:9, 레위기 11:12
13:49	마태복음 24:3
13:54	마태복음 2:23, 마가복음 6:1-6
13:55	누가복음 3:23, 누가복음 4:22, 요한복음 6:42, 마태복음 12:46, 요한복음 2:12, 사도행전 1:14, 고린도 전서 9:5, 갈라디아서 1:19
13:56	요한복음 7:15
13:57	베드로 전서 2:7-8, 마가복음 6:4, 누가복음 4:24, 요한복음 4:44
14:1	마가복음 6:14-16, 누가복음 9:7-9, 사도행전 4:27
14:2	마태복음 16:13-14
14:3	마가복음 6:17-18, 누가복음 3:19-20
14:4	레위기 18:16, 레위기 20:21
14:5	마가복음 6:20, 누가복음 1:67, 누가복음 1:76
14:6	창세기 40:20-22, 마가복음 6:21-29
14:8	마가복음 6:25
14:13	마가복음 6:31-33, 누가복음 9:10
14:14	마태복음 9:36, 마태복음 15:32, 마가복음 1:41, 마가복음 6:34, 누가복음 7:13, 히브리서 2:17, 히브리서 5:2, 누가복음 9:11
14:15	마가복음 6:35-44, 누가복음 9:12-17, 요한복음 6:5-13
14:19	마태복음 15:36, 마가복음 6:41, 누가복음 9:16
14:20	열왕기하 4:42-44, 마가복음 6:42-43, 마가복음 8:8, 누가복음 9:17, 요한복음 6:12-13
14:21	마가복음 6:44, 누가복음 9:14, 요한복음 6:10
14:22	마가복음 6:45-52, 요한복음 6:16-21
14:23	마가복음 6:46, 누가복음 6:12, 누가복음 9:18
14:27	마가복음 6:50, 요한복음 6:20
14:31	마태복음 6:30, 마태복음 8:26, 마태복음 28:16-17, 야고보서 1:6
14:33	마태복음 16:16, 요한복음 6:68-69
14:34	마가복음 6:53-56
14:36	마태복음 9:20-21, 마가복음 3:10, 누가복음 6:19, 누가복음 8:43-44
15:1	마가복음 7:1-2
15:2	마가복음 7:3-4, 누가복음 11:38, 요한복음 2:6
15:3	마태복음 15:9, 마가복음 7:8-13, 골로새서 2:8
15:4	출애굽기 20:12, 신명기 5:16, 에베소서 6:2, 출애굽기 21:17, 레위기 20:9, 신명기 27:16
15:5	마가복음 7:11-12
15:6	마가복음 7:13
15:7	마가복음 7:6
15:9	이사야 29:13, 마가복음 7:7
15:10	마가복음 7:14
15:11	마가복음 7:15, 에베소서 4:29, 야고보서 3:6
15:12	마가복음 7:17
15:14	마태복음 23:15-16, 누가복음 6:39
15:15	마태복음 13:36, 마가복음 4:10, 누가복음 8:9
15:16	마가복음 7:18-23
15:18	마가복음 7:20
15:19	창세기 8:21, 잠언 6:12, 잠언 6:14, 예레미야 17:9, 누가복음 6:45
15:21	마가복음 7:24
15:22	마가복음 7:25-30
15:24	이사야 53:6, 마태복음 10:5-6, 사도행전 3:26, 사도행전 13:46, 로마서 15:8
15:27	마가복음 7:28
15:29	마가복음 7:31
15:30	이사야 35:5, 마태복음 19:2, 마가복음 3:10
15:31	마태복음 9:33
15:32	마태복음 14:14, 마가복음 6:34, 마가복음 8:1-9
15:33	열왕기하 4:42-44
15:36	마태복음 14:19
15:37	마가복음 8:8-9
15:39	마가복음 8:10
16:1	마태복음 12:38, 마가복음 8:11, 누가복음 11:16
16:2	누가복음 12:54
16:4	요나 1:17, 마태복음 12:39, 누가복음 11:29, 마가복음 8:12
16:5	마가복음 8:13-21
16:6	마가복음 8:15, 누가복음 12:1
16:9	마태복음 14:17
16:10	마태복음 15:34
16:11	누가복음 12:1
16:13	마가복음 8:27-29, 누가복음 9:18-20
16:14	마태복음 14:1-2, 요한복음 1:25-26
16:16	마가복음 8:29, 누가복음 9:20, 요한복음 1:40-41, 요한복음 4:25, 요한복음 11:27, 시편 2:7, 마태복음 14:33, 요한복음 6:68-69, 사도행전 9:20, 사도행전 9:22, 히브리서 1:2, 요한 1서 4:15
16:17	마태복음 11:27
16:18	요한복음 1:42, 로마서 9:33, 고린도 전서 3:11, 고린도 전서 10:4, 에베소서 2:20, 베드로 전서 2:6-8, 요한 계시록 1:17-18
16:19	마태복음 18:18
16:20	마가복음 8:29-30, 누가복음 9:20-21
16:21	시편 16:10, 이사야 53:12, 마태복음 17:22-23, 마태복음 20:18-19, 마가복음 8:31, 누가복음 9:22, 누가복음 17:25, 누가복음 24:6-8, 누가복음 24:46, 고린도 전서 15:3-4
16:22	마가복음 8:32
16:23	마가복음 8:33
16:24	마태복음 10:38, 마가복음 8:34, 누가복음 9:23, 누가복음 14:27
16:25	마태복음 10:39, 마가복음 8:35, 누가복음 9:24, 누가복음 17:33, 요한복음 12:25, 요한 계시록 12:11
16:26	마가복음 8:36, 누가복음 9:25, 시편 49:8
16:27	마태복음 24:30, 마태복음 25:31, 마태복음 26:64, 마가복음 8:38, 요한 계시록 1:7, 시편 62:12, 잠언 24:12, 누가복음 9:26, 로마서 2:6, 베드로 전서 1:17
16:28	마태복음 17:1-2, 마가복음 9:1, 누가복음 9:27
17:1	마가복음 9:2-8, 누가복음 9:28-36
17:2	마태복음 16:28, 요한 계시록 1:13, 요한 계시록 1:16
17:5	시편 2:7, 이사야 42:1, 베드로 후서 1:17-18, 신명기 18:15, 마가복음 9:7, 누가복음 9:35, 사도행전 3:22-23, 히브리서 2:3, 마태복음 3:17, 요한복음 12:28
17:9	마태복음 16:20, 마가복음 9:9
17:10	마가복음 9:11
17:11	이사야 40:3, 말라기 4:5-6, 마태복음 11:13-14, 마가복음 9:12, 누가복음 1:17
17:12	마가복음 9:13, 마태복음 16:21, 누가복음 23:24-25
17:14	누가복음 9:37
17:15	마가복음 9:17-29, 누가복음 9:38-42
17:17	신명기 32:5, 신명기 32:20
17:18	마태복음 8:13, 마태복음 9:22, 마태복음 15:28, 요한복음 4:51-52
17:20	마태복음 21:21, 마가복음 11:23, 누가복음 17:6
17:22	마태복음 20:18, 누가복음 9:44-45
17:23	마태복음 16:21, 마가복음 9:31
17:24	출애굽기 30:13-14, 역대기하 24:6, 역대기하 24:9, 느헤미야 10:32
17:27	고린도 전서 10:32, 고린도 후서 6:3
18:1	마가복음 9:33-37, 누가복음 9:46-48, 누가복음 22:24
18:3	마태복음 19:14, 베드로 전서 2:2, 마가복음 10:15, 누가복음 18:17
18:4	잠언 15:33, 마태복음 20:26, 마태복음 23:12, 누가복음 9:48, 누가복음 14:11, 누가복음 22:26, 야고보서 4:10, 베드로 전서 5:5
18:5	마태복음 10:40, 요한복음 13:20
18:6	마가복음 9:42, 누가복음 17:1-2
18:8	골로새서 3:5, 마태복음 25:41, 마가복음 9:43-48
18:9	마태복음 5:22, 마태복음 5:29, 마가복음 9:47, 로마서 8:13
18:10	누가복음 1:19, 히브리서 1:7, 히브리서 1:14
18:12	베드로 전서 2:25, 누가복음 15:3-7
18:14	베드로 후서 3:9
18:15	레위기 19:17, 잠언 25:8-9, 마태복음 5:23-24, 누가복음 17:3, 야고보서 5:20
18:16	신명기 19:15, 고린도 후서 13:1, 디모데 전서 5:19
18:17	요한복음 18:28, 사도행전 10:28, 사도행전 11:2-3, 로마서 16:17, 고린도 전서 5:11
18:18	마태복음 16:19
18:19	마가복음 11:24, 요한복음 14:13, 요한복음 16:23-24, 요한 1서 3:22, 요한 1서 5:14
18:20	고린도 전서 5:4-5
18:22	잠언 19:11, 마태복음 6:12, 마가복음 11:25, 누가복음 11:4, 누가복음 17:4, 에베소서 4:32, 골로새서 3:13
18:25	출애굽기 21:7, 레위기 25:39, 열왕기하 4:1, 느헤미야 5:8
18:27	요한 1서 1:9
18:33	이사야 55:7, 마태복음 6:12, 마태복음 7:12, 야고보서 2:13
18:35	로마서 2:6, 욥기 34:11, 시편 62:12, 잠언 19:17, 잠언 21:13, 마태복음 5:7, 마태복음 6:14, 마가복음 11:25, 누가복음 17:3, 에베소서 4:32
19:1	마가복음 10:1
19:3	신명기 24:1, 마가복음 10:2-12
19:4	창세기 1:27, 창세기 5:2
19:5	창세기 2:24, 에베소서 5:31
19:6	마가복음 10:9, 고린도 전서 7:11
19:7	신명기 24:1, 마태복음 5:31
19:8	마가복음 10:5, 창세기 2:24
19:9	말라기 2:14, 마태복음 5:32, 마가복음 10:11-12, 누가복음 16:18, 로마서 7:3, 고린도 전서 7:10, 히브리서 13:4
19:11	고린도 전서 7:7
19:12	고린도 전서 7:32, 고린도 전서 7:38, 고린도 전서 9:5
19:13	마가복음 10:13-16, 누가복음 18:15-17
19:14	마태복음 18:3, 마가복음 10:14, 누가복음 18:16
19:16	마가복음 10:17-22, 누가복음 18:18-23
19:17	마가복음 10:18, 레위기 18:5, 누가복음 10:25-28
19:18	출애굽기 20:13, 신명기 5:17, 출애굽기 20:14, 신명기 5:18, 출애굽기 20:15, 신명기 5:19, 출애굽기 20:16, 신명기 5:20
19:19	출애굽기 20:12, 신명기 5:16, 레위기 19:18, 마태복음 22:39, 마가복음 12:31, 누가복음 10:27, 로마서 13:9
19:21	마태복음 6:20, 누가복음 12:33, 누가복음 18:22, 빌립보서 3:7
19:22	누가복음 18:23
19:23	마가복음 10:23, 누가복음 18:24, 디모데 전서 6:10
19:24	마가복음 10:25, 누가복음 18:25
19:25	마가복음 10:26-27, 누가복음 18:26-27
19:26	창세기 18:14, 욥기 42:2, 스가랴 8:6
19:27	마가복음 10:28, 누가복음 5:11, 누가복음 18:28, 빌립보서 3:8
19:28	다니엘 7:14, 마태복음 20:21, 누가복음 22:28-30, 고린도 전서 6:2, 요한 계시록 3:21, 요한 계시록 20:4
19:29	마태복음 10:37, 마가복음 10:29-30, 누가복음 14:26, 누가복음 18:29-30, 히브리서 10:34
19:30	마태복음 20:16, 마가복음 10:31, 누가복음 13:30
20:1	마태복음 21:33
20:8	레위기 19:13, 신명기 24:14-15
20:13	마태복음 20:2
20:15	마태복음 6:23
20:16	마태복음 19:30, 마가복음 10:31, 누가복음 13:30
20:17	마가복음 10:32, 누가복음 18:31
20:18	마태복음 16:21, 마가복음 10:33-34, 누가복음 9:22, 누가복음 18:32-33
20:19	마태복음 27:26, 마태복음 27:31, 요한복음 19:1, 마태복음 17:22-23, 마태복음 28:6, 사도행전 10:40, 고린도 전서 15:4
20:20	마태복음 4:21, 마태복음 27:55-56, 마가복음 10:35-40
20:21	마태복음 19:28
20:22	마태복음 26:39, 마가복음 10:38, 마가복음 14:36, 요한복음 18:11
20:23	사도행전 12:2, 로마서 8:17, 고린도 후서 1:7, 요한 계시록 1:9, 마가복음 10:39-40
20:24	마가복음 10:41-45, 누가복음 22:24
20:25	마가복음 10:42
20:26	고린도 후서 1:24, 베드로 전서 5:3, 마태복음 18:4, 마태복음 23:11, 마가복음 10:43-44, 누가복음 9:48, 누가복음 22:26
20:27	마가복음 9:35
20:28	누가복음 22:27, 요한복음 13:14, 빌립보서 2:7, 이사야 53:11, 마가복음 10:45, 로마서 5:18-19, 디모데 전서 2:5-6, 디도서 2:13-14, 히브리서 9:28, 요한 1서 2:1-2
20:30	마태복음 9:27, 마가복음 10:46-52, 누가복음 18:35-43
20:34	마태복음 9:36, 마태복음 9:29
21:1	사도행전 1:12, 마가복음 11:1-3, 누가복음 19:28-31
21:5	이사야 62:11, 요한복음 12:15, 마태복음 11:29, 고린도 후서 10:1, 스가랴 9:9
21:6	마가복음 11:4-6, 누가복음 19:32-35
21:7	열왕기상 1:38, 열왕기상 1:40, 마가복음 11:7-11, 요한복음 12:14-15
21:8	열왕기하 9:13, 누가복음 19:36-38
21:9	마태복음 9:27, 마태복음 21:15, 시편 118:25-26, 요한복음 12:13, 마가복음 11:9-10
21:11	마태복음 21:46, 누가복음 7:16, 누가복음 24:19
21:12	시편 69:9, 마가복음 11:15-16, 누가복음 19:45, 요한복음 2:15
21:13	역대기하 6:32-33, 이사야 56:7, 예레미야 7:11, 마가복음 11:17, 누가복음 19:46, 요한복음 2:16
21:15	마태복음 21:9, 마가복음 11:18, 누가복음 19:39-40
21:16	시편 8:2
21:17	마가복음 11:11, 누가복음 21:37, 요한복음 11:1, 요한복음 12:1
21:18	마가복음 11:12
21:19	누가복음 13:6, 마태복음 3:10, 마가복음 11:13-14
21:20	마가복음 11:20-21
21:21	마태복음 17:20, 마가복음 11:22-23, 누가복음 17:6
21:22	마가복음 11:24, 누가복음 11:9, 요한복음 14:13, 야고보서 1:5, 요한 1서 3:22
21:23	마가복음 11:27-33, 누가복음 20:1-8
21:25	마태복음 21:32, 마가복음 11:30-31, 누가복음 7:29-30
21:26	마태복음 11:7-10, 마태복음 14:3-5, 누가복음 1:67, 누가복음 1:76
21:31	누가복음 18:10-14
21:32	누가복음 3:12, 누가복음 7:29-30
21:33	이사야 5:7, 이사야 5:2, 마가복음 12:1-9, 누가복음 20:9-16
21:35	느헤미야 9:26
21:36	역대기하 36:15, 사도행전 7:52, 히브리서 11:32, 히브리서 11:37
21:38	히브리서 1:2
21:39	사도행전 2:23, 사도행전 3:15
21:42	이사야 28:16, 누가복음 20:17, 사도행전 4:11, 로마서 9:33, 에베소서 2:20, 베드로 전서 2:7, 시편 118:22-23, 마가복음 12:10-11
21:44	이사야 8:14, 베드로 전서 2:7-8, 누가복음 20:18
21:45	마가복음 12:12, 누가복음 20:19
21:46	마태복음 21:11, 요한복음 7:40
22:2	누가복음 14:16, 요한 계시록 19:9
22:3	누가복음 14:17-18
22:5	누가복음 14:18-19
22:7	다니엘 9:26
22:8	사도행전 13:45-46
22:9	마태복음 21:43, 누가복음 14:23
22:15	마가복음 12:13-17, 누가복음 20:20-26
22:16	마가복음 3:6
22:21	다니엘 3:17-18, 말라기 3:8, 마가복음 12:17, 누가복음 20:25, 누가복음 23:2, 로마서 13:7, 디도서 3:1, 베드로 전서 2:13-14
22:23	사도행전 4:1-2, 사도행전 23:8, 마가복음 12:18-23, 누가복음 20:27-33
22:24	창세기 38:7-8, 신명기 25:5-6, 룻기 1:11, 룻기 3:13
22:29	마가복음 12:24-27
22:30	누가복음 20:35-36
22:32	출애굽기 3:6, 누가복음 20:37-38, 로마서 4:17
22:33	마태복음 7:28, 마가복음 11:18
22:36	마가복음 12:28
22:37	신명기 6:5, 신명기 10:12, 여호수아 22:5, 마가복음 12:30, 누가복음 10:27
22:39	레위기 19:18, 마가복음 12:31, 누가복음 10:27, 골로새서 3:14, 야고보서 2:8, 베드로 전서 1:22
22:40	로마서 13:10, 갈라디아서 5:14
22:41	마가복음 12:35-37, 누가복음 20:41-44
22:42	요한복음 7:42
22:43	사무엘하 23:2
22:44	시편 110:1, 사도행전 2:34-35, 고린도 전서 15:25, 히브리서 1:13, 히브리서 10:12-13
22:45	마가복음 12:37
23:3	말라기 2:7-8, 마태복음 15:3, 마태복음 15:6
23:4	마태복음 11:28, 누가복음 11:46
23:5	마태복음 6:1-2, 신명기 6:6, 신명기 6:8, 민수기 15:38-39
23:6	마가복음 12:38-39, 누가복음 11:43, 누가복음 14:7, 누가복음 14:10, 누가복음 20:46
23:8	요한복음 13:13
23:9	마태복음 6:9
23:10	베드로 전서 5:2-3
23:11	마태복음 20:26, 마가복음 9:35, 마가복음 10:43-44, 누가복음 9:48, 누가복음 22:26
23:12	잠언 16:18, 잠언 15:33, 잠언 29:23, 마태복음 18:4, 누가복음 14:11, 누가복음 18:13-14, 로마서 12:3, 에베소서 4:1-2, 베드로 전서 5:5
23:13	누가복음 11:52
23:15	마태복음 6:2, 누가복음 12:56
23:16	마태복음 15:14, 마태복음 5:34-35
23:18	마태복음 5:23-24
23:21	열왕기상 8:13, 시편 11:4, 시편 26:8, 시편 132:13-14
23:22	마태복음 5:34-35
23:23	레위기 27:30, 미가 6:8, 요한복음 7:24, 마태복음 9:13, 마태복음 12:7, 누가복음 11:42
23:24	마태복음 15:14, 레위기 11:23, 레위기 11:4
23:25	마가복음 7:3-4, 마가복음 12:38, 마가복음 12:40, 누가복음 11:39
23:27	누가복음 12:56, 누가복음 11:44, 사도행전 23:3
23:28	누가복음 16:15
23:29	마태복음 6:2, 누가복음 11:47
23:31	누가복음 11:48, 사도행전 7:52, 히브리서 11:32, 히브리서 11:37
23:33	마태복음 3:7, 마태복음 12:34, 누가복음 3:7, 마태복음 10:28, 누가복음 12:5
23:34	누가복음 11:49-51, 마태복음 13:52, 요한복음 16:2, 사도행전 7:59, 마태복음 10:17, 사도행전 5:40, 고린도 후서 11:24, 누가복음 21:12
23:35	창세기 4:8, 창세기 4:10, 히브리서 11:4, 역대기하 24:20-22
23:37	요한복음 8:59, 데살로니가 전서 2:14-16, 히브리서 11:32, 히브리서 11:37, 누가복음 13:34, 누가복음 19:41-42
23:38	열왕기상 9:7-8, 예레미야 12:7, 예레미야 22:5, 마태복음 21:43, 누가복음 21:20
23:39	시편 118:26
24:2	마가복음 13:1-2, 누가복음 19:44, 누가복음 21:5-6
24:3	사도행전 1:12, 마태복음 24:27, 마태복음 24:37-39, 마태복음 13:39, 마태복음 28:20, 마가복음 13:3-4, 누가복음 21:7
24:4	마가복음 13:5-6, 누가복음 21:8, 골로새서 2:8, 데살로니가 후서 2:3
24:5	마태복음 24:24
24:6	마가복음 13:7, 누가복음 21:9
24:7	요한 계시록 6:4, 사도행전 11:28, 요한 계시록 6:5-6, 요한 계시록 6:8, 마가복음 13:8, 누가복음 21:10-11
24:9	요한복음 15:20, 사도행전 11:19, 요한 계시록 2:10, 요한복음 16:2, 사도행전 7:59, 사도행전 12:1-2, 요한 계시록 6:11, 마태복음 10:17, 마태복음 10:22, 마가복음 13:9, 마가복음 13:13, 누가복음 21:12, 누가복음 21:17, 요한복음 15:21, 사도행전 9:15-16, 디모데 후서 3:12
24:11	마태복음 7:15, 디모데 전서 4:1, 베드로 후서 2:1
24:12	디모데 후서 3:1-3
24:13	마태복음 10:22, 마가복음 13:13, 누가복음 21:19, 히브리서 10:36, 요한 계시록 2:10
24:14	마태복음 9:35, 마태복음 28:19-20, 마가복음 13:10, 고린도 전서 9:16, 골로새서 1:23, 베드로 전서 1:12, 요한 계시록 14:6
24:15	다니엘 9:27, 다니엘 11:31, 다니엘 12:11, 마가복음 13:14-18, 누가복음 21:20
24:16	누가복음 21:21-23
24:18	누가복음 17:31
24:19	누가복음 23:28-29
24:21	누가복음 21:23, 요한 계시록 7:14, 다니엘 12:1, 마가복음 13:19
24:22	마가복음 13:20
24:23	마태복음 24:5, 마가복음 13:21-23
24:24	마태복음 7:15, 베드로 후서 2:1, 마태복음 7:22-23, 데살로니가 후서 2:9
24:26	누가복음 17:23
24:27	누가복음 17:24
24:28	누가복음 17:37
24:29	요엘 2:31, 마가복음 13:24-25, 누가복음 21:25-26
24:30	요한 계시록 1:7, 다니엘 7:13, 마태복음 16:27, 마태복음 26:64, 마가복음 13:26, 마가복음 14:62, 누가복음 21:27
24:31	신명기 30:4, 마가복음 13:27
24:32	마가복음 13:28-31, 누가복음 21:29-33
24:33	야고보서 5:8-9
24:35	누가복음 21:33
24:36	데살로니가 전서 5:1-2, 마가복음 13:32, 사도행전 1:7
24:37	창세기 6:11-13, 누가복음 17:26-27
24:38	창세기 7:7, 히브리서 11:7, 베드로 전서 3:19-20, 베드로 후서 2:5
24:39	창세기 7:23, 베드로 후서 3:6
24:41	누가복음 17:35
24:42	마태복음 25:13, 마가복음 13:33, 누가복음 21:36
24:43	데살로니가 전서 5:2, 베드로 후서 3:10, 누가복음 12:39-40
24:44	마가복음 13:35
24:45	누가복음 12:42-44
24:46	요한 계시록 16:15
24:48	누가복음 12:45-46
24:50	마태복음 25:13
24:51	마태복음 13:42
25:1	누가복음 12:35, 빌립보서 2:15, 누가복음 5:34-35, 요한복음 3:28-29, 요한 계시록 19:7
25:2	마태복음 7:24, 마태복음 7:26
25:7	누가복음 12:35
25:10	요한 계시록 19:9
25:11	누가복음 13:25, 누가복음 13:27
25:13	마태복음 26:41, 에베소서 5:15, 데살로니가 전서 5:6, 베드로 전서 5:8, 마태복음 24:42, 마태복음 24:50, 마가복음 13:33, 누가복음 21:34
25:14	누가복음 19:12-13
25:15	마태복음 22:37, 골로새서 3:23
25:19	누가복음 19:15
25:20	누가복음 19:16-17
25:21	누가복음 16:10, 히브리서 12:2
25:22	누가복음 19:18-19
25:24	누가복음 19:20-23
25:28	누가복음 19:24-26
25:29	마태복음 13:12, 마가복음 4:25, 누가복음 8:18, 요한복음 15:2
25:31	다니엘 7:13, 마태복음 16:27
25:33	요한복음 10:14, 마태복음 25:41
25:35	히브리서 13:2, 요한 3서 1:5
25:36	야고보서 2:15-16, 디모데 후서 1:16
25:37	마태복음 10:42
25:40	잠언 19:17, 마태복음 10:40, 마가복음 9:41, 히브리서 6:10
25:41	마태복음 7:23, 마태복음 18:8-9, 유다서 1:6, 요한 계시록 12:9, 요한 계시록 20:10
25:45	스가랴 2:8, 사도행전 9:4-5
25:46	베드로 후서 2:9, 로마서 2:6-7
26:2	출애굽기 12:14, 출애굽기 12:18, 마가복음 14:1-2, 누가복음 22:1-2, 요한복음 13:1, 마태복음 16:21, 마태복음 20:18-19, 마태복음 27:26, 마가복음 15:15, 요한복음 19:16
26:3	마태복음 26:57, 누가복음 3:2, 요한복음 11:49, 요한복음 18:13, 요한복음 18:24
26:4	시편 2:2
26:6	마가복음 14:3-9, 요한복음 12:2-8
26:11	신명기 15:11, 마가복음 14:7
26:12	역대기하 16:13-14, 마가복음 14:8, 요한복음 12:7
26:13	마가복음 14:9
26:14	마태복음 10:2, 마태복음 10:4, 요한복음 13:2, 마가복음 14:10-11, 누가복음 22:3-6
26:15	요한복음 11:57, 출애굽기 21:32, 스가랴 11:12, 마태복음 27:3
26:17	출애굽기 12:18, 출애굽기 23:15, 누가복음 22:1, 마가복음 14:12-16, 누가복음 22:7-13
26:20	신명기 16:6, 마가복음 14:17-21, 누가복음 22:14
26:21	누가복음 22:21-23, 요한복음 6:70, 요한복음 13:21-22
26:23	시편 41:9, 마가복음 14:20, 누가복음 22:21, 요한복음 13:18, 요한복음 13:26
26:24	신명기 27:25, 누가복음 22:22, 요한복음 17:12, 마가복음 14:21
26:26	고린도 전서 10:16, 마가복음 14:22, 누가복음 22:19, 고린도 전서 11:23-26
26:27	마가복음 14:23, 누가복음 22:20
26:28	에베소서 1:7, 히브리서 9:20, 히브리서 9:22, 마태복음 20:28, 마가복음 14:24, 출애굽기 24:8, 예레미야 31:31, 히브리서 7:22, 고린도 전서 10:16
26:29	마가복음 14:25, 누가복음 22:18
26:30	마가복음 14:26, 누가복음 22:39, 요한복음 18:1
26:31	스가랴 13:7, 마가복음 14:27-28, 요한복음 16:32
26:32	마태복음 28:7, 마태복음 28:16
26:33	마가복음 14:29-31
26:34	마가복음 14:30, 누가복음 22:34, 요한복음 13:38
26:35	누가복음 22:33
26:36	요한복음 18:1, 마가복음 14:32-36, 누가복음 22:40
26:37	마태복음 4:21, 이사야 53:3
26:38	마가복음 14:34
26:39	히브리서 5:7, 마태복음 20:22, 요한복음 18:11, 마가복음 14:36, 누가복음 22:42, 요한복음 5:30, 요한복음 6:38, 히브리서 10:9
26:40	마가복음 14:37-42, 누가복음 22:45
26:41	마태복음 6:13, 누가복음 22:46, 마태복음 25:13, 마가복음 13:33, 베드로 전서 5:8, 요한 계시록 16:15, 누가복음 18:1, 로마서 12:12, 에베소서 6:18, 베드로 전서 4:7, 마가복음 14:38, 로마서 7:23
26:42	마태복음 6:10, 요한복음 12:27
26:47	마가복음 14:43-47, 누가복음 22:47-51, 요한복음 18:3
26:50	시편 41:9
26:51	마가복음 14:47, 누가복음 22:50, 요한복음 18:10
26:52	요한복음 18:11, 창세기 9:6
26:53	열왕기하 6:17, 다니엘 7:10, 마태복음 4:11
26:55	누가복음 19:47, 요한복음 18:20, 마가복음 14:48-49, 누가복음 22:52-53
26:56	시편 22:16-18, 이사야 53:1-12, 다니엘 9:26, 스가랴 13:7, 마가복음 14:50, 요한복음 16:32
26:57	요한복음 18:13, 마가복음 14:53-54, 누가복음 22:54-55
26:58	요한복음 18:16
26:59	마가복음 14:55-59
26:60	시편 27:12, 시편 35:11
26:61	마태복음 27:39-40, 요한복음 2:19, 사도행전 6:14
26:62	마가복음 14:60-65
26:63	이사야 53:7, 사도행전 8:32, 누가복음 22:67-71
26:64	다니엘 7:13, 요한복음 1:51, 시편 110:1, 누가복음 22:69, 마가복음 14:62, 요한 계시록 1:7
26:65	마태복음 9:3
26:66	레위기 24:16, 요한복음 19:7
26:67	이사야 50:6, 누가복음 22:63-64, 이사야 53:3, 미가 5:1
26:69	마가복음 14:66-72, 누가복음 22:55-62, 요한복음 18:15-17
26:71	요한복음 18:25-27
26:75	마태복음 26:34, 마가복음 14:30, 요한복음 13:38
27:1	마가복음 15:1, 누가복음 22:66
27:2	시편 2:1-2, 마태복음 20:18-19, 누가복음 3:1, 누가복음 23:1, 요한복음 18:28, 사도행전 3:13
27:3	마태복음 26:14-15, 마가복음 14:10-11
27:5	사도행전 1:16, 사도행전 1:18
27:8	사도행전 1:19
27:9	마태복음 26:15
27:10	스가랴 11:12-13
27:11	마가복음 15:2-5, 누가복음 23:3, 요한복음 18:33, 요한복음 18:37
27:12	이사야 53:7, 마태복음 26:63, 요한복음 19:9
27:15	마가복음 15:6-10, 요한복음 18:39
27:16	누가복음 23:18-19
27:20	누가복음 23:18, 요한복음 18:40, 사도행전 3:14, 마가복음 15:11-14
27:22	누가복음 23:20-21
27:23	누가복음 23:22-23, 사도행전 3:13
27:25	다니엘 9:26, 사도행전 5:27-28, 데살로니가 전서 2:14-15
27:26	누가복음 18:33, 요한복음 19:1, 마가복음 15:15, 누가복음 23:25
27:27	마가복음 15:16-20
27:28	요한복음 19:2-3
27:30	이사야 50:6, 마태복음 26:67
27:31	이사야 53:7, 마태복음 20:18-19
27:32	마가복음 15:21, 누가복음 23:26
27:33	마가복음 15:22-24, 누가복음 23:33, 요한복음 19:17
27:34	시편 69:21
27:35	시편 22:18, 마가복음 15:24, 누가복음 23:34, 요한복음 19:23-24
27:37	마가복음 15:26, 누가복음 23:38, 요한복음 19:19
27:38	이사야 53:12, 마가복음 15:27, 누가복음 23:33, 요한복음 19:18
27:39	시편 22:7, 시편 109:25, 누가복음 18:32, 히브리서 12:3
27:40	마태복음 26:60-61, 요한복음 2:19, 마가복음 15:29-32
27:41	누가복음 23:35
27:42	요한복음 1:49, 요한복음 12:13
27:43	시편 22:8, 마가복음 14:62, 요한복음 5:18, 요한복음 10:36
27:44	누가복음 23:39
27:45	마가복음 15:33, 누가복음 23:44
27:46	시편 22:1, 이사야 53:10, 마가복음 15:34
27:47	마가복음 15:35-36
27:48	시편 69:21, 누가복음 23:36, 요한복음 19:29
27:50	마가복음 15:37, 누가복음 23:46, 요한복음 19:30
27:51	출애굽기 26:31-33, 히브리서 9:3, 마가복음 15:38, 누가복음 23:45, 히브리서 10:19-20
27:54	마가복음 15:39, 누가복음 23:47
27:55	마가복음 15:40-41, 누가복음 8:2-3
27:56	마태복음 4:21, 마태복음 20:20, 요한복음 19:25
27:57	마가복음 15:42-43, 누가복음 23:50-53
27:58	신명기 21:22-23, 마가복음 15:45-47, 요한복음 19:38
27:59	요한복음 19:40-41
27:60	이사야 53:9
27:61	누가복음 23:55
27:62	마가복음 15:42, 누가복음 23:54, 요한복음 19:14
27:63	마태복음 12:40, 요한복음 2:19
27:64	마태복음 28:12-13
28:1	마태복음 27:56, 마태복음 27:61, 마가복음 16:1, 누가복음 24:1, 누가복음 24:10, 요한복음 20:1
28:2	마가복음 16:4-5, 누가복음 24:2, 누가복음 24:4
28:3	사도행전 1:10
28:5	마가복음 16:6
28:6	마태복음 16:21, 마태복음 17:22-23, 고린도 전서 15:3-4
28:7	마태복음 26:32, 마태복음 28:16, 마가복음 14:28, 마가복음 16:7
28:8	마가복음 16:8, 누가복음 24:9
28:11	마태복음 27:65-66
28:13	마태복음 27:64
28:16	마태복음 26:32, 고린도 전서 15:6
28:18	에베소서 1:20-21, 빌립보서 2:9-10
28:19	사도행전 1:8, 로마서 10:18, 로마서 11:13, 요한 계시록 14:6, 사도행전 2:38, 사도행전 8:12
28:20	사도행전 20:20, 고린도 전서 11:23, 베드로 후서 3:1-2, 요한 1서 3:23, 마태복음 13:39, 마태복음 13:49, 마태복음 24:3
