1:2	말라기 3:1, 마태복음 3:1, 마태복음 3:3, 마태복음 11:10, 누가복음 1:17, 누가복음 3:4-6, 누가복음 7:27
1:3	이사야 40:3, 요한복음 1:23
1:4	마태복음 3:1-2, 누가복음 3:2-3, 사도행전 13:24, 사도행전 19:4
1:5	마태복음 3:5-6
1:6	열왕기하 1:8, 레위기 11:21-22, 마태복음 3:4
1:7	누가복음 3:16, 요한복음 1:26-27, 사도행전 13:25
1:8	요엘 2:28, 마태복음 3:11, 사도행전 1:5, 사도행전 2:1, 사도행전 2:4, 사도행전 11:16, 고린도 전서 12:13
1:9	마태복음 3:13, 누가복음 3:21-22
1:10	이사야 42:1, 마태복음 3:16, 요한복음 1:32-34
1:11	시편 2:7, 마태복음 3:17, 마태복음 17:5, 누가복음 3:22, 히브리서 1:5, 히브리서 5:5, 베드로 후서 1:17-18
1:13	마태복음 4:1-10, 누가복음 4:1-13, 마태복음 4:11
1:14	마태복음 14:3-5, 누가복음 3:19-20, 마태복음 4:12, 요한복음 4:3, 누가복음 4:14-15, 누가복음 8:1
1:15	마태복음 4:17
1:16	마태복음 10:2, 요한복음 1:40, 누가복음 5:2-4, 마태복음 4:18
1:17	마태복음 4:19-20
1:18	마태복음 19:27
1:19	마태복음 4:21-22, 누가복음 5:10-11
1:21	누가복음 4:31-37
1:22	마태복음 7:28-29, 누가복음 24:19, 요한복음 7:40
1:24	마태복음 8:28-29, 마가복음 3:11-12, 누가복음 4:41, 야고보서 2:19
1:26	마가복음 9:20, 마가복음 9:26
1:29	마태복음 8:14-15, 누가복음 4:38-39
1:30	고린도 전서 9:5
1:32	마태복음 4:24, 마태복음 8:16, 누가복음 4:40-41
1:34	이사야 53:4, 마태복음 17:18, 누가복음 6:18, 마가복음 3:11-12
1:35	마태복음 14:23, 마가복음 14:32, 누가복음 4:42, 히브리서 5:7
1:38	이사야 61:1, 누가복음 4:43, 요한복음 17:4
1:39	마태복음 4:23
1:40	마태복음 8:1-2, 누가복음 5:12
1:41	시편 72:13, 마태복음 9:36, 마태복음 14:14, 마태복음 15:32, 마가복음 6:34, 누가복음 7:13, 히브리서 5:2, 마태복음 8:3, 누가복음 5:13, 히브리서 2:17
1:44	레위기 14:2-4, 레위기 14:10-11, 신명기 24:8, 누가복음 17:14, 마태복음 8:4, 누가복음 5:14
1:45	누가복음 5:15
2:1	마태복음 4:13, 마태복음 9:1
2:2	이사야 61:1, 에베소서 2:17, 히브리서 2:3
2:3	누가복음 5:18-19
2:5	사도행전 14:9-10, 이사야 53:11, 마태복음 9:2, 누가복음 5:20, 누가복음 7:47-48
2:6	마태복음 9:3-8, 누가복음 5:21-26
2:7	요한복음 10:33, 사도행전 6:11, 이사야 43:25
2:8	마태복음 9:4, 누가복음 6:8, 요한복음 2:24-25, 요한 계시록 2:23
2:10	다니엘 7:13, 이사야 53:11
2:12	마태복음 9:33, 요한복음 7:31, 요한복음 9:32
2:14	마태복음 9:9, 누가복음 5:27-28
2:15	마태복음 9:10-11, 누가복음 5:29-30, 누가복음 15:1-2
2:17	이사야 61:1, 마태복음 9:12-13, 누가복음 5:31-32, 누가복음 15:7, 누가복음 19:10, 디모데 전서 1:15
2:18	마태복음 9:14-15, 누가복음 5:33-35
2:19	마태복음 22:2, 고린도 후서 11:2, 요한 계시록 19:7, 요한복음 3:28-29
2:20	누가복음 17:22
2:21	마태복음 9:16-17, 누가복음 5:36-38
2:23	출애굽기 12:16, 신명기 23:25, 마태복음 12:1-8, 누가복음 6:1-5
2:25	사무엘상 21:1-6
2:26	사무엘상 22:20, 출애굽기 25:30, 레위기 24:5-9
2:27	출애굽기 20:9-10, 에스겔 20:12
2:28	마태복음 12:8, 누가복음 6:5
3:1	마태복음 12:9-14, 누가복음 6:6-11
3:2	요한복음 9:16
3:4	누가복음 14:1-3
3:5	요한복음 12:39-40
3:6	마태복음 22:16, 마가복음 12:13
3:7	마태복음 4:25, 마태복음 12:15, 누가복음 6:17
3:10	마태복음 9:20-21, 마가복음 5:27-28, 마가복음 6:56
3:11	마태복음 8:31, 마가복음 1:23-24, 마가복음 5:2, 마가복음 5:7, 누가복음 4:41
3:12	마태복음 12:15-16, 마가복음 1:25
3:13	요한복음 15:16, 누가복음 6:12-13
3:14	누가복음 9:1-2
3:15	마태복음 10:1, 마가복음 6:7, 마가복음 6:13
3:16	마태복음 10:2-4, 누가복음 6:13-16, 사도행전 1:13, 요한복음 1:42
3:17	마태복음 4:21-22, 마가복음 10:35, 누가복음 5:10, 누가복음 9:54, 요한복음 21:2
3:18	요한복음 1:45-46
3:20	마가복음 6:31
3:21	요한복음 7:5
3:22	마태복음 9:34, 마태복음 10:25, 마태복음 12:24-29, 누가복음 11:15, 요한복음 8:48
3:24	누가복음 11:17-18
3:29	마태복음 12:31-32, 누가복음 12:10, 히브리서 6:4, 히브리서 6:6, 히브리서 10:26
3:30	요한복음 7:20, 요한복음 10:20
3:31	마태복음 13:55, 요한복음 2:12, 사도행전 1:14, 갈라디아서 1:19, 마태복음 12:46-50, 누가복음 8:19-21
3:32	마가복음 6:3
3:33	마태복음 10:37
3:34	마태복음 12:49, 히브리서 2:11
3:35	마태복음 12:50, 누가복음 8:21, 요한복음 15:14
4:1	마태복음 13:1-2, 누가복음 8:4
4:2	마태복음 13:34, 마태복음 13:3-9, 누가복음 8:5-8
4:3	마가복음 4:14
4:4	마가복음 4:15
4:5	마가복음 4:16-17
4:7	마가복음 4:18-19
4:8	마가복음 4:20
4:9	잠언 1:5, 마태복음 11:15, 마태복음 13:9, 마태복음 13:43, 누가복음 8:8, 누가복음 14:35
4:10	마태복음 13:10, 누가복음 8:9
4:11	에베소서 1:9-10, 골로새서 1:26-27, 마태복음 13:11, 누가복음 8:10
4:12	이사야 6:9-10, 마태복음 13:13-14, 요한복음 12:40, 사도행전 28:26
4:14	마태복음 13:18, 누가복음 8:11, 베드로 전서 1:25
4:15	고린도 후서 2:11, 베드로 전서 5:8, 마태복음 13:19, 누가복음 8:12
4:16	마태복음 13:20-21, 누가복음 8:13
4:18	마태복음 13:22, 누가복음 8:14
4:19	마태복음 6:25, 마태복음 24:38-39, 누가복음 21:34, 빌립보서 4:6-7, 베드로 전서 5:6-7, 잠언 23:4-5, 마가복음 10:23, 누가복음 18:24, 디모데 전서 6:9, 디모데 후서 4:10, 요한 1서 2:16
4:20	마태복음 13:23, 누가복음 8:15
4:21	마태복음 5:15, 누가복음 8:16-17, 누가복음 11:33
4:22	마태복음 10:26, 누가복음 12:2, 사도행전 4:19-20
4:23	잠언 1:5, 마태복음 11:15, 요한 계시록 2:7
4:24	누가복음 8:18, 야고보서 1:25
4:25	마태복음 25:23, 마태복음 13:12, 마태복음 25:29, 누가복음 8:18, 누가복음 19:26
4:31	마태복음 13:31-32, 누가복음 13:18-19
4:33	시편 78:2
4:34	마태복음 13:11, 마태복음 13:34-35, 마가복음 4:11
4:35	마태복음 8:18
4:36	마태복음 8:23, 누가복음 8:22
4:37	마태복음 8:24-27, 누가복음 8:23-25
4:39	시편 89:9, 마태복음 14:31-32, 마가복음 6:48, 마가복음 6:51
4:41	요한복음 6:19
5:1	마태복음 8:28, 누가복음 8:26-27
5:6	누가복음 8:28-30
5:7	마태복음 8:29, 야고보서 2:19
5:8	사도행전 16:17-18
5:10	누가복음 8:31
5:11	레위기 11:7-8, 신명기 14:8, 마태복음 8:30-33, 누가복음 8:32-34
5:14	누가복음 8:35-37
5:17	마태복음 8:34
5:18	누가복음 8:38-39
5:21	누가복음 8:40
5:22	마태복음 9:18-19, 누가복음 8:41-42
5:23	누가복음 4:40
5:25	레위기 15:25, 마태복음 9:20-22, 누가복음 8:43-44
5:27	마태복음 14:36, 마가복음 6:56
5:28	마태복음 9:21
5:30	누가복음 5:17, 누가복음 6:19, 누가복음 8:45-48
5:34	누가복음 7:50, 누가복음 8:48, 마태복음 9:22
5:35	누가복음 8:49
5:36	누가복음 8:50, 요한복음 11:39-40
5:37	마태복음 17:1-2, 마태복음 26:36-37
5:38	마태복음 9:23-26, 누가복음 8:51-56
5:39	마태복음 9:24, 누가복음 8:52, 요한복음 11:11
5:41	마태복음 9:25, 누가복음 7:14, 누가복음 8:54, 사도행전 9:40
5:43	마가복음 1:42-44, 마가복음 7:35-36
6:1	누가복음 4:16
6:2	요한복음 6:42, 요한복음 7:15, 마태복음 13:54-58
6:3	이사야 53:2, 요한복음 6:42, 갈라디아서 1:19, 마가복음 3:31
6:4	예레미야 11:21, 마태복음 13:57, 누가복음 4:24, 요한복음 4:44
6:6	마태복음 9:35, 누가복음 13:22
6:7	누가복음 10:1, 마태복음 10:1, 누가복음 9:1-6
6:8	마태복음 10:9-10
6:10	마태복음 10:11
6:11	마태복음 10:14, 누가복음 10:10-11, 사도행전 13:50-51
6:12	마태복음 11:1, 누가복음 9:6, 사도행전 2:38, 사도행전 3:19
6:13	누가복음 10:17
6:14	누가복음 3:1, 마태복음 14:1-5, 누가복음 9:7-9
6:15	마태복음 16:14, 마가복음 8:28
6:17	누가복음 3:19-20
6:18	레위기 18:16, 레위기 20:21
6:20	마태복음 11:11, 마태복음 21:26
6:21	창세기 40:20-22, 마태복음 14:6-12
6:25	마태복음 14:8
6:30	누가복음 9:10
6:31	마태복음 11:29, 마태복음 14:13, 마가복음 3:20
6:32	요한복음 6:1-2
6:34	마태복음 14:14, 히브리서 4:15, 민수기 27:16-17, 열왕기상 22:17, 이사야 53:6, 에스겔 34:5, 에스겔 34:8, 마태복음 9:36, 이사야 61:1, 누가복음 9:11
6:35	마태복음 14:15-21, 누가복음 9:12-17
6:36	요한복음 6:5
6:37	열왕기하 4:42-44, 마태복음 15:33, 요한복음 6:7
6:38	요한복음 6:9
6:39	요한복음 6:10-13
6:41	마가복음 8:6, 누가복음 24:30, 사도행전 27:35
6:43	마태복음 14:20, 누가복음 9:17, 요한복음 6:13
6:45	마태복음 14:22
6:46	마태복음 6:6, 마태복음 14:23, 마가복음 1:35, 누가복음 6:12, 요한복음 6:15
6:47	마태복음 14:24-33, 요한복음 6:16-21
6:49	누가복음 24:37
6:50	마태복음 14:27, 요한복음 6:20
6:51	마태복음 8:26-27
6:53	마태복음 14:34-36
6:56	민수기 15:38-39, 마태복음 9:20, 마가복음 5:25-28, 누가복음 8:43-44, 사도행전 19:11-12
7:1	마태복음 15:1
7:4	마태복음 23:25, 누가복음 11:38-39
7:5	마태복음 15:2
7:6	마태복음 15:7-9
7:7	이사야 29:13
7:8	갈라디아서 1:14, 골로새서 2:8
7:9	마태복음 15:3-6
7:10	출애굽기 20:12, 신명기 5:16, 에베소서 6:2, 출애굽기 21:17, 레위기 20:9, 잠언 20:20
7:12	디모데 전서 5:8
7:13	마태복음 15:6, 마가복음 7:3
7:14	마태복음 15:10
7:15	마태복음 15:11, 디도서 1:15
7:17	마태복음 15:15-20, 누가복음 8:9-10
7:20	마태복음 15:18
7:21	창세기 6:5, 창세기 8:21, 예레미야 17:9
7:23	갈라디아서 5:19-21
7:24	마태복음 15:21
7:25	마태복음 15:22-28
7:27	마태복음 10:5-6, 마태복음 15:26, 로마서 9:4, 에베소서 2:12
7:29	마태복음 15:28
7:30	요한복음 4:49-51
7:31	마태복음 15:29-30
7:32	마태복음 9:32-33, 누가복음 11:14
7:33	마가복음 8:23, 요한복음 9:6
7:35	이사야 35:5, 마태복음 11:5
7:36	이사야 42:2, 마태복음 8:3-4, 마가복음 5:42-43, 마가복음 1:43-45
7:37	사도행전 14:11, 이사야 35:5-6, 마태복음 15:31
8:2	마태복음 14:14, 마가복음 6:34, 히브리서 2:17, 히브리서 5:2, 마태복음 15:32-38
8:5	마가복음 6:38
8:6	마가복음 6:41
8:8	마태복음 15:37
8:10	마태복음 15:39
8:11	마태복음 16:1-3
8:12	마태복음 12:38, 요한복음 6:30, 마태복음 16:4
8:14	마태복음 16:5-12
8:15	마태복음 16:6, 누가복음 12:1
8:19	마가복음 6:38, 마태복음 14:20, 마가복음 6:43, 누가복음 9:17, 요한복음 6:13
8:20	마태복음 15:37
8:22	마가복음 6:56
8:23	마가복음 7:32-33, 요한복음 9:1, 요한복음 9:6
8:27	마태복음 16:13-15, 누가복음 9:18-19
8:28	마태복음 14:1-2, 마가복음 6:14, 마가복음 9:11
8:29	마태복음 16:16, 누가복음 9:20, 요한복음 1:40-41, 요한복음 6:68-69
8:30	마태복음 16:20, 마가복음 9:9, 누가복음 9:21-22
8:31	마태복음 26:2, 마태복음 16:21, 마태복음 17:22-23
8:32	마태복음 16:22
8:33	마태복음 16:23
8:34	마태복음 10:38, 마태복음 16:24, 누가복음 9:23, 누가복음 14:27
8:35	마태복음 10:39, 마태복음 16:25, 누가복음 9:24, 요한복음 12:25, 요한 계시록 12:11
8:36	마태복음 16:26, 누가복음 9:25
8:37	시편 49:8
8:38	마태복음 16:27, 마태복음 25:31, 누가복음 9:26, 데살로니가 후서 1:7, 마태복음 10:33, 누가복음 12:9, 로마서 1:16, 디모데 후서 1:7-8
9:1	마태복음 16:28, 누가복음 9:27
9:2	마태복음 17:1-8, 누가복음 9:28-36, 베드로 후서 1:16-18
9:7	시편 2:7, 이사야 42:1, 마태복음 3:17, 베드로 후서 1:17-18, 신명기 18:15, 마태복음 17:5, 누가복음 9:35, 사도행전 3:22-23, 누가복음 3:22, 요한복음 12:28
9:9	마태복음 12:15-16, 마태복음 17:9, 마가복음 8:29-30, 누가복음 9:36
9:11	말라기 4:5-6, 마가복음 8:27-28, 마태복음 17:10
9:12	마태복음 17:11, 다니엘 9:26, 시편 22:6-7, 이사야 50:6, 이사야 53:3, 누가복음 23:11
9:13	마태복음 11:13-14, 누가복음 1:13, 누가복음 1:17, 마태복음 17:12-13
9:14	누가복음 9:37
9:17	마태복음 17:14-17, 누가복음 9:38-42
9:19	신명기 32:20, 마태복음 17:17, 누가복음 9:41
9:20	마가복음 1:26
9:23	역대기하 20:20, 마태복음 17:20, 마가복음 11:23, 누가복음 17:6, 요한복음 11:40, 사도행전 14:9-10
9:24	누가복음 17:5, 히브리서 12:2
9:25	마태복음 17:18, 마가복음 1:23-25, 누가복음 4:34-35, 사도행전 10:38
9:28	마태복음 17:19, 마태복음 17:20
9:31	마태복음 26:2, 마태복음 16:21, 마태복음 17:22-23, 마가복음 8:31, 누가복음 9:44-45
9:33	마태복음 18:1-5, 누가복음 9:46-48, 누가복음 22:24-26
9:35	마태복음 20:26-28, 마태복음 23:11-12, 마가복음 10:43-45, 누가복음 22:25-26, 빌립보서 2:8-9
9:37	누가복음 18:16, 마태복음 10:40, 누가복음 9:48, 누가복음 10:16, 요한복음 13:20
9:38	민수기 11:26-29, 누가복음 9:49
9:40	누가복음 9:50
9:41	마태복음 25:35-36, 마태복음 25:40, 마태복음 10:42
9:42	마태복음 18:6, 누가복음 17:1-2
9:43	마태복음 5:30, 마태복음 10:28, 마태복음 18:8, 골로새서 3:5
9:45	마태복음 10:28, 마태복음 23:33, 누가복음 12:5
9:47	갈라디아서 5:24, 마태복음 5:29, 마태복음 18:9, 로마서 8:13
9:48	이사야 66:24
9:49	누가복음 17:29
9:50	마태복음 5:13, 누가복음 14:34-35, 골로새서 4:6, 잠언 15:1, 로마서 12:18, 에베소서 4:29, 데살로니가 전서 5:13, 히브리서 12:14
10:1	마태복음 19:1-2
10:2	마태복음 19:3
10:4	신명기 24:1, 마태복음 5:31, 마태복음 19:7
10:5	신명기 9:6, 사도행전 13:18, 마태복음 19:8
10:6	창세기 1:27, 창세기 5:2, 마태복음 19:4
10:7	마태복음 19:5
10:8	창세기 2:24, 에베소서 5:31
10:9	마태복음 19:6
10:11	마태복음 5:32, 마태복음 19:9, 누가복음 16:18
10:12	로마서 7:3, 고린도 전서 7:12-13
10:13	마태복음 19:13, 누가복음 18:15
10:14	마태복음 18:4, 마태복음 19:14, 누가복음 18:16, 베드로 전서 2:2
10:15	마태복음 18:3, 누가복음 18:17
10:16	마가복음 9:36
10:17	마태복음 19:16-22, 누가복음 18:18-23
10:18	시편 86:5, 마태복음 19:17, 누가복음 18:19
10:19	출애굽기 20:13, 신명기 5:17, 마태복음 5:21, 요한 1서 3:15, 출애굽기 20:14, 신명기 5:18, 출애굽기 20:15, 신명기 5:19, 출애굽기 20:16, 신명기 5:20, 레위기 19:13, 출애굽기 20:12, 신명기 5:16, 에베소서 6:2
10:21	마태복음 19:21-22, 누가복음 18:22-23
10:23	욥기 31:24, 욥기 31:28, 예레미야 9:23, 마태복음 19:23, 누가복음 18:24, 디모데 전서 6:17
10:25	마태복음 19:24, 누가복음 18:25
10:26	마태복음 19:25-26, 누가복음 18:26-27
10:27	창세기 18:14, 욥기 42:2, 스가랴 8:6
10:28	마태복음 19:27, 누가복음 18:28
10:29	마태복음 10:37, 마태복음 19:29, 누가복음 18:29-30
10:30	마태복음 5:11, 사도행전 14:22
10:31	마태복음 19:30, 마태복음 20:16, 누가복음 13:30
10:32	마태복음 20:17-19, 마가복음 8:31, 마가복음 9:31, 누가복음 9:22, 누가복음 18:31-33
10:34	이사야 50:6, 사도행전 10:40, 고린도 전서 15:3-4
10:35	마태복음 4:21, 마태복음 10:2, 마태복음 27:55-56, 마가복음 3:17, 요한복음 21:2, 마태복음 20:20-21
10:37	마태복음 19:28
10:38	마태복음 20:22-23, 누가복음 12:50, 요한복음 18:11, 로마서 6:3
10:39	사도행전 12:2, 요한 계시록 1:9
10:41	마태복음 20:24
10:42	마태복음 20:25, 누가복음 22:25, 베드로 전서 5:2-3
10:43	마태복음 20:26-27, 마가복음 9:35, 누가복음 9:48, 누가복음 22:26
10:45	요한복음 13:14, 빌립보서 2:7, 이사야 53:10, 다니엘 9:24, 마태복음 20:28, 갈라디아서 3:13, 디도서 2:13-14
10:46	마태복음 20:29-34, 누가복음 18:35-43
10:47	예레미야 23:5, 로마서 1:3, 마태복음 9:27, 마태복음 15:22
10:51	요한복음 1:38, 요한복음 20:16
10:52	마태복음 9:20, 마태복음 9:22, 누가복음 8:43, 누가복음 8:48, 이사야 35:5, 이사야 42:7, 마가복음 8:25
11:1	요한복음 11:18, 마태복음 21:1-3, 누가복음 19:29-34
11:4	마태복음 21:6
11:7	열왕기상 1:33, 스가랴 9:9, 마태복음 21:7-8, 누가복음 19:35, 요한복음 12:14-15
11:8	열왕기하 9:13, 누가복음 19:36, 요한복음 12:13
11:9	마태복음 21:15, 시편 118:25-26, 마태복음 21:9, 누가복음 19:37-38, 요한복음 12:13
11:10	스가랴 9:9, 누가복음 1:32
11:11	마태복음 21:10
11:12	마태복음 21:18
11:14	마태복음 7:19, 마태복음 21:19, 마태복음 21:43, 마가복음 11:20, 누가복음 13:6-9
11:15	마태복음 21:12, 누가복음 19:45-46, 요한복음 2:14-16
11:17	열왕기상 8:43, 이사야 56:7, 예레미야 7:11, 마태복음 21:13, 누가복음 19:46, 요한복음 2:16
11:18	마가복음 14:1, 누가복음 20:19, 마태복음 21:45-46, 누가복음 19:47-48
11:20	마태복음 21:19-20
11:21	마가복음 11:14
11:23	마태복음 17:20, 마태복음 21:21, 누가복음 17:6
11:24	마태복음 7:7, 마태복음 18:19, 마태복음 21:22, 누가복음 11:9, 요한복음 14:13, 요한복음 15:7, 요한복음 16:24, 에베소서 3:20
11:25	시편 103:10-12, 마태복음 6:12, 마태복음 6:14, 마태복음 18:35, 에베소서 4:32, 골로새서 3:13, 야고보서 2:13
11:28	마태복음 21:23-27, 누가복음 20:1-8
11:30	마가복음 1:4, 마태복음 21:25, 누가복음 20:4
11:32	마태복음 3:1, 마태복음 3:5, 마태복음 14:3, 마태복음 14:5, 마가복음 6:20
12:1	이사야 5:7, 이사야 5:2, 마태복음 21:33-41, 누가복음 20:9-16
12:4	히브리서 11:32, 히브리서 11:37
12:6	시편 2:7, 갈라디아서 4:4, 요한 1서 4:9
12:7	시편 2:8, 히브리서 1:2
12:8	사도행전 2:23
12:9	마태복음 21:41, 마태복음 21:43
12:10	마태복음 21:42, 누가복음 20:17, 사도행전 4:10-11, 에베소서 2:20, 베드로 전서 2:7
12:11	시편 118:22-23
12:12	마태복음 21:45-46, 마가복음 11:18, 누가복음 20:19
12:13	마태복음 22:15-22, 마가복음 3:6, 누가복음 20:20-26
12:16	누가복음 3:1-2
12:17	로마서 13:7, 디도서 3:1, 베드로 전서 2:13, 다니엘 3:17-18, 말라기 3:8, 마태복음 22:21, 누가복음 20:25, 누가복음 23:2, 사도행전 5:29
12:18	사도행전 23:8, 마태복음 22:23-28, 누가복음 20:27-33
12:19	창세기 38:7-8, 신명기 25:5-6, 룻기 1:11, 룻기 1:13
12:24	마태복음 22:29
12:25	마태복음 22:30, 누가복음 20:34-36
12:26	출애굽기 3:2, 출애굽기 3:6, 누가복음 20:37
12:27	마태복음 22:31-32, 누가복음 20:38
12:28	마태복음 22:34-36
12:30	신명기 6:4-5, 신명기 10:12, 여호수아 22:5, 마태복음 22:37, 누가복음 10:27
12:31	레위기 19:18, 마태복음 22:39-40, 로마서 13:9, 갈라디아서 5:14, 야고보서 2:8
12:32	신명기 4:35, 신명기 4:39, 신명기 6:4, 이사야 45:21, 이사야 46:9
12:33	신명기 6:5, 사무엘상 15:22, 호세아 6:6
12:34	마태복음 22:46, 누가복음 20:39-40
12:35	마태복음 22:42-45, 누가복음 20:41-44, 요한복음 7:42
12:36	사무엘하 23:2, 디모데 후서 3:16, 베드로 후서 1:21, 시편 110:1, 사도행전 2:34-35, 고린도 전서 15:25, 히브리서 1:13
12:37	로마서 1:3, 요한 계시록 22:16
12:38	누가복음 20:45-47
12:39	마태복음 23:6-7, 누가복음 11:43
12:41	열왕기하 12:9, 누가복음 21:1
12:42	누가복음 21:2
12:43	누가복음 21:3, 고린도 후서 8:12
12:44	역대기상 29:9, 잠언 3:9, 누가복음 21:4
13:1	마태복음 24:1, 누가복음 21:5
13:2	레위기 26:31, 마태복음 24:2, 누가복음 19:44, 누가복음 21:6
13:4	마태복음 24:3, 누가복음 21:7
13:5	마태복음 24:4-5, 누가복음 21:8
13:7	마태복음 24:6, 누가복음 21:9
13:8	요한 계시록 6:4, 마태복음 24:7, 누가복음 21:10-11, 요한 계시록 6:6, 요한 계시록 6:8, 마태복음 24:8
13:9	사도행전 4:15, 마태복음 10:17, 마태복음 23:34, 요한복음 16:2, 사도행전 5:40, 마태복음 24:9, 누가복음 21:12-13, 디모데 후서 3:12, 요한 계시록 2:10
13:10	마태복음 24:14, 로마서 10:18, 요한 계시록 14:6
13:11	출애굽기 4:12, 마태복음 10:19-20, 누가복음 12:11-12, 누가복음 21:14-15, 요한복음 14:26, 사도행전 4:8, 사도행전 6:9-10
13:12	미가 7:6, 마태복음 10:21, 마태복음 24:10, 누가복음 21:16, 디모데 후서 3:1, 디모데 후서 3:3
13:13	누가복음 21:17, 요한복음 15:21, 디모데 후서 4:7, 히브리서 3:6, 요한 계시록 13:10, 마태복음 10:22, 마태복음 24:13, 누가복음 21:19, 요한 계시록 2:10
13:14	다니엘 9:27, 다니엘 11:31, 다니엘 12:11, 마태복음 24:15-20, 누가복음 21:20-23
13:15	누가복음 17:31
13:17	누가복음 19:44, 누가복음 21:23, 누가복음 23:28-29
13:19	요한 계시록 7:14, 다니엘 12:1, 마태복음 24:21
13:20	마태복음 24:22
13:21	마태복음 24:23-25, 누가복음 17:23, 누가복음 21:8, 요한 1서 4:1
13:22	마태복음 7:15
13:23	마태복음 24:42, 에베소서 6:18, 베드로 후서 3:17
13:24	마태복음 24:29, 누가복음 21:25-26
13:26	다니엘 7:13, 마태복음 24:30, 누가복음 21:27, 요한 계시록 1:7
13:27	신명기 30:4, 마태복음 24:31
13:28	마태복음 24:32, 누가복음 21:29-33
13:29	마태복음 24:33
13:30	마태복음 24:34, 누가복음 21:32
13:31	이사야 51:6, 여호수아 23:14, 이사야 40:8, 마태복음 24:35
13:32	마태복음 24:36, 사도행전 1:7
13:33	로마서 13:11, 데살로니가 전서 5:6, 마태복음 25:13, 누가복음 21:34
13:34	마태복음 25:14, 누가복음 12:35-36
13:35	마태복음 24:42, 누가복음 21:36
13:36	마태복음 25:5
13:37	하박국 2:3
14:1	출애굽기 12:3, 출애굽기 12:6, 레위기 23:5, 레위기 23:6, 요한복음 13:1, 마태복음 26:2-5, 누가복음 22:1-2
14:3	마태복음 26:6-9, 누가복음 7:37, 요한복음 12:2-6
14:5	마태복음 20:2
14:6	마태복음 26:10, 요한복음 12:7
14:7	신명기 15:11, 마태복음 26:11, 요한복음 12:8
14:8	마태복음 26:12, 누가복음 23:55-56, 요한복음 12:7
14:9	마태복음 24:14, 마태복음 26:13
14:10	마태복음 26:14-16, 누가복음 22:3-6
14:11	스가랴 11:12
14:12	출애굽기 12:15, 출애굽기 12:18, 출애굽기 23:15, 누가복음 22:1, 민수기 9:2, 마태복음 26:17-19, 누가복음 22:7-9
14:13	누가복음 22:10-13
14:17	마태복음 26:20, 누가복음 22:14
14:18	시편 41:9, 마태복음 26:21-22, 누가복음 22:21, 누가복음 22:23, 요한복음 13:21-22
14:20	마태복음 26:23, 요한복음 13:26
14:21	누가복음 22:22, 마태복음 26:24
14:22	마태복음 26:26, 누가복음 22:19, 고린도 전서 11:23-24
14:23	마태복음 26:27, 고린도 전서 10:16, 고린도 전서 11:25
14:24	이사야 53:12, 마태복음 26:28, 누가복음 22:20, 예레미야 31:31, 히브리서 7:22, 히브리서 9:15, 출애굽기 24:8, 레위기 17:11, 히브리서 9:22
14:25	마태복음 26:29, 누가복음 22:18
14:26	마태복음 26:30, 누가복음 22:39, 요한복음 18:1
14:27	이사야 53:5, 다니엘 9:26, 스가랴 13:7, 마태복음 26:31-33, 마태복음 26:56, 마가복음 14:50, 요한복음 16:32
14:28	마가복음 16:7
14:29	누가복음 22:31-33, 요한복음 13:37
14:30	마태복음 26:34, 마가복음 14:72, 누가복음 22:34, 요한복음 13:38
14:31	마태복음 26:35
14:32	마태복음 26:36-37, 누가복음 22:39-41, 요한복음 18:1
14:33	마가복음 9:2
14:34	요한복음 12:27, 마태복음 26:38
14:36	로마서 8:15, 갈라디아서 4:6, 마태복음 26:39, 누가복음 22:42, 요한복음 6:38, 히브리서 5:7
14:37	마태복음 26:40, 누가복음 22:45
14:38	마태복음 6:13, 누가복음 11:4, 누가복음 22:46, 마태복음 26:41, 로마서 7:23
14:39	마태복음 26:42-46
14:41	요한복음 13:1
14:42	요한복음 18:2
14:43	마태복음 26:47-51, 누가복음 22:47-51, 요한복음 18:3
14:47	마태복음 26:51, 누가복음 22:50, 요한복음 18:10
14:48	마태복음 26:55-56, 누가복음 22:52-53
14:49	누가복음 19:47, 요한복음 18:20, 시편 22:6, 이사야 53:7, 다니엘 9:26, 누가복음 22:37
14:50	스가랴 13:7, 마태복음 26:31, 요한복음 16:32
14:53	요한복음 18:13, 마태복음 26:57, 누가복음 22:54-55
14:54	마태복음 26:58, 요한복음 18:15-16
14:55	마태복음 26:59-60
14:56	시편 27:12, 시편 35:11
14:58	마태복음 26:61, 마가복음 15:29, 요한복음 2:19
14:60	마태복음 26:62-63
14:61	이사야 53:7, 베드로 전서 2:23
14:62	다니엘 7:13, 시편 110:1, 에베소서 1:20, 골로새서 3:1, 마태복음 24:30, 마태복음 26:64, 누가복음 21:27, 요한 계시록 1:7
14:63	마태복음 26:65-66
14:64	레위기 24:16, 요한복음 19:7
14:65	이사야 50:6, 이사야 53:3, 마태복음 26:67-68, 누가복음 22:63-65
14:66	마태복음 26:69-75, 누가복음 22:55-62, 요한복음 18:17-18
14:69	요한복음 18:25-26
14:72	요한복음 18:27, 마태복음 26:34, 마가복음 14:30, 누가복음 22:34, 요한복음 13:38
15:1	누가복음 22:66, 시편 2:2, 마태복음 27:1-2, 누가복음 23:1, 요한복음 18:28, 사도행전 3:13, 사도행전 4:26
15:2	요한복음 18:33, 요한복음 18:37, 마태복음 27:11-14, 누가복음 23:3
15:3	누가복음 23:2, 누가복음 23:10, 요한복음 18:29
15:4	마태복음 26:62, 요한복음 19:9-10
15:5	이사야 53:7
15:6	마태복음 27:15-18, 요한복음 18:39
15:9	누가복음 23:16
15:10	마태복음 21:38
15:11	마태복음 27:20-23, 누가복음 23:18-19, 요한복음 18:40, 사도행전 3:14
15:12	누가복음 23:20-25
15:13	요한복음 19:6
15:14	요한복음 19:15, 사도행전 3:13, 사도행전 13:28
15:15	요한복음 19:1, 마태복음 27:24, 마태복음 27:26
15:16	마태복음 27:27-31
15:17	누가복음 23:11, 요한복음 19:2-3
15:20	요한복음 19:16
15:21	마태복음 27:32, 누가복음 23:26
15:22	마태복음 27:33-37, 누가복음 23:33, 요한복음 19:17, 히브리서 13:12
15:23	시편 69:21
15:24	시편 22:18, 요한복음 19:23-24
15:26	마태복음 27:29, 마태복음 27:37, 누가복음 23:38, 요한복음 19:19
15:27	마태복음 27:38
15:29	시편 22:7, 시편 109:25, 이사야 53:3, 마태복음 27:39-43, 마가복음 14:58, 요한복음 2:19
15:31	누가복음 23:35
15:32	마태복음 16:4, 마태복음 27:44, 베드로 전서 2:23
15:33	마태복음 27:45, 누가복음 23:44
15:34	시편 22:1, 마태복음 27:46-49
15:36	시편 69:21, 요한복음 19:29
15:37	시편 31:5, 마태복음 27:50, 누가복음 23:46, 요한복음 19:30
15:38	출애굽기 26:31-33, 히브리서 6:19, 마태복음 27:51, 누가복음 23:45, 히브리서 10:19-20
15:39	마태복음 27:54, 누가복음 23:47
15:40	마태복음 27:55-56, 누가복음 23:49, 요한복음 19:25
15:41	누가복음 8:2-3
15:43	신명기 21:22-23, 마태복음 27:57-58, 누가복음 23:50-52, 요한복음 19:38
15:46	이사야 53:9, 마태복음 27:59-60, 누가복음 23:53, 요한복음 19:40-41
15:47	마태복음 27:61, 누가복음 23:55
16:1	출애굽기 20:8-9, 마태복음 28:1, 누가복음 23:55-56
16:2	누가복음 24:1, 요한복음 20:1
16:3	마가복음 15:46
16:4	마태복음 28:2-3, 누가복음 24:2-3
16:6	누가복음 24:4, 마가복음 8:31, 누가복음 18:33, 사도행전 4:10, 마태복음 28:5-6
16:7	마태복음 26:32, 마가복음 14:28, 마태복음 28:7
16:8	마태복음 28:8, 누가복음 24:9
