1:1	사도행전 9:11, 사도행전 9:15, 사도행전 13:2, 갈라디아서 1:15-16, 디모데 전서 1:12
1:2	누가복음 1:69-70
1:3	갈라디아서 4:4, 사무엘하 7:8, 사무엘하 7:12, 누가복음 1:32, 디모데 후서 2:8
1:4	사도행전 13:33, 고린도 후서 13:4, 시편 2:7, 히브리서 1:5
1:5	디모데 전서 2:7, 사도행전 15:14, 갈라디아서 2:7, 에베소서 3:8
1:7	데살로니가 전서 2:12
1:9	데살로니가 전서 3:10, 디모데 후서 1:3
1:12	사도행전 28:15, 데살로니가 전서 5:11, 히브리서 10:25
1:14	사도행전 20:26-27
1:15	사도행전 19:21
1:16	시편 119:46, 마가복음 8:38, 디모데 후서 1:8, 사도행전 3:25-26, 사도행전 18:5-6, 고린도 전서 1:18, 히브리서 11:6
1:17	요한복음 3:36, 로마서 3:21-22, 하박국 2:4, 갈라디아서 3:11, 히브리서 10:38
1:18	로마서 1:25, 로마서 2:5, 에베소서 5:6
1:19	시편 19:1, 사도행전 14:17
1:20	예레미야 10:12, 시편 103:19, 예레미야 10:10, 요한 계시록 15:3, 이사야 40:26, 요한 계시록 4:11, 사도행전 17:27
1:21	창세기 6:5, 예레미야 10:14
1:23	신명기 4:15-18, 시편 106:20, 예레미야 2:11, 사도행전 17:29
1:26	갈라디아서 5:19, 데살로니가 전서 4:4-5, 유다서 1:7
1:27	창세기 19:5, 레위기 18:22, 레위기 20:13, 고린도 전서 6:9-10, 갈라디아서 6:7
1:28	갈라디아서 5:19-21
1:29	베드로 전서 4:3, 신명기 5:21, 디도서 3:3, 요한 1서 3:15, 베드로 전서 2:1, 에베소서 4:31
1:30	베드로 전서 2:1, 신명기 21:18, 신명기 21:21
1:31	로마서 1:21
1:32	요한 계시록 21:8
2:1	로마서 2:9, 마태복음 7:5
2:4	베드로 후서 3:9, 로마서 11:22, 에베소서 1:7, 로마서 3:25, 이사야 30:18
2:5	데살로니가 후서 1:7-8, 요한 계시록 6:16-17, 요한 계시록 11:18
2:6	욥기 34:11, 시편 62:12, 잠언 24:12, 마태복음 16:27
2:7	고린도 전서 15:53, 요한 계시록 20:6
2:8	로마서 1:18, 골로새서 3:6, 히브리서 10:26-27
2:10	요한복음 4:22, 사도행전 13:45-46, 사도행전 15:14
2:11	신명기 10:17, 역대기하 19:7, 사도행전 10:34-35
2:12	에베소서 2:12, 로마서 3:19
2:13	신명기 30:14, 에스겔 20:11, 야고보서 1:22
2:14	시편 147:19-20
2:16	요한복음 5:22, 사도행전 10:42, 베드로 전서 4:5
2:17	로마서 9:6
2:18	신명기 4:8
2:21	마태복음 23:2-3, 출애굽기 20:15
2:22	신명기 5:18
2:24	이사야 52:5, 에스겔 36:20
2:25	창세기 17:10, 고린도 전서 7:19, 갈라디아서 5:3
2:26	에베소서 2:11, 로마서 4:9-10
2:28	요한복음 8:39, 요한 계시록 2:9, 고린도 전서 7:19
2:29	로마서 9:6, 예레미야 4:4, 사도행전 7:51, 빌립보서 3:3, 로마서 7:6, 요한복음 5:44, 고린도 전서 4:5
3:2	신명기 4:8, 시편 147:19-20, 사도행전 7:38, 로마서 9:4
3:4	민수기 23:19, 시편 116:11, 이사야 55:10-11, 요한복음 8:26, 디모데 후서 2:13, 시편 51:4
3:5	창세기 18:25
3:6	시편 9:8, 시편 96:13, 시편 98:9, 사도행전 17:31
3:8	히브리서 2:2-3
3:9	로마서 3:23, 로마서 5:12, 갈라디아서 3:22
3:10	잠언 20:9, 전도서 7:20
3:12	시편 14:1-3, 시편 53:1-3
3:13	시편 5:9, 시편 140:3
3:14	시편 10:7, 야고보서 3:8-9
3:15	잠언 1:16
3:17	이사야 59:7-8
3:18	시편 36:1
3:19	로마서 2:12, 로마서 5:13, 갈라디아서 3:10
3:20	시편 143:2, 갈라디아서 2:16, 갈라디아서 3:11, 로마서 7:9, 로마서 7:13, 갈라디아서 3:19
3:21	이사야 53:11, 예레미야 31:34, 다니엘 9:24, 로마서 1:16-17
3:22	로마서 10:4, 갈라디아서 3:28
3:23	시편 51:5, 전도서 7:20, 로마서 5:12
3:24	마태복음 20:28, 로마서 6:23, 디모데 전서 2:5-6, 베드로 전서 2:24, 에베소서 2:8, 로마서 5:17
3:25	레위기 17:11, 사도행전 13:39, 에베소서 1:7, 이사야 53:11, 고린도 후서 5:19, 요한 1서 2:1-2, 요한 1서 4:10
3:26	시편 89:14, 로마서 5:18, 고린도 전서 1:30, 요한 1서 1:9
3:27	사도행전 13:38-39, 에베소서 2:8-9
3:28	로마서 4:4-5, 갈라디아서 2:15-16, 야고보서 2:24
3:29	사도행전 17:26-27, 사도행전 10:4, 이사야 54:5, 로마서 10:12, 갈라디아서 3:14
3:30	신명기 6:4, 고린도 전서 8:6, 에베소서 4:6, 고린도 전서 7:18, 갈라디아서 3:8
3:31	마태복음 5:17, 로마서 8:3-4, 로마서 13:10
4:3	창세기 15:6, 갈라디아서 3:6, 야고보서 2:23
4:5	갈라디아서 2:15-16
4:8	시편 32:1-2
4:9	로마서 3:30, 로마서 4:3
4:11	창세기 17:1-2, 창세기 17:11, 로마서 4:16, 갈라디아서 3:7
4:12	갈라디아서 3:29
4:13	창세기 12:1-3, 창세기 17:5-6, 창세기 22:17-18, 히브리서 11:8
4:15	로마서 3:20, 로마서 5:20, 고린도 후서 3:7, 로마서 5:13
4:16	로마서 3:24, 로마서 9:8, 갈라디아서 3:29, 로마서 4:11
4:17	창세기 17:5, 마태복음 22:31-32, 누가복음 20:37
4:18	창세기 15:5, 히브리서 11:17-18
4:19	창세기 17:17, 창세기 18:11, 히브리서 11:11-12
4:21	히브리서 11:19
4:22	창세기 15:6, 야고보서 2:23
4:23	로마서 15:4
4:24	사도행전 2:24, 사도행전 13:30, 베드로 전서 1:21
4:25	마태복음 20:28, 이사야 53:11-12, 고린도 후서 5:21
5:1	사도행전 13:38-39, 이사야 32:17, 에베소서 2:14
5:2	고린도 후서 5:18, 에베소서 3:11-12, 히브리서 10:19, 로마서 15:13
5:3	누가복음 6:22-23, 빌립보서 2:17, 야고보서 1:2-3, 야고보서 5:10-11, 베드로 전서 3:14, 베드로 전서 4:12-13, 사도행전 5:41-42, 로마서 12:12
5:4	야고보서 1:12, 고린도 후서 4:17, 빌립보서 1:18-20
5:5	여호수아 21:45, 고린도 후서 1:22, 갈라디아서 4:6, 에베소서 1:13-14
5:6	에베소서 2:1, 에베소서 2:5
5:8	이사야 53:12, 요한복음 3:16, 에베소서 2:4-5, 베드로 전서 3:18, 요한 1서 4:10
5:9	사도행전 13:38-39, 히브리서 9:14, 데살로니가 전서 1:10
5:10	고린도 후서 5:18, 골로새서 1:21-22
5:11	고린도 후서 5:19
5:12	창세기 2:17, 창세기 3:6, 창세기 3:19, 고린도 전서 15:21, 시편 51:5, 전도서 7:20, 로마서 3:23, 요한 1서 1:8, 요한 1서 1:10
5:13	로마서 4:15
5:14	고린도 전서 15:22, 고린도 전서 15:45, 고린도 전서 15:47
5:15	히브리서 2:9, 이사야 53:11, 마태복음 20:28
5:16	창세기 2:17, 창세기 3:6, 창세기 3:17-19, 로마서 4:25, 로마서 6:23
5:17	로마서 5:12, 로마서 5:14, 로마서 3:24, 베드로 전서 3:18, 요한 계시록 1:5-6, 요한 계시록 5:9-10, 요한 계시록 20:4
5:18	고린도 전서 15:21, 로마서 1:16, 디모데 전서 2:3-4, 요한복음 10:10
5:19	로마서 5:12, 이사야 53:11, 히브리서 2:10, 히브리서 5:8-9
5:20	로마서 3:20, 갈라디아서 3:19
5:21	고린도 전서 15:56, 요한복음 3:16, 요한 1서 4:9
6:2	베드로 전서 2:24, 히브리서 10:26-27
6:3	고린도 전서 12:13, 갈라디아서 3:27, 마가복음 10:38-39, 누가복음 12:50, 고린도 전서 15:29
6:4	골로새서 2:12, 골로새서 3:10, 요한 1서 3:14
6:5	고린도 후서 4:10, 빌립보서 3:10, 고린도 전서 15:42, 고린도 전서 15:49
6:6	갈라디아서 5:24, 골로새서 2:11, 골로새서 3:5, 고린도 후서 7:1
6:9	사도행전 13:34, 디모데 전서 6:16, 요한 계시록 1:17-18
6:10	히브리서 9:28, 베드로 전서 3:18
6:11	베드로 전서 2:24
6:12	창세기 4:7, 로마서 5:14, 로마서 7:23
6:13	로마서 12:1
6:14	로마서 7:6, 갈라디아서 5:18, 골로새서 2:13-14, 요한복음 1:17
6:15	로마서 5:21
6:16	베드로 후서 2:19, 로마서 6:23, 요한복음 8:34
6:18	요한복음 8:31-32, 베드로 전서 2:24
6:19	로마서 12:1
6:21	로마서 8:6, 갈라디아서 5:19-21
6:22	갈라디아서 5:22-23, 고린도 전서 9:25
6:23	창세기 2:17, 로마서 3:24, 디모데 전서 1:16, 요한 1서 2:1-2, 유다서 1:21, 마태복음 25:46, 베드로 전서 1:3-4
7:2	고린도 전서 7:39
7:3	마태복음 5:32, 마태복음 19:9, 마가복음 10:11-12, 누가복음 16:18, 고린도 전서 7:8-9, 디모데 전서 5:14
7:4	사도행전 5:30, 고린도 후서 5:15, 고린도 후서 11:2, 갈라디아서 5:22-23, 골로새서 1:10
7:5	야고보서 1:14-15
7:6	로마서 10:4, 에베소서 2:15, 골로새서 2:13-14, 갈라디아서 3:10, 로마서 6:18, 로마서 12:11
7:7	로마서 3:20, 갈라디아서 3:19, 출애굽기 20:17, 신명기 5:21
7:8	로마서 4:15, 로마서 5:20
7:9	고린도 후서 3:6
7:10	레위기 18:5, 누가복음 10:26-28
7:12	신명기 4:8, 시편 19:8
7:13	고린도 전서 15:56, 로마서 5:13
7:14	시편 51:5, 요한복음 8:34, 로마서 6:16
7:17	창세기 8:21
7:18	마태복음 26:41
7:21	예레미야 17:9
7:22	고린도 후서 4:16, 에베소서 3:16, 에베소서 4:23-24
7:23	고린도 전서 9:27, 갈라디아서 5:17, 야고보서 4:1, 요한복음 8:34
7:25	로마서 6:13, 갈라디아서 5:17
8:1	골로새서 1:21-22
8:2	요한복음 8:31-32, 야고보서 1:25
8:3	히브리서 7:18, 로마서 3:20, 히브리서 7:11, 요한복음 1:14, 빌립보서 2:7, 요한 1서 4:9
8:4	갈라디아서 5:16, 갈라디아서 5:18, 로마서 3:31
8:5	갈라디아서 5:19-21, 갈라디아서 5:22-23
8:6	로마서 6:21, 로마서 7:5, 갈라디아서 6:7-8
8:7	이사야 59:2, 골로새서 1:21
8:9	갈라디아서 5:25
8:10	요한복음 15:4
8:11	사도행전 2:24, 에베소서 2:1, 에베소서 2:5
8:12	갈라디아서 5:19-21
8:13	고린도 전서 9:27, 갈라디아서 5:24, 에베소서 4:22, 골로새서 3:5, 갈라디아서 6:7-8
8:14	요한복음 1:12, 요한복음 3:5
8:15	갈라디아서 4:4-6
8:16	요한복음 14:16-17, 고린도 전서 2:10, 고린도 전서 2:12, 고린도 후서 1:22, 요한복음 1:12, 갈라디아서 3:26, 요한 1서 3:2
8:17	누가복음 12:32, 갈라디아서 3:29, 고린도 전서 15:53, 디모데 후서 2:11-12, 요한 계시록 3:21, 요한 계시록 21:7, 빌립보서 1:29, 골로새서 1:24
8:18	고린도 후서 4:17, 베드로 전서 4:13
8:19	요한 1서 3:2
8:20	창세기 3:17-19, 창세기 3:15
8:21	요한복음 8:31-32, 고린도 전서 15:22
8:23	고린도 후서 5:5, 고린도 후서 5:1-2, 빌립보서 1:23, 디모데 후서 4:6-8, 갈라디아서 4:4-5, 에베소서 1:5, 요한 계시록 21:7
8:25	고린도 후서 5:7, 베드로 전서 1:3-4, 로마서 5:3-5
8:26	요한복음 14:16, 요한복음 14:26, 요한복음 16:7
8:27	열왕기상 8:39, 예레미야 11:20
8:28	에베소서 1:9-11, 디모데 후서 1:9
8:29	요한복음 13:15, 로마서 6:5, 고린도 전서 15:49, 요한 1서 3:2, 히브리서 2:11, 히브리서 1:6
8:30	에베소서 1:5, 빌립보서 3:14, 데살로니가 전서 2:12, 히브리서 3:1, 로마서 5:18, 디도서 3:7, 고린도 후서 4:6
8:31	시편 118:6, 요한 1서 4:4
8:32	요한복음 3:16, 로마서 3:25, 요한 1서 4:9
8:33	이사야 50:8, 사도행전 13:38-39, 히브리서 10:16-17
8:34	시편 110:1, 히브리서 7:25, 요한 1서 2:1
8:35	요한복음 15:10, 고린도 후서 4:8-9
8:36	시편 44:22
8:37	요한복음 16:33
8:38	에베소서 6:12
9:4	출애굽기 4:22, 사도행전 3:25, 사도행전 7:8, 출애굽기 24:12, 사도행전 26:7, 히브리서 9:1, 로마서 4:13
9:5	신명기 10:15, 마태복음 1:17
9:6	로마서 2:28, 요한 계시록 2:9
9:7	요한복음 8:39, 갈라디아서 3:29, 창세기 21:12, 히브리서 11:18
9:8	요한복음 1:12-13, 갈라디아서 4:28
9:9	창세기 18:10, 창세기 18:14
9:10	창세기 25:21, 창세기 25:24
9:12	창세기 25:23
9:13	말라기 1:2-3, 히브리서 12:16
9:14	신명기 32:4, 욥기 34:10
9:15	출애굽기 33:19
9:16	디도서 3:4-5, 베드로 전서 2:10
9:17	출애굽기 9:16
9:18	출애굽기 7:3, 출애굽기 9:12, 출애굽기 10:1, 출애굽기 14:4, 출애굽기 14:17
9:20	욥기 40:2, 이사야 29:16, 이사야 45:9
9:21	이사야 64:8, 예레미야 18:6
9:23	에베소서 2:4-7, 데살로니가 전서 5:9
9:24	로마서 11:13, 에베소서 3:6
9:25	에베소서 2:12, 호세아 2:23, 마태복음 21:43, 베드로 전서 2:10
9:26	호세아 1:10, 갈라디아서 3:26
9:27	호세아 1:10, 로마서 11:4-5
9:28	이사야 10:22-23
9:29	이사야 1:9
9:30	로마서 4:11, 빌립보서 3:9, 로마서 10:20
9:32	이사야 8:14, 누가복음 20:17-18, 고린도 전서 1:23, 베드로 전서 2:7-8
9:33	시편 118:22, 마태복음 21:42, 이사야 28:16, 로마서 10:11, 베드로 전서 2:6
10:1	로마서 9:3-4
10:2	사도행전 21:20, 갈라디아서 1:14
10:3	로마서 1:16-17, 누가복음 16:15, 빌립보서 3:9, 마태복음 15:3-6, 누가복음 7:29-30
10:4	마태복음 5:17, 로마서 7:6, 에베소서 2:15, 골로새서 2:13-14, 사도행전 13:38-39, 갈라디아서 3:24
10:5	레위기 18:5, 갈라디아서 3:12
10:6	신명기 9:4, 신명기 30:12
10:7	신명기 30:13
10:8	신명기 30:14
10:9	마태복음 10:32, 누가복음 12:8, 사도행전 16:31
10:10	고린도 전서 9:16, 고린도 후서 4:13, 히브리서 13:15
10:11	이사야 28:16, 로마서 9:33
10:12	사도행전 10:34, 사도행전 15:7-9, 갈라디아서 3:28, 골로새서 3:11
10:13	요엘 2:32, 스바냐 3:9, 사도행전 2:21
10:15	마태복음 28:19-20, 이사야 52:7, 에베소서 6:14-15
10:16	이사야 53:1, 요한복음 12:37-38
10:17	요한복음 4:42, 요한복음 17:20, 요한 1서 1:3
10:18	시편 19:4, 사도행전 1:8
10:19	마태복음 10:5-6, 사도행전 2:14, 신명기 32:21
10:20	로마서 9:30, 이사야 65:1
10:21	이사야 65:2
11:1	사무엘상 12:22, 시편 94:14, 예레미야 31:37, 사도행전 22:3
11:2	출애굽기 19:5, 시편 94:14
11:3	열왕기상 19:2, 열왕기상 19:10, 열왕기상 19:14
11:4	열왕기상 19:18
11:5	로마서 9:27
11:6	에베소서 1:7, 에베소서 2:8, 갈라디아서 2:15-16
11:7	요한복음 1:11-12, 고린도 후서 3:14-15
11:8	이사야 29:10, 신명기 29:4, 예레미야 5:21
11:10	시편 69:22-23
11:11	신명기 32:21, 로마서 10:19
11:12	로마서 9:23-24
11:13	사도행전 9:15, 갈라디아서 1:15-16, 에베소서 3:8, 사도행전 28:30-31, 골로새서 1:23, 디모데 후서 4:5
11:15	마태복음 21:43
11:18	고린도 전서 10:12
11:19	사도행전 15:14
11:20	마태복음 21:43, 에베소서 2:8
11:22	로마서 2:4, 마태복음 23:38
11:23	사도행전 2:38
11:25	에베소서 3:5-6, 로마서 11:7
11:26	로마서 2:29, 로마서 9:6, 갈라디아서 3:29, 시편 14:7
11:27	이사야 27:9, 이사야 59:20-21
11:28	신명기 10:15
11:30	에베소서 2:1-2, 사도행전 7:51, 사도행전 15:7-9
11:32	로마서 3:9, 디모데 전서 2:3-4
11:33	욥기 26:14, 시편 92:5, 전도서 3:11, 이사야 55:9
11:34	욥기 36:22-23, 이사야 40:13, 다니엘 4:35, 고린도 전서 2:16
11:35	욥기 41:11
12:1	로마서 6:13, 고린도 후서 7:1, 베드로 전서 1:15, 레위기 22:19-20, 신명기 15:21, 디모데 후서 1:7
12:2	에베소서 2:1-2, 에베소서 4:23-24, 디모데 전서 4:15
12:3	잠언 16:18, 갈라디아서 6:3, 베드로 전서 5:5, 에베소서 2:8, 디도서 2:6, 베드로 전서 4:7
12:4	고린도 전서 12:12, 에베소서 4:16
12:5	고린도 전서 12:25
12:6	에베소서 3:7
12:7	디모데 전서 5:17, 베드로 전서 4:10-11
12:8	디모데 후서 4:2, 신명기 15:11, 고린도 후서 8:2, 데살로니가 전서 5:12, 베드로 전서 5:2, 에베소서 4:32
12:9	고린도 전서 13:4, 고린도 전서 13:6, 디모데 전서 1:5, 야고보서 3:17, 베드로 전서 1:22, 시편 97:10, 잠언 8:13, 로마서 12:21, 갈라디아서 6:10
12:10	데살로니가 전서 4:9, 빌립보서 2:3
12:11	잠언 13:4, 디모데 후서 2:15, 사도행전 18:24-25, 데살로니가 전서 5:19, 디모데 후서 1:6, 로마서 6:22
12:12	누가복음 21:19, 사도행전 14:22, 로마서 5:3, 로마서 12:5, 누가복음 11:9, 사도행전 12:5, 빌립보서 4:6, 데살로니가 전서 5:17
12:13	잠언 3:27, 요한 1서 3:17, 베드로 전서 4:9, 요한 3서 1:8
12:14	마태복음 5:44, 누가복음 6:27-28, 고린도 전서 4:12, 야고보서 3:9-10, 베드로 전서 2:23
12:16	누가복음 14:10, 누가복음 22:24-26, 요한복음 13:14, 빌립보서 2:3, 욥기 37:24, 잠언 3:7
12:17	데살로니가 전서 5:15, 베드로 전서 2:23, 베드로 전서 3:9
12:18	디모데 후서 2:24, 히브리서 12:14, 야고보서 3:18
12:19	레위기 19:18, 마태복음 5:39, 신명기 32:35, 히브리서 10:30
12:20	잠언 25:21-22
12:21	출애굽기 23:4, 마태복음 5:44, 누가복음 6:27
13:1	디도서 3:1, 베드로 전서 2:13-14, 요한복음 19:10-11, 사도행전 17:26
13:3	베드로 전서 2:13-14, 베드로 전서 3:13
13:5	골로새서 3:22, 베드로 전서 2:19, 베드로 전서 3:16
13:7	마태복음 22:21, 마가복음 12:17, 누가복음 20:25, 잠언 24:21, 베드로 전서 2:13, 베드로 전서 2:17
13:8	골로새서 3:14, 디모데 전서 1:5, 요한 1서 4:11, 갈라디아서 5:14, 야고보서 2:8
13:9	출애굽기 20:14, 신명기 5:18, 마태복음 5:27-28, 고린도 전서 6:9-10, 창세기 9:6, 출애굽기 20:13, 신명기 5:17, 출애굽기 20:15, 신명기 5:19, 출애굽기 20:17, 신명기 5:21, 레위기 19:18, 마태복음 22:39, 누가복음 10:36-37
13:10	누가복음 6:31, 고린도 전서 13:4-5, 디모데 후서 2:24, 마태복음 22:37-40
13:11	누가복음 21:36, 데살로니가 전서 5:6
13:12	에베소서 5:10-11, 고린도 후서 6:4, 고린도 후서 6:7, 에베소서 6:11, 데살로니가 전서 5:8
13:13	베드로 전서 2:12, 에베소서 4:19, 베드로 전서 4:3, 고린도 후서 12:20
13:14	고린도 전서 11:1, 갈라디아서 3:27, 에베소서 4:24, 갈라디아서 5:16
14:1	로마서 15:1, 데살로니가 전서 5:14
14:3	골로새서 2:16
14:4	마태복음 7:1, 야고보서 4:12, 고린도 전서 4:4
14:5	갈라디아서 4:10, 골로새서 2:16
14:6	디모데 전서 4:4, 고린도 전서 10:31
14:7	고린도 전서 6:19-20
14:8	시편 146:2, 베드로 전서 4:1-2, 데살로니가 전서 4:14
14:9	데살로니가 전서 5:10, 요한 계시록 1:17-18
14:10	누가복음 6:37, 로마서 14:4, 빌립보서 2:3, 사도행전 10:42, 고린도 후서 5:10
14:11	이사야 49:18, 이사야 45:23
14:12	전도서 12:14, 마태복음 12:36, 고린도 후서 5:10, 갈라디아서 6:4-5
14:13	마태복음 7:1, 마태복음 18:6, 고린도 전서 8:9, 고린도 전서 10:32
14:14	마태복음 15:11, 사도행전 10:15, 디모데 전서 4:4
14:15	에베소서 5:2, 고린도 전서 8:10-11
14:17	고린도 전서 8:8
14:19	마태복음 5:9, 로마서 12:18, 고린도 전서 14:12, 히브리서 10:24
14:20	로마서 14:3, 고린도 전서 8:11, 고린도 전서 8:9
14:21	로마서 14:13, 고린도 전서 8:13, 고린도 전서 10:24
15:1	로마서 14:1, 데살로니가 전서 5:14, 고린도 전서 10:24
15:2	고린도 전서 9:22, 빌립보서 2:4
15:3	마가복음 10:45, 요한복음 5:30, 시편 69:9
15:4	고린도 전서 10:11, 디모데 후서 3:16-17, 베드로 후서 1:19, 로마서 5:3-4, 시편 119:49-50, 히브리서 3:6, 베드로 전서 1:10
15:6	고린도 전서 1:10, 고린도 후서 13:11, 빌립보서 2:2, 베드로 전서 3:8
15:7	요한복음 6:37, 빌레몬서 1:10, 빌레몬서 1:17
15:8	마태복음 15:24, 요한복음 1:11, 창세기 22:16-18, 시편 89:3
15:9	로마서 9:23-24, 사무엘하 22:50, 시편 18:49
15:10	신명기 32:43
15:11	시편 117:1
15:12	이사야 11:1, 요한 계시록 5:5, 창세기 49:10, 이사야 11:10, 마태복음 12:21
15:13	이사야 40:31
15:16	로마서 11:13, 갈라디아서 2:7-8, 사도행전 20:24
15:19	사도행전 15:12, 고린도 후서 12:12, 사도행전 21:18-19
15:21	이사야 52:15
15:23	사도행전 19:21, 로마서 1:13
15:25	사도행전 19:21, 사도행전 20:22, 사도행전 24:17
15:26	고린도 전서 16:1, 고린도 후서 8:1-4, 고린도 후서 9:2, 고린도 후서 9:12
15:27	갈라디아서 6:6, 히브리서 13:16
15:29	로마서 1:11
15:30	고린도 후서 1:11, 에베소서 6:18, 골로새서 4:3, 데살로니가 전서 5:25
15:31	데살로니가 후서 3:1-2, 로마서 15:26
15:33	고린도 전서 14:33, 빌립보서 4:9
16:1	사도행전 18:18
16:2	로마서 12:13, 요한 1서 3:17
16:3	사도행전 18:2, 사도행전 18:24, 사도행전 18:26, 디모데 후서 4:19
16:4	요한 1서 3:16
16:5	고린도 전서 16:19, 골로새서 4:15, 빌레몬서 1:2
16:7	로마서 16:11
16:17	마태복음 7:15, 디도서 3:10, 요한 2서 1:10, 유다서 1:19
16:18	유다서 1:16
16:19	로마서 1:8, 고린도 전서 14:20
16:20	창세기 3:15, 히브리서 2:14
16:21	사도행전 16:1-3, 로마서 16:7
16:23	고린도 전서 1:14
16:25	에베소서 1:9-12, 골로새서 1:26-27
16:27	로마서 11:33
