1:1	사도행전 9:15, 사도행전 26:15-16, 사도행전 22:14-15
1:2	사도행전 18:23
1:4	디모데 전서 2:3-4, 요한복음 15:19, 요한 1서 2:1-2
1:6	고린도 후서 11:3-4, 갈라디아서 5:7
1:7	갈라디아서 5:10, 갈라디아서 5:12, 갈라디아서 6:17
1:8	요한 2서 1:9-11
1:11	데살로니가 전서 2:13
1:13	사도행전 23:6, 사도행전 8:3, 사도행전 9:1-2, 사도행전 22:4, 사도행전 26:9-11, 디모데 전서 1:13
1:14	사도행전 22:3, 빌립보서 3:4-6
1:15	고린도 전서 15:10
1:16	사도행전 9:15, 로마서 11:13
1:17	사도행전 9:19
1:18	사도행전 9:26, 요한복음 1:42, 고린도 전서 15:5
1:19	마태복음 13:55, 사도행전 12:17
1:21	사도행전 9:29-30
1:23	갈라디아서 1:13, 사도행전 8:3
2:1	사도행전 9:27, 사도행전 15:1-2
2:3	고린도 후서 2:13, 사도행전 16:3
2:4	사도행전 15:1, 사도행전 15:24, 갈라디아서 4:9, 고린도 후서 3:17, 갈라디아서 5:1
2:5	갈라디아서 2:14
2:6	갈라디아서 2:9
2:7	사도행전 22:21, 로마서 11:13, 디모데 전서 2:7
2:8	사도행전 9:15
2:9	에베소서 3:8, 사도행전 15:13, 사도행전 13:2, 사도행전 15:25
2:10	사도행전 11:29-30, 로마서 15:26, 고린도 전서 16:1
2:11	요한복음 1:42, 사도행전 11:25-26, 사도행전 15:35
2:12	사도행전 12:17, 사도행전 10:26, 사도행전 10:28, 사도행전 11:2-3, 사도행전 21:20-21
2:14	사도행전 10:34-35, 사도행전 15:10, 사도행전 15:28-29
2:16	사도행전 13:39, 로마서 5:17, 고린도 전서 6:11, 빌립보서 3:9, 로마서 1:17, 갈라디아서 3:11, 야고보서 2:23, 로마서 3:20-22
2:18	갈라디아서 3:10
2:19	로마서 7:9
2:20	로마서 6:6, 로마서 7:4, 갈라디아서 5:24, 베드로 전서 4:1-2, 디모데 전서 2:5-6, 고린도 후서 5:15
2:21	요한복음 1:17, 갈라디아서 3:21, 히브리서 7:11
3:1	고린도 전서 1:23, 갈라디아서 5:7
3:2	에베소서 1:13
3:3	갈라디아서 4:9-10
3:5	고린도 전서 12:8-10
3:6	창세기 15:6, 로마서 4:3, 야고보서 2:23
3:7	로마서 4:11-12
3:8	로마서 3:30, 창세기 12:3, 창세기 18:18
3:9	로마서 4:16-17
3:10	신명기 27:26, 사도행전 15:10, 로마서 7:10, 갈라디아서 5:3, 야고보서 2:10
3:11	사도행전 13:39, 갈라디아서 2:15-16, 하박국 2:4, 로마서 1:17, 로마서 10:4, 히브리서 10:38
3:12	레위기 18:5, 신명기 30:16, 로마서 10:5
3:13	베드로 전서 2:24, 고린도 전서 7:23, 마태복음 26:27-28, 히브리서 9:15, 신명기 21:23, 사도행전 5:30
3:14	에베소서 2:15-16, 요엘 2:28
3:16	창세기 12:1-3, 창세기 12:7, 창세기 13:14-15, 창세기 17:7, 창세기 22:17-18, 창세기 24:7, 마태복음 1:17
3:17	출애굽기 12:40-41, 로마서 4:13-14
3:18	창세기 22:17
3:19	요한복음 1:29, 로마서 10:4, 로마서 3:20, 로마서 4:15, 사도행전 7:38, 사도행전 7:53, 히브리서 2:2, 출애굽기 20:19, 신명기 5:5, 요한복음 1:17
3:23	로마서 10:4
3:24	마태복음 5:17, 사도행전 13:39, 로마서 5:1, 로마서 8:33
3:25	골로새서 2:17, 히브리서 8:6
3:26	요한복음 1:12, 로마서 8:14, 갈라디아서 4:4-5
3:27	로마서 13:14, 에베소서 4:24
3:28	로마서 10:12, 고린도 전서 12:13, 골로새서 3:10-11, 사도행전 2:17, 베드로 전서 3:7, 요한복음 17:20-21
3:29	로마서 9:7-8, 창세기 22:18, 로마서 8:17
4:3	골로새서 2:8, 골로새서 2:20-22
4:4	요한복음 1:14, 히브리서 2:14, 마태복음 5:17, 누가복음 2:21-23
4:5	고린도 전서 7:23, 갈라디아서 3:13, 요한복음 1:12, 로마서 8:23, 에베소서 1:5, 요한 1서 3:1
4:6	요한복음 14:26, 로마서 5:5, 로마서 8:15
4:7	로마서 8:17, 갈라디아서 3:29, 에베소서 1:13-14
4:9	로마서 8:3, 히브리서 7:18-19, 골로새서 2:20-22
4:10	골로새서 2:16
4:12	갈라디아서 1:14
4:15	사도행전 23:5, 갈라디아서 6:11
4:19	고린도 전서 4:15, 데살로니가 전서 2:11, 빌레몬서 1:10
4:21	갈라디아서 5:1
4:22	창세기 16:15, 창세기 21:2-3
4:23	창세기 16:1-2, 창세기 17:15-16
4:24	출애굽기 19:20, 출애굽기 24:12
4:25	출애굽기 19:18
4:27	이사야 54:1
4:28	로마서 9:8, 갈라디아서 3:29
4:29	창세기 21:9, 갈라디아서 5:11, 디모데 후서 3:12
4:30	창세기 21:10
5:1	고린도 전서 16:13, 빌립보서 4:1, 사도행전 15:10
5:2	갈라디아서 6:12
5:3	로마서 2:25, 갈라디아서 3:10
5:4	로마서 3:20, 갈라디아서 2:15-16
5:6	고린도 전서 7:19, 갈라디아서 6:15, 골로새서 3:10-11
5:7	고린도 전서 9:24, 갈라디아서 3:3
5:9	고린도 전서 5:6, 고린도 전서 15:33, 디모데 후서 2:16-18, 베드로 후서 2:1-2
5:10	요한복음 17:20-21, 갈라디아서 1:7
5:11	고린도 전서 1:23
5:13	베드로 전서 2:16, 고린도 전서 9:19
5:14	레위기 19:18, 마태복음 7:12, 마태복음 22:39, 로마서 13:8-9, 야고보서 2:8
5:15	야고보서 3:14, 야고보서 4:1-2
5:16	로마서 8:5, 로마서 8:13, 로마서 6:12, 베드로 전서 2:11
5:17	로마서 7:15, 로마서 7:19, 로마서 7:23
5:19	고린도 전서 5:9, 에베소서 5:3, 골로새서 3:5, 요한 계시록 2:20, 마가복음 7:21-22, 에베소서 4:19, 베드로 후서 2:2, 유다서 1:4
5:20	레위기 19:26, 레위기 19:31, 신명기 18:10-11, 고린도 전서 3:3, 고린도 전서 3:3, 야고보서 3:14-15, 베드로 후서 2:1
5:21	신명기 21:20-21, 이사야 5:11, 베드로 전서 4:3, 고린도 전서 6:9-10
5:22	빌립보서 1:11, 골로새서 1:10, 데살로니가 전서 1:6, 로마서 14:17, 에베소서 5:9
5:23	야고보서 3:17
5:24	로마서 6:6
5:25	로마서 8:4
5:26	빌립보서 2:3, 전도서 4:4, 고린도 전서 4:7, 갈라디아서 6:4
6:1	잠언 15:1, 골로새서 3:12, 디모데 전서 6:11, 디도서 3:2, 야고보서 3:2, 고린도 전서 10:12
6:2	데살로니가 전서 5:14, 요한복음 13:34, 요한복음 15:12, 고린도 전서 9:21, 요한 1서 4:21
6:3	로마서 12:3, 요한 계시록 3:17
6:4	고린도 후서 13:5, 갈라디아서 5:26
6:5	로마서 14:4, 고린도 후서 5:10
6:6	마태복음 10:9-10, 누가복음 10:7, 로마서 15:27, 고린도 전서 9:11, 고린도 전서 9:14
6:7	로마서 2:6-8
6:8	잠언 14:14, 잠언 22:8, 로마서 8:6, 로마서 8:13
6:9	데살로니가 후서 3:13, 히브리서 3:14, 히브리서 12:3, 요한 계시록 2:10
6:12	갈라디아서 5:2
6:13	야고보서 2:10
6:14	고린도 전서 2:2
6:15	고린도 전서 7:19, 갈라디아서 5:6, 골로새서 3:10-11, 고린도 후서 5:17, 에베소서 2:10
6:16	로마서 9:6
6:17	고린도 후서 4:10, 빌립보서 3:10
