1:1	베드로 전서 1:3-4
1:2	고린도 전서 4:17, 사도행전 16:1-2, 빌립보서 2:19-20
1:4	디모데 전서 4:7, 디모데 후서 4:3-4, 디도서 1:13-14, 디모데 전서 6:20, 디모데 후서 2:14
1:5	디모데 후서 2:22, 사도행전 23:1, 사도행전 24:16, 디모데 전서 3:9, 베드로 전서 3:16, 로마서 12:9, 갈라디아서 5:6, 로마서 13:8
1:6	디모데 전서 6:20, 디모데 후서 2:16-18
1:7	야고보서 3:1
1:9	갈라디아서 3:19
1:10	디모데 후서 1:13, 디모데 후서 4:3, 디도서 1:7, 디도서 1:9, 디도서 2:1
1:11	갈라디아서 2:7-8
1:12	사도행전 9:15, 고린도 후서 3:5-6
1:13	사도행전 8:3, 사도행전 9:1-2, 갈라디아서 1:13, 빌립보서 3:5-6
1:15	누가복음 5:32, 고린도 후서 5:19, 요한 1서 2:1-2, 사도행전 9:1-2, 고린도 전서 15:9
1:16	요한복음 6:40, 요한복음 20:31
1:17	시편 10:16, 시편 90:2, 다니엘 6:26, 요한 계시록 15:3, 로마서 1:23, 골로새서 1:15, 이사야 43:10, 고린도 전서 8:4
1:18	에베소서 6:12, 디모데 후서 2:3, 디모데 후서 4:7
1:19	디모데 전서 1:5
1:20	디모데 후서 2:16-18, 고린도 전서 5:5, 고린도 전서 5:11
2:2	느헤미야 1:11, 마태복음 5:44, 예레미야 29:7
2:3	유다서 1:25
2:4	이사야 45:22, 사도행전 17:30, 로마서 5:18, 디모데 전서 4:10, 베드로 후서 3:9
2:5	신명기 6:4, 로마서 3:30, 고린도 전서 11:25, 히브리서 8:6, 히브리서 9:15, 사도행전 4:12, 로마서 5:15, 디모데 후서 1:9-10
2:6	마태복음 20:28, 마가복음 10:45, 골로새서 1:13-14, 디도서 2:13-14, 베드로 전서 1:18-19
2:7	사도행전 9:15, 로마서 1:5, 갈라디아서 2:7-8, 갈라디아서 1:15-16
2:8	디도서 1:7, 야고보서 1:20, 빌립보서 2:14, 시편 141:2
2:9	베드로 전서 3:3-4
2:10	잠언 31:30
2:11	고린도 전서 11:3, 에베소서 5:24
2:12	고린도 전서 14:34
2:13	창세기 2:18, 창세기 2:22, 고린도 전서 11:8
2:14	창세기 3:6, 창세기 3:13
2:15	디모데 전서 2:9-10, 디모데 전서 5:14
3:1	사도행전 20:28, 디도서 1:5-9
3:2	출애굽기 18:21, 로마서 12:3, 베드로 전서 4:7, 사도행전 28:7, 베드로 전서 4:9, 예레미야 3:15, 디모데 전서 5:17, 디모데 후서 2:24, 디도서 1:7, 디도서 1:9
3:3	로마서 13:13, 빌립보서 4:5, 야고보서 3:17, 로마서 12:18, 야고보서 3:18, 히브리서 13:5, 베드로 전서 5:2
3:4	에베소서 6:4
3:6	디모데 전서 5:22
3:7	사도행전 22:12, 데살로니가 전서 4:11-12
3:8	빌립보서 1:1, 사도행전 6:3, 디도서 1:7, 베드로 전서 5:2
3:9	디모데 전서 1:5, 디모데 전서 1:18-19, 디모데 후서 1:3, 베드로 전서 3:16
3:10	베드로 전서 2:12
3:11	잠언 11:13, 디모데 전서 5:13, 디도서 2:3-5
3:15	히브리서 3:6
3:16	요한복음 1:14, 빌립보서 2:7, 베드로 전서 3:18, 베드로 전서 3:19-20, 골로새서 1:23, 골로새서 1:6, 요한복음 17:5
4:1	데살로니가 후서 2:1-2, 디모데 후서 4:3-4, 베드로 후서 2:1
4:2	사도행전 20:29-30, 디모데 후서 2:16, 베드로 후서 2:3
4:3	고린도 전서 7:36, 고린도 전서 9:5, 로마서 14:3, 로마서 14:17, 고린도 전서 10:25, 창세기 9:3
4:4	창세기 1:31, 사도행전 10:15
4:6	디모데 후서 2:15
4:7	디모데 전서 6:20, 디도서 1:13-14
4:8	마태복음 6:33, 요한복음 17:3, 디모데 전서 6:6, 디모데 전서 6:19
4:10	누가복음 13:24, 디모데 전서 2:3-4, 유다서 1:25
4:13	골로새서 4:16, 데살로니가 전서 5:27
4:14	사도행전 6:5-6, 사도행전 13:2-3, 사도행전 19:6, 디모데 후서 1:6
4:15	여호수아 1:8
4:16	디모데 후서 4:2, 디도서 2:1, 고린도 전서 9:22
5:1	레위기 19:32
5:3	디모데 전서 5:16
5:4	디모데 전서 5:8, 잠언 23:22, 마태복음 15:4, 에베소서 6:2, 야고보서 1:27
5:5	고린도 전서 7:34, 누가복음 2:36-37
5:8	마태복음 15:4-6
5:10	사도행전 9:39, 디모데 전서 2:15, 히브리서 13:2, 베드로 전서 4:9, 요한복음 13:5, 요한복음 13:14, 디모데 전서 5:16, 야고보서 1:27
5:13	데살로니가 후서 3:11, 베드로 전서 4:15
5:14	고린도 전서 7:8-9, 디모데 전서 2:15
5:16	신명기 15:11, 디모데 전서 5:5, 야고보서 1:27
5:17	베드로 전서 5:2-3, 데살로니가 전서 5:12, 히브리서 13:7, 사도행전 28:10, 히브리서 13:17
5:18	신명기 25:4, 고린도 전서 9:7, 고린도 전서 9:9, 레위기 19:13, 마태복음 10:9-10, 누가복음 10:7, 갈라디아서 6:6
5:19	신명기 19:15, 마태복음 18:16
5:20	고린도 전서 15:34, 요한 1서 3:9, 디도서 1:7, 디도서 1:9, 디도서 1:13, 요한 계시록 3:19
5:21	레위기 19:15, 야고보서 3:17
5:22	사도행전 6:5-6, 사도행전 14:23, 디모데 전서 3:2, 디모데 전서 3:6, 디모데 전서 4:14
5:24	여호수아 7:11, 히브리서 4:13
5:25	마태복음 5:16, 고린도 전서 4:5
6:1	로마서 13:7, 에베소서 6:5, 골로새서 3:22, 디도서 2:9-10, 베드로 전서 2:13-14, 베드로 전서 2:18
6:3	디모데 후서 1:13, 디도서 1:1-2
6:4	고린도 전서 8:2, 디모데 후서 2:14, 디도서 1:10, 디도서 3:9
6:5	고린도 후서 11:3, 디모데 후서 3:8, 유다서 1:10, 베드로 전서 5:2
6:6	빌립보서 4:11-12, 디모데 전서 4:8
6:7	욥기 1:21, 시편 49:16-17, 전도서 5:15, 누가복음 12:20
6:8	잠언 30:8-9, 마태복음 6:11, 히브리서 13:5
6:9	마태복음 13:22, 잠언 10:2, 잠언 28:20, 잠언 28:22, 야고보서 5:1
6:10	욥기 31:24-25, 마태복음 6:24
6:11	잠언 15:1, 마태복음 5:5, 갈라디아서 5:22-23, 골로새서 3:12, 베드로 전서 3:15
6:12	디모데 후서 4:7, 유다서 1:3
6:13	마태복음 27:11, 요한복음 18:33, 요한복음 18:36, 요한복음 19:10-11
6:14	데살로니가 후서 2:8, 디모데 후서 4:1, 디모데 후서 4:8
6:15	요한 계시록 17:14, 요한 계시록 19:16
6:16	히브리서 7:15-16, 사도행전 9:3, 사도행전 22:6, 요한 계시록 1:13, 요한 계시록 1:16, 요한복음 14:19, 베드로 전서 3:18
6:17	마태복음 13:22, 마가복음 10:23, 전도서 5:19, 마태복음 6:33, 야고보서 1:17
6:18	로마서 12:13, 고린도 후서 8:14, 야고보서 1:27
6:19	마태복음 6:20, 누가복음 12:33, 누가복음 16:9
6:20	디모데 후서 1:13-14, 디모데 후서 3:14, 디모데 후서 4:5, 고린도 전서 2:13, 고린도 전서 3:19, 골로새서 2:8
